2026-08-04T15:56:08.147+02:00  INFO 36460 --- [simpleFetchData] [main] it.eng.spring.demo.DemoApplication       : Starting DemoApplication using Java 21.0.11 with PID 36460 (C:\Users\y.cimmino\Desktop\BackEnd\simple-fetch-data\target\classes started by y.cimmino in C:\Users\y.cimmino\Desktop\BackEnd\simple-fetch-data)
2026-08-04T15:56:08.155+02:00  INFO 36460 --- [simpleFetchData] [main] it.eng.spring.demo.DemoApplication       : No active profile set, falling back to 1 default profile: "default"
2026-08-04T15:56:10.106+02:00  INFO 36460 --- [simpleFetchData] [main] o.s.boot.tomcat.TomcatWebServer          : Tomcat initialized with port 8080 (http)
2026-08-04T15:56:10.130+02:00  INFO 36460 --- [simpleFetchData] [main] o.apache.catalina.core.StandardService   : Starting service [Tomcat]
2026-08-04T15:56:10.131+02:00  INFO 36460 --- [simpleFetchData] [main] o.apache.catalina.core.StandardEngine    : Starting Servlet engine: [Apache Tomcat/11.0.22]
2026-08-04T15:56:10.215+02:00  INFO 36460 --- [simpleFetchData] [main] b.w.c.s.WebApplicationContextInitializer : Root WebApplicationContext: initialization completed in 1951 ms
2026-08-04T15:56:10.872+02:00  INFO 36460 --- [simpleFetchData] [main] o.s.boot.tomcat.TomcatWebServer          : Tomcat started on port 8080 (http) with context path '/'
2026-08-04T15:56:10.887+02:00  INFO 36460 --- [simpleFetchData] [main] it.eng.spring.demo.DemoApplication       : Started DemoApplication in 3.559 seconds (process running for 4.244)
2026-08-04T15:56:19.592+02:00  INFO 36460 --- [simpleFetchData] [http-nio-8080-exec-1] o.a.c.c.C.[Tomcat].[localhost].[/]       : Initializing Spring DispatcherServlet 'dispatcherServlet'
2026-08-04T15:56:19.598+02:00  INFO 36460 --- [simpleFetchData] [http-nio-8080-exec-1] o.s.web.servlet.DispatcherServlet        : Initializing Servlet 'dispatcherServlet'
2026-08-04T15:56:19.607+02:00  INFO 36460 --- [simpleFetchData] [http-nio-8080-exec-1] o.s.web.servlet.DispatcherServlet        : Completed initialization in 6 ms
2026-08-04T15:56:19.788+02:00 ERROR 36460 --- [simpleFetchData] [http-nio-8080-exec-1] i.e.s.demo.controller.ClienteController  : ERROR
2026-08-04T15:56:19.789+02:00  WARN 36460 --- [simpleFetchData] [http-nio-8080-exec-1] i.e.s.demo.controller.ClienteController  : WARN
2026-08-04T15:56:19.789+02:00  INFO 36460 --- [simpleFetchData] [http-nio-8080-exec-1] i.e.s.demo.controller.ClienteController  : INFO
2026-08-04T15:56:19.790+02:00  INFO 36460 --- [simpleFetchData] [http-nio-8080-exec-1] i.e.s.demo.controller.ClienteController  : NOME: simpleFetchData
2026-08-04T15:56:19.790+02:00 ERROR 36460 --- [simpleFetchData] [http-nio-8080-exec-1] i.e.s.demo.controller.ClienteController  : Errore
2026-08-04T16:39:47.120+02:00  INFO 31280 --- [simpleFetchData] [main] it.eng.spring.demo.DemoApplication       : Starting DemoApplication using Java 21.0.11 with PID 31280 (C:\Users\y.cimmino\Desktop\BackEnd\simple-fetch-data\target\classes started by y.cimmino in C:\Users\y.cimmino\Desktop\BackEnd\simple-fetch-data)
2026-08-04T16:39:47.129+02:00  INFO 31280 --- [simpleFetchData] [main] it.eng.spring.demo.DemoApplication       : No active profile set, falling back to 1 default profile: "default"
2026-08-04T16:39:49.546+02:00  INFO 31280 --- [simpleFetchData] [main] o.s.boot.tomcat.TomcatWebServer          : Tomcat initialized with port 8080 (http)
2026-08-04T16:39:49.587+02:00  INFO 31280 --- [simpleFetchData] [main] o.apache.catalina.core.StandardService   : Starting service [Tomcat]
2026-08-04T16:39:49.588+02:00  INFO 31280 --- [simpleFetchData] [main] o.apache.catalina.core.StandardEngine    : Starting Servlet engine: [Apache Tomcat/11.0.22]
2026-08-04T16:39:49.846+02:00  INFO 31280 --- [simpleFetchData] [main] b.w.c.s.WebApplicationContextInitializer : Root WebApplicationContext: initialization completed in 2615 ms
2026-08-04T16:39:51.180+02:00  INFO 31280 --- [simpleFetchData] [main] o.s.boot.tomcat.TomcatWebServer          : Tomcat started on port 8080 (http) with context path '/'
2026-08-04T16:39:51.194+02:00  INFO 31280 --- [simpleFetchData] [main] it.eng.spring.demo.DemoApplication       : Started DemoApplication in 4.973 seconds (process running for 5.683)
2026-08-04T16:39:54.104+02:00  INFO 31280 --- [simpleFetchData] [http-nio-8080-exec-1] o.a.c.c.C.[Tomcat].[localhost].[/]       : Initializing Spring DispatcherServlet 'dispatcherServlet'
2026-08-04T16:39:54.104+02:00  INFO 31280 --- [simpleFetchData] [http-nio-8080-exec-1] o.s.web.servlet.DispatcherServlet        : Initializing Servlet 'dispatcherServlet'
2026-08-04T16:39:54.106+02:00  INFO 31280 --- [simpleFetchData] [http-nio-8080-exec-1] o.s.web.servlet.DispatcherServlet        : Completed initialization in 2 ms
2026-08-04T16:39:59.895+02:00  WARN 31280 --- [simpleFetchData] [http-nio-8080-exec-2] .w.s.m.s.DefaultHandlerExceptionResolver : Resolved [org.springframework.web.bind.MethodArgumentNotValidException: Validation failed for argument [0] in public org.springframework.http.ResponseEntity<java.lang.Object> it.eng.spring.demo.controller.ClienteController.creaCliente(it.eng.spring.demo.dto.ClienteDTOInput) with 2 errors: [Field error in object 'clienteDTOInput' on field 'nome': rejected value [null]; codes [NotBlank.clienteDTOInput.nome,NotBlank.nome,NotBlank.java.lang.String,NotBlank]; arguments [org.springframework.context.support.DefaultMessageSourceResolvable: codes [clienteDTOInput.nome,nome]; arguments []; default message [nome]]; default message [Il campo nome non può essere vuoto]] [Field error in object 'clienteDTOInput' on field 'nome': rejected value [null]; codes [NotNull.clienteDTOInput.nome,NotNull.nome,NotNull.java.lang.String,NotNull]; arguments [org.springframework.context.support.DefaultMessageSourceResolvable: codes [clienteDTOInput.nome,nome]; arguments []; default message [nome]]; default message [Nome obbligatorio]] ]
2026-08-04T16:48:32.867+02:00  INFO 14612 --- [simpleFetchData] [main] it.eng.spring.demo.DemoApplication       : Starting DemoApplication using Java 21.0.11 with PID 14612 (C:\Users\y.cimmino\Desktop\BackEnd\simple-fetch-data\target\classes started by y.cimmino in C:\Users\y.cimmino\Desktop\BackEnd\simple-fetch-data)
2026-08-04T16:48:32.877+02:00  INFO 14612 --- [simpleFetchData] [main] it.eng.spring.demo.DemoApplication       : No active profile set, falling back to 1 default profile: "default"
2026-08-04T16:48:34.747+02:00  INFO 14612 --- [simpleFetchData] [main] o.s.boot.tomcat.TomcatWebServer          : Tomcat initialized with port 8080 (http)
2026-08-04T16:48:34.781+02:00  INFO 14612 --- [simpleFetchData] [main] o.apache.catalina.core.StandardService   : Starting service [Tomcat]
2026-08-04T16:48:34.781+02:00  INFO 14612 --- [simpleFetchData] [main] o.apache.catalina.core.StandardEngine    : Starting Servlet engine: [Apache Tomcat/11.0.22]
2026-08-04T16:48:34.872+02:00  INFO 14612 --- [simpleFetchData] [main] b.w.c.s.WebApplicationContextInitializer : Root WebApplicationContext: initialization completed in 1870 ms
2026-08-04T16:48:35.682+02:00  INFO 14612 --- [simpleFetchData] [main] o.s.boot.tomcat.TomcatWebServer          : Tomcat started on port 8080 (http) with context path '/'
2026-08-04T16:48:35.693+02:00  INFO 14612 --- [simpleFetchData] [main] it.eng.spring.demo.DemoApplication       : Started DemoApplication in 3.886 seconds (process running for 4.938)
2026-08-04T16:48:39.456+02:00  INFO 14612 --- [simpleFetchData] [http-nio-8080-exec-1] o.a.c.c.C.[Tomcat].[localhost].[/]       : Initializing Spring DispatcherServlet 'dispatcherServlet'
2026-08-04T16:48:39.457+02:00  INFO 14612 --- [simpleFetchData] [http-nio-8080-exec-1] o.s.web.servlet.DispatcherServlet        : Initializing Servlet 'dispatcherServlet'
2026-08-04T16:48:39.462+02:00  INFO 14612 --- [simpleFetchData] [http-nio-8080-exec-1] o.s.web.servlet.DispatcherServlet        : Completed initialization in 3 ms
2026-08-04T16:56:27.032+02:00  INFO 17588 --- [simpleFetchData] [main] it.eng.spring.demo.DemoApplication       : Starting DemoApplication using Java 21.0.11 with PID 17588 (C:\Users\y.cimmino\Desktop\BackEnd\simple-fetch-data\target\classes started by y.cimmino in C:\Users\y.cimmino\Desktop\BackEnd\simple-fetch-data)
2026-08-04T16:56:27.049+02:00  INFO 17588 --- [simpleFetchData] [main] it.eng.spring.demo.DemoApplication       : No active profile set, falling back to 1 default profile: "default"
2026-08-04T16:56:28.699+02:00  INFO 17588 --- [simpleFetchData] [main] o.s.boot.tomcat.TomcatWebServer          : Tomcat initialized with port 8080 (http)
2026-08-04T16:56:28.720+02:00  INFO 17588 --- [simpleFetchData] [main] o.apache.catalina.core.StandardService   : Starting service [Tomcat]
2026-08-04T16:56:28.721+02:00  INFO 17588 --- [simpleFetchData] [main] o.apache.catalina.core.StandardEngine    : Starting Servlet engine: [Apache Tomcat/11.0.22]
2026-08-04T16:56:28.827+02:00  INFO 17588 --- [simpleFetchData] [main] b.w.c.s.WebApplicationContextInitializer : Root WebApplicationContext: initialization completed in 1654 ms
2026-08-04T16:56:29.527+02:00  INFO 17588 --- [simpleFetchData] [main] o.s.boot.tomcat.TomcatWebServer          : Tomcat started on port 8080 (http) with context path '/'
2026-08-04T16:56:29.536+02:00  INFO 17588 --- [simpleFetchData] [main] it.eng.spring.demo.DemoApplication       : Started DemoApplication in 3.348 seconds (process running for 4.078)
2026-08-04T16:56:43.375+02:00  INFO 17588 --- [simpleFetchData] [http-nio-8080-exec-1] o.a.c.c.C.[Tomcat].[localhost].[/]       : Initializing Spring DispatcherServlet 'dispatcherServlet'
2026-08-04T16:56:43.376+02:00  INFO 17588 --- [simpleFetchData] [http-nio-8080-exec-1] o.s.web.servlet.DispatcherServlet        : Initializing Servlet 'dispatcherServlet'
2026-08-04T16:56:43.380+02:00  INFO 17588 --- [simpleFetchData] [http-nio-8080-exec-1] o.s.web.servlet.DispatcherServlet        : Completed initialization in 3 ms
2026-08-04T16:58:19.991+02:00  INFO 35552 --- [simpleFetchData] [main] it.eng.spring.demo.DemoApplication       : Starting DemoApplication using Java 21.0.11 with PID 35552 (C:\Users\y.cimmino\Desktop\BackEnd\simple-fetch-data\target\classes started by y.cimmino in C:\Users\y.cimmino\Desktop\BackEnd\simple-fetch-data)
2026-08-04T16:58:20.006+02:00  INFO 35552 --- [simpleFetchData] [main] it.eng.spring.demo.DemoApplication       : No active profile set, falling back to 1 default profile: "default"
2026-08-04T16:58:21.871+02:00  INFO 35552 --- [simpleFetchData] [main] o.s.boot.tomcat.TomcatWebServer          : Tomcat initialized with port 8080 (http)
2026-08-04T16:58:21.890+02:00  INFO 35552 --- [simpleFetchData] [main] o.apache.catalina.core.StandardService   : Starting service [Tomcat]
2026-08-04T16:58:21.890+02:00  INFO 35552 --- [simpleFetchData] [main] o.apache.catalina.core.StandardEngine    : Starting Servlet engine: [Apache Tomcat/11.0.22]
2026-08-04T16:58:21.969+02:00  INFO 35552 --- [simpleFetchData] [main] b.w.c.s.WebApplicationContextInitializer : Root WebApplicationContext: initialization completed in 1819 ms
2026-08-04T16:58:22.790+02:00  INFO 35552 --- [simpleFetchData] [main] o.s.boot.tomcat.TomcatWebServer          : Tomcat started on port 8080 (http) with context path '/'
2026-08-04T16:58:22.799+02:00  INFO 35552 --- [simpleFetchData] [main] it.eng.spring.demo.DemoApplication       : Started DemoApplication in 3.692 seconds (process running for 4.453)
2026-08-04T16:58:54.479+02:00  INFO 26448 --- [simpleFetchData] [main] it.eng.spring.demo.DemoApplication       : Starting DemoApplication using Java 21.0.11 with PID 26448 (C:\Users\y.cimmino\Desktop\BackEnd\simple-fetch-data\target\classes started by y.cimmino in C:\Users\y.cimmino\Desktop\BackEnd\simple-fetch-data)
2026-08-04T16:58:54.495+02:00  INFO 26448 --- [simpleFetchData] [main] it.eng.spring.demo.DemoApplication       : No active profile set, falling back to 1 default profile: "default"
2026-08-04T16:58:56.407+02:00  INFO 26448 --- [simpleFetchData] [main] o.s.boot.tomcat.TomcatWebServer          : Tomcat initialized with port 8080 (http)
2026-08-04T16:58:56.430+02:00  INFO 26448 --- [simpleFetchData] [main] o.apache.catalina.core.StandardService   : Starting service [Tomcat]
2026-08-04T16:58:56.430+02:00  INFO 26448 --- [simpleFetchData] [main] o.apache.catalina.core.StandardEngine    : Starting Servlet engine: [Apache Tomcat/11.0.22]
2026-08-04T16:58:56.499+02:00  INFO 26448 --- [simpleFetchData] [main] b.w.c.s.WebApplicationContextInitializer : Root WebApplicationContext: initialization completed in 1835 ms
2026-08-04T16:58:57.248+02:00  INFO 26448 --- [simpleFetchData] [main] o.s.boot.tomcat.TomcatWebServer          : Tomcat started on port 8080 (http) with context path '/'
2026-08-04T16:58:57.257+02:00  INFO 26448 --- [simpleFetchData] [main] it.eng.spring.demo.DemoApplication       : Started DemoApplication in 3.627 seconds (process running for 4.332)
2026-08-04T16:59:00.784+02:00  INFO 26448 --- [simpleFetchData] [http-nio-8080-exec-1] o.a.c.c.C.[Tomcat].[localhost].[/]       : Initializing Spring DispatcherServlet 'dispatcherServlet'
2026-08-04T16:59:00.787+02:00  INFO 26448 --- [simpleFetchData] [http-nio-8080-exec-1] o.s.web.servlet.DispatcherServlet        : Initializing Servlet 'dispatcherServlet'
2026-08-04T16:59:00.791+02:00  INFO 26448 --- [simpleFetchData] [http-nio-8080-exec-1] o.s.web.servlet.DispatcherServlet        : Completed initialization in 4 ms
2026-08-04T17:00:41.142+02:00  INFO 24352 --- [simpleFetchData] [main] it.eng.spring.demo.DemoApplication       : Starting DemoApplication using Java 21.0.11 with PID 24352 (C:\Users\y.cimmino\Desktop\BackEnd\simple-fetch-data\target\classes started by y.cimmino in C:\Users\y.cimmino\Desktop\BackEnd\simple-fetch-data)
2026-08-04T17:00:41.151+02:00  INFO 24352 --- [simpleFetchData] [main] it.eng.spring.demo.DemoApplication       : No active profile set, falling back to 1 default profile: "default"
2026-08-04T17:00:42.912+02:00  INFO 24352 --- [simpleFetchData] [main] o.s.boot.tomcat.TomcatWebServer          : Tomcat initialized with port 8080 (http)
2026-08-04T17:00:42.944+02:00  INFO 24352 --- [simpleFetchData] [main] o.apache.catalina.core.StandardService   : Starting service [Tomcat]
2026-08-04T17:00:42.945+02:00  INFO 24352 --- [simpleFetchData] [main] o.apache.catalina.core.StandardEngine    : Starting Servlet engine: [Apache Tomcat/11.0.22]
2026-08-04T17:00:43.035+02:00  INFO 24352 --- [simpleFetchData] [main] b.w.c.s.WebApplicationContextInitializer : Root WebApplicationContext: initialization completed in 1757 ms
2026-08-04T17:00:43.833+02:00  INFO 24352 --- [simpleFetchData] [main] o.s.boot.tomcat.TomcatWebServer          : Tomcat started on port 8080 (http) with context path '/'
2026-08-04T17:00:43.846+02:00  INFO 24352 --- [simpleFetchData] [main] it.eng.spring.demo.DemoApplication       : Started DemoApplication in 3.773 seconds (process running for 4.921)
2026-08-04T17:00:48.182+02:00  INFO 24352 --- [simpleFetchData] [http-nio-8080-exec-1] o.a.c.c.C.[Tomcat].[localhost].[/]       : Initializing Spring DispatcherServlet 'dispatcherServlet'
2026-08-04T17:00:48.183+02:00  INFO 24352 --- [simpleFetchData] [http-nio-8080-exec-1] o.s.web.servlet.DispatcherServlet        : Initializing Servlet 'dispatcherServlet'
2026-08-04T17:00:48.187+02:00  INFO 24352 --- [simpleFetchData] [http-nio-8080-exec-1] o.s.web.servlet.DispatcherServlet        : Completed initialization in 3 ms
2026-08-04T17:02:15.382+02:00  INFO 44024 --- [simpleFetchData] [main] it.eng.spring.demo.DemoApplication       : Starting DemoApplication using Java 21.0.11 with PID 44024 (C:\Users\y.cimmino\Desktop\BackEnd\simple-fetch-data\target\classes started by y.cimmino in C:\Users\y.cimmino\Desktop\BackEnd\simple-fetch-data)
2026-08-04T17:02:15.391+02:00  INFO 44024 --- [simpleFetchData] [main] it.eng.spring.demo.DemoApplication       : No active profile set, falling back to 1 default profile: "default"
2026-08-04T17:02:17.787+02:00  INFO 44024 --- [simpleFetchData] [main] o.s.boot.tomcat.TomcatWebServer          : Tomcat initialized with port 8080 (http)
2026-08-04T17:02:17.829+02:00  INFO 44024 --- [simpleFetchData] [main] o.apache.catalina.core.StandardService   : Starting service [Tomcat]
2026-08-04T17:02:17.829+02:00  INFO 44024 --- [simpleFetchData] [main] o.apache.catalina.core.StandardEngine    : Starting Servlet engine: [Apache Tomcat/11.0.22]
2026-08-04T17:02:18.035+02:00  INFO 44024 --- [simpleFetchData] [main] b.w.c.s.WebApplicationContextInitializer : Root WebApplicationContext: initialization completed in 2511 ms
2026-08-04T17:02:19.365+02:00  INFO 44024 --- [simpleFetchData] [main] o.s.boot.tomcat.TomcatWebServer          : Tomcat started on port 8080 (http) with context path '/'
2026-08-04T17:02:19.377+02:00  INFO 44024 --- [simpleFetchData] [main] it.eng.spring.demo.DemoApplication       : Started DemoApplication in 5.221 seconds (process running for 6.278)
2026-08-04T17:02:19.993+02:00  INFO 44024 --- [simpleFetchData] [http-nio-8080-exec-1] o.a.c.c.C.[Tomcat].[localhost].[/]       : Initializing Spring DispatcherServlet 'dispatcherServlet'
2026-08-04T17:02:19.994+02:00  INFO 44024 --- [simpleFetchData] [http-nio-8080-exec-1] o.s.web.servlet.DispatcherServlet        : Initializing Servlet 'dispatcherServlet'
2026-08-04T17:02:19.998+02:00  INFO 44024 --- [simpleFetchData] [http-nio-8080-exec-1] o.s.web.servlet.DispatcherServlet        : Completed initialization in 3 ms
2026-08-04T17:11:24.800+02:00  INFO 42100 --- [simpleFetchData] [main] it.eng.spring.demo.DemoApplication       : Starting DemoApplication using Java 21.0.11 with PID 42100 (C:\Users\y.cimmino\Desktop\BackEnd\simple-fetch-data\target\classes started by y.cimmino in C:\Users\y.cimmino\Desktop\BackEnd\simple-fetch-data)
2026-08-04T17:11:24.815+02:00  INFO 42100 --- [simpleFetchData] [main] it.eng.spring.demo.DemoApplication       : No active profile set, falling back to 1 default profile: "default"
2026-08-04T17:11:26.829+02:00  INFO 42100 --- [simpleFetchData] [main] o.s.boot.tomcat.TomcatWebServer          : Tomcat initialized with port 8080 (http)
2026-08-04T17:11:26.849+02:00  INFO 42100 --- [simpleFetchData] [main] o.apache.catalina.core.StandardService   : Starting service [Tomcat]
2026-08-04T17:11:26.849+02:00  INFO 42100 --- [simpleFetchData] [main] o.apache.catalina.core.StandardEngine    : Starting Servlet engine: [Apache Tomcat/11.0.22]
2026-08-04T17:11:26.934+02:00  INFO 42100 --- [simpleFetchData] [main] b.w.c.s.WebApplicationContextInitializer : Root WebApplicationContext: initialization completed in 1990 ms
2026-08-04T17:11:27.702+02:00  INFO 42100 --- [simpleFetchData] [main] o.s.boot.tomcat.TomcatWebServer          : Tomcat started on port 8080 (http) with context path '/'
2026-08-04T17:11:27.712+02:00  INFO 42100 --- [simpleFetchData] [main] it.eng.spring.demo.DemoApplication       : Started DemoApplication in 3.778 seconds (process running for 4.544)
2026-08-04T17:11:28.111+02:00  INFO 42100 --- [simpleFetchData] [http-nio-8080-exec-1] o.a.c.c.C.[Tomcat].[localhost].[/]       : Initializing Spring DispatcherServlet 'dispatcherServlet'
2026-08-04T17:11:28.111+02:00  INFO 42100 --- [simpleFetchData] [http-nio-8080-exec-1] o.s.web.servlet.DispatcherServlet        : Initializing Servlet 'dispatcherServlet'
2026-08-04T17:11:28.114+02:00  INFO 42100 --- [simpleFetchData] [http-nio-8080-exec-1] o.s.web.servlet.DispatcherServlet        : Completed initialization in 3 ms
2026-08-04T17:11:38.448+02:00  WARN 42100 --- [simpleFetchData] [http-nio-8080-exec-5] .w.s.m.s.DefaultHandlerExceptionResolver : Resolved [org.springframework.http.converter.HttpMessageNotReadableException: JSON parse error: Unexpected character ('}' (code 125)): was expecting double-quote to start property name]
2026-08-04T17:13:41.112+02:00  INFO 56392 --- [simpleFetchData] [main] it.eng.spring.demo.DemoApplication       : Starting DemoApplication using Java 21.0.11 with PID 56392 (C:\Users\y.cimmino\Desktop\BackEnd\simple-fetch-data\target\classes started by y.cimmino in C:\Users\y.cimmino\Desktop\BackEnd\simple-fetch-data)
2026-08-04T17:13:41.125+02:00  INFO 56392 --- [simpleFetchData] [main] it.eng.spring.demo.DemoApplication       : No active profile set, falling back to 1 default profile: "default"
2026-08-04T17:13:43.984+02:00  INFO 56392 --- [simpleFetchData] [main] o.s.boot.tomcat.TomcatWebServer          : Tomcat initialized with port 8080 (http)
2026-08-04T17:13:44.057+02:00  INFO 56392 --- [simpleFetchData] [main] o.apache.catalina.core.StandardService   : Starting service [Tomcat]
2026-08-04T17:13:44.058+02:00  INFO 56392 --- [simpleFetchData] [main] o.apache.catalina.core.StandardEngine    : Starting Servlet engine: [Apache Tomcat/11.0.22]
2026-08-04T17:13:44.272+02:00  INFO 56392 --- [simpleFetchData] [main] b.w.c.s.WebApplicationContextInitializer : Root WebApplicationContext: initialization completed in 3013 ms
2026-08-04T17:13:45.852+02:00  INFO 56392 --- [simpleFetchData] [main] o.s.boot.tomcat.TomcatWebServer          : Tomcat started on port 8080 (http) with context path '/'
2026-08-04T17:13:45.874+02:00  INFO 56392 --- [simpleFetchData] [main] it.eng.spring.demo.DemoApplication       : Started DemoApplication in 5.805 seconds (process running for 6.542)
2026-08-04T17:14:03.149+02:00  INFO 56392 --- [simpleFetchData] [http-nio-8080-exec-1] o.a.c.c.C.[Tomcat].[localhost].[/]       : Initializing Spring DispatcherServlet 'dispatcherServlet'
2026-08-04T17:14:03.150+02:00  INFO 56392 --- [simpleFetchData] [http-nio-8080-exec-1] o.s.web.servlet.DispatcherServlet        : Initializing Servlet 'dispatcherServlet'
2026-08-04T17:14:03.153+02:00  INFO 56392 --- [simpleFetchData] [http-nio-8080-exec-1] o.s.web.servlet.DispatcherServlet        : Completed initialization in 1 ms
2026-08-04T17:14:28.296+02:00  WARN 56392 --- [simpleFetchData] [http-nio-8080-exec-2] .w.s.m.s.DefaultHandlerExceptionResolver : Resolved [org.springframework.http.converter.HttpMessageNotReadableException: JSON parse error: Unexpected character ('}' (code 125)): was expecting double-quote to start property name]
2026-08-04T17:17:25.221+02:00  INFO 42584 --- [simpleFetchData] [main] it.eng.spring.demo.DemoApplication       : Starting DemoApplication using Java 21.0.11 with PID 42584 (C:\Users\y.cimmino\Desktop\BackEnd\simple-fetch-data\target\classes started by y.cimmino in C:\Users\y.cimmino\Desktop\BackEnd\simple-fetch-data)
2026-08-04T17:17:25.230+02:00  INFO 42584 --- [simpleFetchData] [main] it.eng.spring.demo.DemoApplication       : No active profile set, falling back to 1 default profile: "default"
2026-08-04T17:17:27.146+02:00  INFO 42584 --- [simpleFetchData] [main] o.s.boot.tomcat.TomcatWebServer          : Tomcat initialized with port 8080 (http)
2026-08-04T17:17:27.170+02:00  INFO 42584 --- [simpleFetchData] [main] o.apache.catalina.core.StandardService   : Starting service [Tomcat]
2026-08-04T17:17:27.171+02:00  INFO 42584 --- [simpleFetchData] [main] o.apache.catalina.core.StandardEngine    : Starting Servlet engine: [Apache Tomcat/11.0.22]
2026-08-04T17:17:27.331+02:00  INFO 42584 --- [simpleFetchData] [main] b.w.c.s.WebApplicationContextInitializer : Root WebApplicationContext: initialization completed in 2005 ms
2026-08-04T17:17:27.496+02:00  WARN 42584 --- [simpleFetchData] [main] ConfigServletWebServerApplicationContext : Exception encountered during context initialization - cancelling refresh attempt: org.springframework.beans.factory.UnsatisfiedDependencyException: Error creating bean with name 'clienteController' defined in file [C:\Users\y.cimmino\Desktop\BackEnd\simple-fetch-data\target\classes\it\eng\spring\demo\controller\ClienteController.class]: Unsatisfied dependency expressed through constructor parameter 0: Error creating bean with name 'clienteService': Lookup method resolution failed
2026-08-04T17:17:27.505+02:00  INFO 42584 --- [simpleFetchData] [main] o.apache.catalina.core.StandardService   : Stopping service [Tomcat]
2026-08-04T17:17:27.539+02:00  INFO 42584 --- [simpleFetchData] [main] .s.b.a.l.ConditionEvaluationReportLogger : 

Error starting ApplicationContext. To display the condition evaluation report re-run your application with 'debug' enabled.
2026-08-04T17:17:27.582+02:00 ERROR 42584 --- [simpleFetchData] [main] o.s.boot.SpringApplication               : Application run failed

org.springframework.beans.factory.UnsatisfiedDependencyException: Error creating bean with name 'clienteController' defined in file [C:\Users\y.cimmino\Desktop\BackEnd\simple-fetch-data\target\classes\it\eng\spring\demo\controller\ClienteController.class]: Unsatisfied dependency expressed through constructor parameter 0: Error creating bean with name 'clienteService': Lookup method resolution failed
	at org.springframework.beans.factory.support.ConstructorResolver.createArgumentArray(ConstructorResolver.java:804) ~[spring-beans-7.0.8.jar:7.0.8]
	at org.springframework.beans.factory.support.ConstructorResolver.autowireConstructor(ConstructorResolver.java:240) ~[spring-beans-7.0.8.jar:7.0.8]
	at org.springframework.beans.factory.support.AbstractAutowireCapableBeanFactory.autowireConstructor(AbstractAutowireCapableBeanFactory.java:1380) ~[spring-beans-7.0.8.jar:7.0.8]
	at org.springframework.beans.factory.support.AbstractAutowireCapableBeanFactory.createBeanInstance(AbstractAutowireCapableBeanFactory.java:1219) ~[spring-beans-7.0.8.jar:7.0.8]
	at org.springframework.beans.factory.support.AbstractAutowireCapableBeanFactory.doCreateBean(AbstractAutowireCapableBeanFactory.java:565) ~[spring-beans-7.0.8.jar:7.0.8]
	at org.springframework.beans.factory.support.AbstractAutowireCapableBeanFactory.createBean(AbstractAutowireCapableBeanFactory.java:525) ~[spring-beans-7.0.8.jar:7.0.8]
	at org.springframework.beans.factory.support.AbstractBeanFactory.lambda$doGetBean$0(AbstractBeanFactory.java:333) ~[spring-beans-7.0.8.jar:7.0.8]
	at org.springframework.beans.factory.support.DefaultSingletonBeanRegistry.getSingleton(DefaultSingletonBeanRegistry.java:371) ~[spring-beans-7.0.8.jar:7.0.8]
	at org.springframework.beans.factory.support.AbstractBeanFactory.doGetBean(AbstractBeanFactory.java:331) ~[spring-beans-7.0.8.jar:7.0.8]
	at org.springframework.beans.factory.support.AbstractBeanFactory.getBean(AbstractBeanFactory.java:196) ~[spring-beans-7.0.8.jar:7.0.8]
	at org.springframework.beans.factory.support.DefaultListableBeanFactory.instantiateSingleton(DefaultListableBeanFactory.java:1225) ~[spring-beans-7.0.8.jar:7.0.8]
	at org.springframework.beans.factory.support.DefaultListableBeanFactory.preInstantiateSingleton(DefaultListableBeanFactory.java:1191) ~[spring-beans-7.0.8.jar:7.0.8]
	at org.springframework.beans.factory.support.DefaultListableBeanFactory.preInstantiateSingletons(DefaultListableBeanFactory.java:1121) ~[spring-beans-7.0.8.jar:7.0.8]
	at org.springframework.context.support.AbstractApplicationContext.finishBeanFactoryInitialization(AbstractApplicationContext.java:994) ~[spring-context-7.0.8.jar:7.0.8]
	at org.springframework.context.support.AbstractApplicationContext.refresh(AbstractApplicationContext.java:621) ~[spring-context-7.0.8.jar:7.0.8]
	at org.springframework.boot.web.server.servlet.context.ServletWebServerApplicationContext.refresh(ServletWebServerApplicationContext.java:143) ~[spring-boot-web-server-4.1.0.jar:4.1.0]
	at org.springframework.boot.SpringApplication.refresh(SpringApplication.java:756) ~[spring-boot-4.1.0.jar:4.1.0]
	at org.springframework.boot.SpringApplication.refreshContext(SpringApplication.java:445) ~[spring-boot-4.1.0.jar:4.1.0]
	at org.springframework.boot.SpringApplication.run(SpringApplication.java:321) ~[spring-boot-4.1.0.jar:4.1.0]
	at org.springframework.boot.SpringApplication.run(SpringApplication.java:1365) ~[spring-boot-4.1.0.jar:4.1.0]
	at org.springframework.boot.SpringApplication.run(SpringApplication.java:1354) ~[spring-boot-4.1.0.jar:4.1.0]
	at it.eng.spring.demo.DemoApplication.main(DemoApplication.java:10) ~[classes/:na]
Caused by: org.springframework.beans.factory.BeanCreationException: Error creating bean with name 'clienteService': Lookup method resolution failed
	at org.springframework.beans.factory.annotation.AutowiredAnnotationBeanPostProcessor.checkLookupMethods(AutowiredAnnotationBeanPostProcessor.java:482) ~[spring-beans-7.0.8.jar:7.0.8]
	at org.springframework.beans.factory.annotation.AutowiredAnnotationBeanPostProcessor.determineCandidateConstructors(AutowiredAnnotationBeanPostProcessor.java:352) ~[spring-beans-7.0.8.jar:7.0.8]
	at org.springframework.beans.factory.support.AbstractAutowireCapableBeanFactory.determineConstructorsFromBeanPostProcessors(AbstractAutowireCapableBeanFactory.java:1319) ~[spring-beans-7.0.8.jar:7.0.8]
	at org.springframework.beans.factory.support.AbstractAutowireCapableBeanFactory.createBeanInstance(AbstractAutowireCapableBeanFactory.java:1216) ~[spring-beans-7.0.8.jar:7.0.8]
	at org.springframework.beans.factory.support.AbstractAutowireCapableBeanFactory.doCreateBean(AbstractAutowireCapableBeanFactory.java:565) ~[spring-beans-7.0.8.jar:7.0.8]
	at org.springframework.beans.factory.support.AbstractAutowireCapableBeanFactory.createBean(AbstractAutowireCapableBeanFactory.java:525) ~[spring-beans-7.0.8.jar:7.0.8]
	at org.springframework.beans.factory.support.AbstractBeanFactory.lambda$doGetBean$0(AbstractBeanFactory.java:333) ~[spring-beans-7.0.8.jar:7.0.8]
	at org.springframework.beans.factory.support.DefaultSingletonBeanRegistry.getSingleton(DefaultSingletonBeanRegistry.java:371) ~[spring-beans-7.0.8.jar:7.0.8]
	at org.springframework.beans.factory.support.AbstractBeanFactory.doGetBean(AbstractBeanFactory.java:331) ~[spring-beans-7.0.8.jar:7.0.8]
	at org.springframework.beans.factory.support.AbstractBeanFactory.getBean(AbstractBeanFactory.java:201) ~[spring-beans-7.0.8.jar:7.0.8]
	at org.springframework.beans.factory.config.DependencyDescriptor.resolveCandidate(DependencyDescriptor.java:229) ~[spring-beans-7.0.8.jar:7.0.8]
	at org.springframework.beans.factory.support.DefaultListableBeanFactory.doResolveDependency(DefaultListableBeanFactory.java:1769) ~[spring-beans-7.0.8.jar:7.0.8]
	at org.springframework.beans.factory.support.DefaultListableBeanFactory.resolveDependency(DefaultListableBeanFactory.java:1658) ~[spring-beans-7.0.8.jar:7.0.8]
	at org.springframework.beans.factory.support.ConstructorResolver.resolveAutowiredArgument(ConstructorResolver.java:912) ~[spring-beans-7.0.8.jar:7.0.8]
	at org.springframework.beans.factory.support.ConstructorResolver.createArgumentArray(ConstructorResolver.java:791) ~[spring-beans-7.0.8.jar:7.0.8]
	... 21 common frames omitted
Caused by: java.lang.IllegalStateException: Failed to introspect Class [it.eng.spring.demo.service.ClienteService] from ClassLoader [jdk.internal.loader.ClassLoaders$AppClassLoader@5c647e05]
	at org.springframework.util.ReflectionUtils.getDeclaredMethods(ReflectionUtils.java:483) ~[spring-core-7.0.8.jar:7.0.8]
	at org.springframework.util.ReflectionUtils.doWithLocalMethods(ReflectionUtils.java:320) ~[spring-core-7.0.8.jar:7.0.8]
	at org.springframework.beans.factory.annotation.AutowiredAnnotationBeanPostProcessor.checkLookupMethods(AutowiredAnnotationBeanPostProcessor.java:460) ~[spring-beans-7.0.8.jar:7.0.8]
	... 35 common frames omitted
Caused by: java.lang.NoClassDefFoundError: BusinessException
	at java.base/java.lang.Class.getDeclaredMethods0(Native Method) ~[na:na]
	at java.base/java.lang.Class.privateGetDeclaredMethods(Class.java:3580) ~[na:na]
	at java.base/java.lang.Class.getDeclaredMethods(Class.java:2678) ~[na:na]
	at org.springframework.util.ReflectionUtils.getDeclaredMethods(ReflectionUtils.java:465) ~[spring-core-7.0.8.jar:7.0.8]
	... 37 common frames omitted
Caused by: java.lang.ClassNotFoundException: BusinessException
	at java.base/jdk.internal.loader.BuiltinClassLoader.loadClass(BuiltinClassLoader.java:641) ~[na:na]
	at java.base/jdk.internal.loader.ClassLoaders$AppClassLoader.loadClass(ClassLoaders.java:188) ~[na:na]
	at java.base/java.lang.ClassLoader.loadClass(ClassLoader.java:526) ~[na:na]
	... 41 common frames omitted

2026-08-04T17:18:14.174+02:00  INFO 20012 --- [simpleFetchData] [main] it.eng.spring.demo.DemoApplication       : Starting DemoApplication using Java 21.0.11 with PID 20012 (C:\Users\y.cimmino\Desktop\BackEnd\simple-fetch-data\target\classes started by y.cimmino in C:\Users\y.cimmino\Desktop\BackEnd\simple-fetch-data)
2026-08-04T17:18:14.186+02:00  INFO 20012 --- [simpleFetchData] [main] it.eng.spring.demo.DemoApplication       : No active profile set, falling back to 1 default profile: "default"
2026-08-04T17:18:16.099+02:00  INFO 20012 --- [simpleFetchData] [main] o.s.boot.tomcat.TomcatWebServer          : Tomcat initialized with port 8080 (http)
2026-08-04T17:18:16.130+02:00  INFO 20012 --- [simpleFetchData] [main] o.apache.catalina.core.StandardService   : Starting service [Tomcat]
2026-08-04T17:18:16.131+02:00  INFO 20012 --- [simpleFetchData] [main] o.apache.catalina.core.StandardEngine    : Starting Servlet engine: [Apache Tomcat/11.0.22]
2026-08-04T17:18:16.308+02:00  INFO 20012 --- [simpleFetchData] [main] b.w.c.s.WebApplicationContextInitializer : Root WebApplicationContext: initialization completed in 1981 ms
2026-08-04T17:18:17.597+02:00  INFO 20012 --- [simpleFetchData] [main] o.s.boot.tomcat.TomcatWebServer          : Tomcat started on port 8080 (http) with context path '/'
2026-08-04T17:18:17.608+02:00  INFO 20012 --- [simpleFetchData] [main] it.eng.spring.demo.DemoApplication       : Started DemoApplication in 4.319 seconds (process running for 4.969)
2026-08-04T17:18:19.706+02:00  INFO 20012 --- [simpleFetchData] [http-nio-8080-exec-1] o.a.c.c.C.[Tomcat].[localhost].[/]       : Initializing Spring DispatcherServlet 'dispatcherServlet'
2026-08-04T17:18:19.707+02:00  INFO 20012 --- [simpleFetchData] [http-nio-8080-exec-1] o.s.web.servlet.DispatcherServlet        : Initializing Servlet 'dispatcherServlet'
2026-08-04T17:18:19.710+02:00  INFO 20012 --- [simpleFetchData] [http-nio-8080-exec-1] o.s.web.servlet.DispatcherServlet        : Completed initialization in 3 ms
2026-08-04T17:18:34.427+02:00  INFO 20756 --- [simpleFetchData] [main] it.eng.spring.demo.DemoApplication       : Starting DemoApplication using Java 21.0.11 with PID 20756 (C:\Users\y.cimmino\Desktop\BackEnd\simple-fetch-data\target\classes started by y.cimmino in C:\Users\y.cimmino\Desktop\BackEnd\simple-fetch-data)
2026-08-04T17:18:34.440+02:00  INFO 20756 --- [simpleFetchData] [main] it.eng.spring.demo.DemoApplication       : No active profile set, falling back to 1 default profile: "default"
2026-08-04T17:18:36.092+02:00  INFO 20756 --- [simpleFetchData] [main] o.s.boot.tomcat.TomcatWebServer          : Tomcat initialized with port 8080 (http)
2026-08-04T17:18:36.123+02:00  INFO 20756 --- [simpleFetchData] [main] o.apache.catalina.core.StandardService   : Starting service [Tomcat]
2026-08-04T17:18:36.123+02:00  INFO 20756 --- [simpleFetchData] [main] o.apache.catalina.core.StandardEngine    : Starting Servlet engine: [Apache Tomcat/11.0.22]
2026-08-04T17:18:36.193+02:00  INFO 20756 --- [simpleFetchData] [main] b.w.c.s.WebApplicationContextInitializer : Root WebApplicationContext: initialization completed in 1657 ms
2026-08-04T17:18:36.816+02:00  INFO 20756 --- [simpleFetchData] [main] o.s.boot.tomcat.TomcatWebServer          : Tomcat started on port 8080 (http) with context path '/'
2026-08-04T17:18:36.823+02:00  INFO 20756 --- [simpleFetchData] [main] it.eng.spring.demo.DemoApplication       : Started DemoApplication in 3.177 seconds (process running for 3.816)
2026-08-04T17:18:46.116+02:00  INFO 20756 --- [simpleFetchData] [http-nio-8080-exec-1] o.a.c.c.C.[Tomcat].[localhost].[/]       : Initializing Spring DispatcherServlet 'dispatcherServlet'
2026-08-04T17:18:46.117+02:00  INFO 20756 --- [simpleFetchData] [http-nio-8080-exec-1] o.s.web.servlet.DispatcherServlet        : Initializing Servlet 'dispatcherServlet'
2026-08-04T17:18:46.119+02:00  INFO 20756 --- [simpleFetchData] [http-nio-8080-exec-1] o.s.web.servlet.DispatcherServlet        : Completed initialization in 2 ms
2026-08-04T17:20:19.315+02:00  INFO 56572 --- [simpleFetchData] [main] it.eng.spring.demo.DemoApplication       : Starting DemoApplication using Java 21.0.11 with PID 56572 (C:\Users\y.cimmino\Desktop\BackEnd\simple-fetch-data\target\classes started by y.cimmino in C:\Users\y.cimmino\Desktop\BackEnd\simple-fetch-data)
2026-08-04T17:20:19.331+02:00  INFO 56572 --- [simpleFetchData] [main] it.eng.spring.demo.DemoApplication       : No active profile set, falling back to 1 default profile: "default"
2026-08-04T17:20:20.941+02:00  INFO 56572 --- [simpleFetchData] [main] o.s.boot.tomcat.TomcatWebServer          : Tomcat initialized with port 8080 (http)
2026-08-04T17:20:20.966+02:00  INFO 56572 --- [simpleFetchData] [main] o.apache.catalina.core.StandardService   : Starting service [Tomcat]
2026-08-04T17:20:20.967+02:00  INFO 56572 --- [simpleFetchData] [main] o.apache.catalina.core.StandardEngine    : Starting Servlet engine: [Apache Tomcat/11.0.22]
2026-08-04T17:20:21.082+02:00  INFO 56572 --- [simpleFetchData] [main] b.w.c.s.WebApplicationContextInitializer : Root WebApplicationContext: initialization completed in 1662 ms
2026-08-04T17:20:22.053+02:00  INFO 56572 --- [simpleFetchData] [main] o.s.boot.tomcat.TomcatWebServer          : Tomcat started on port 8080 (http) with context path '/'
2026-08-04T17:20:22.070+02:00  INFO 56572 --- [simpleFetchData] [main] it.eng.spring.demo.DemoApplication       : Started DemoApplication in 3.548 seconds (process running for 4.204)
2026-08-04T17:20:23.131+02:00  INFO 56572 --- [simpleFetchData] [http-nio-8080-exec-1] o.a.c.c.C.[Tomcat].[localhost].[/]       : Initializing Spring DispatcherServlet 'dispatcherServlet'
2026-08-04T17:20:23.132+02:00  INFO 56572 --- [simpleFetchData] [http-nio-8080-exec-1] o.s.web.servlet.DispatcherServlet        : Initializing Servlet 'dispatcherServlet'
2026-08-04T17:20:23.134+02:00  INFO 56572 --- [simpleFetchData] [http-nio-8080-exec-1] o.s.web.servlet.DispatcherServlet        : Completed initialization in 1 ms
2026-08-04T17:20:48.153+02:00  INFO 21884 --- [simpleFetchData] [main] it.eng.spring.demo.DemoApplication       : Starting DemoApplication using Java 21.0.11 with PID 21884 (C:\Users\y.cimmino\Desktop\BackEnd\simple-fetch-data\target\classes started by y.cimmino in C:\Users\y.cimmino\Desktop\BackEnd\simple-fetch-data)
2026-08-04T17:20:48.170+02:00  INFO 21884 --- [simpleFetchData] [main] it.eng.spring.demo.DemoApplication       : No active profile set, falling back to 1 default profile: "default"
2026-08-04T17:20:49.829+02:00  INFO 21884 --- [simpleFetchData] [main] o.s.boot.tomcat.TomcatWebServer          : Tomcat initialized with port 8080 (http)
2026-08-04T17:20:49.848+02:00  INFO 21884 --- [simpleFetchData] [main] o.apache.catalina.core.StandardService   : Starting service [Tomcat]
2026-08-04T17:20:49.848+02:00  INFO 21884 --- [simpleFetchData] [main] o.apache.catalina.core.StandardEngine    : Starting Servlet engine: [Apache Tomcat/11.0.22]
2026-08-04T17:20:49.918+02:00  INFO 21884 --- [simpleFetchData] [main] b.w.c.s.WebApplicationContextInitializer : Root WebApplicationContext: initialization completed in 1614 ms
2026-08-04T17:20:50.492+02:00  INFO 21884 --- [simpleFetchData] [main] o.s.boot.tomcat.TomcatWebServer          : Tomcat started on port 8080 (http) with context path '/'
2026-08-04T17:20:50.498+02:00  INFO 21884 --- [simpleFetchData] [main] it.eng.spring.demo.DemoApplication       : Started DemoApplication in 3.226 seconds (process running for 4.034)
2026-08-04T17:22:08.178+02:00  INFO 3924 --- [simpleFetchData] [main] it.eng.spring.demo.DemoApplication       : Starting DemoApplication using Java 21.0.11 with PID 3924 (C:\Users\y.cimmino\Desktop\BackEnd\simple-fetch-data\target\classes started by y.cimmino in C:\Users\y.cimmino\Desktop\BackEnd\simple-fetch-data)
2026-08-04T17:22:08.185+02:00  INFO 3924 --- [simpleFetchData] [main] it.eng.spring.demo.DemoApplication       : No active profile set, falling back to 1 default profile: "default"
2026-08-04T17:22:09.979+02:00  INFO 3924 --- [simpleFetchData] [main] o.s.boot.tomcat.TomcatWebServer          : Tomcat initialized with port 8080 (http)
2026-08-04T17:22:10.012+02:00  INFO 3924 --- [simpleFetchData] [main] o.apache.catalina.core.StandardService   : Starting service [Tomcat]
2026-08-04T17:22:10.012+02:00  INFO 3924 --- [simpleFetchData] [main] o.apache.catalina.core.StandardEngine    : Starting Servlet engine: [Apache Tomcat/11.0.22]
2026-08-04T17:22:10.177+02:00  INFO 3924 --- [simpleFetchData] [main] b.w.c.s.WebApplicationContextInitializer : Root WebApplicationContext: initialization completed in 1874 ms
2026-08-04T17:22:11.082+02:00  INFO 3924 --- [simpleFetchData] [main] o.s.boot.tomcat.TomcatWebServer          : Tomcat started on port 8080 (http) with context path '/'
2026-08-04T17:22:11.090+02:00  INFO 3924 --- [simpleFetchData] [main] it.eng.spring.demo.DemoApplication       : Started DemoApplication in 3.702 seconds (process running for 4.364)
2026-08-04T17:22:12.208+02:00  INFO 3924 --- [simpleFetchData] [http-nio-8080-exec-1] o.a.c.c.C.[Tomcat].[localhost].[/]       : Initializing Spring DispatcherServlet 'dispatcherServlet'
2026-08-04T17:22:12.209+02:00  INFO 3924 --- [simpleFetchData] [http-nio-8080-exec-1] o.s.web.servlet.DispatcherServlet        : Initializing Servlet 'dispatcherServlet'
2026-08-04T17:22:12.211+02:00  INFO 3924 --- [simpleFetchData] [http-nio-8080-exec-1] o.s.web.servlet.DispatcherServlet        : Completed initialization in 2 ms
2026-08-04T17:24:33.331+02:00  INFO 6720 --- [simpleFetchData] [main] it.eng.spring.demo.DemoApplication       : Starting DemoApplication using Java 21.0.11 with PID 6720 (C:\Users\y.cimmino\Desktop\BackEnd\simple-fetch-data\target\classes started by y.cimmino in C:\Users\y.cimmino\Desktop\BackEnd\simple-fetch-data)
2026-08-04T17:24:33.340+02:00  INFO 6720 --- [simpleFetchData] [main] it.eng.spring.demo.DemoApplication       : No active profile set, falling back to 1 default profile: "default"
2026-08-04T17:24:35.109+02:00  INFO 6720 --- [simpleFetchData] [main] o.s.boot.tomcat.TomcatWebServer          : Tomcat initialized with port 8080 (http)
2026-08-04T17:24:35.130+02:00  INFO 6720 --- [simpleFetchData] [main] o.apache.catalina.core.StandardService   : Starting service [Tomcat]
2026-08-04T17:24:35.131+02:00  INFO 6720 --- [simpleFetchData] [main] o.apache.catalina.core.StandardEngine    : Starting Servlet engine: [Apache Tomcat/11.0.22]
2026-08-04T17:24:35.210+02:00  INFO 6720 --- [simpleFetchData] [main] b.w.c.s.WebApplicationContextInitializer : Root WebApplicationContext: initialization completed in 1740 ms
2026-08-04T17:24:36.212+02:00  INFO 6720 --- [simpleFetchData] [main] o.s.boot.tomcat.TomcatWebServer          : Tomcat started on port 8080 (http) with context path '/'
2026-08-04T17:24:36.221+02:00  INFO 6720 --- [simpleFetchData] [main] it.eng.spring.demo.DemoApplication       : Started DemoApplication in 3.682 seconds (process running for 4.343)
2026-08-04T17:24:38.360+02:00  INFO 6720 --- [simpleFetchData] [http-nio-8080-exec-1] o.a.c.c.C.[Tomcat].[localhost].[/]       : Initializing Spring DispatcherServlet 'dispatcherServlet'
2026-08-04T17:24:38.361+02:00  INFO 6720 --- [simpleFetchData] [http-nio-8080-exec-1] o.s.web.servlet.DispatcherServlet        : Initializing Servlet 'dispatcherServlet'
2026-08-04T17:24:38.365+02:00  INFO 6720 --- [simpleFetchData] [http-nio-8080-exec-1] o.s.web.servlet.DispatcherServlet        : Completed initialization in 4 ms
2026-08-04T17:27:45.525+02:00  INFO 40604 --- [simpleFetchData] [main] it.eng.spring.demo.DemoApplication       : Starting DemoApplication using Java 21.0.11 with PID 40604 (C:\Users\y.cimmino\Desktop\BackEnd\simple-fetch-data\target\classes started by y.cimmino in C:\Users\y.cimmino\Desktop\BackEnd\simple-fetch-data)
2026-08-04T17:27:45.537+02:00  INFO 40604 --- [simpleFetchData] [main] it.eng.spring.demo.DemoApplication       : No active profile set, falling back to 1 default profile: "default"
2026-08-04T17:27:45.959+02:00  WARN 40604 --- [simpleFetchData] [main] ConfigServletWebServerApplicationContext : Exception encountered during context initialization - cancelling refresh attempt: org.springframework.beans.factory.BeanDefinitionStoreException: Failed to parse configuration class [it.eng.spring.demo.DemoApplication]
2026-08-04T17:27:46.319+02:00 ERROR 40604 --- [simpleFetchData] [main] o.s.boot.SpringApplication               : Application run failed

org.springframework.beans.factory.BeanDefinitionStoreException: Failed to parse configuration class [it.eng.spring.demo.DemoApplication]
	at org.springframework.context.annotation.ConfigurationClassParser.parse(ConfigurationClassParser.java:196) ~[spring-context-7.0.8.jar:7.0.8]
	at org.springframework.context.annotation.ConfigurationClassPostProcessor.processConfigBeanDefinitions(ConfigurationClassPostProcessor.java:452) ~[spring-context-7.0.8.jar:7.0.8]
	at org.springframework.context.annotation.ConfigurationClassPostProcessor.postProcessBeanDefinitionRegistry(ConfigurationClassPostProcessor.java:316) ~[spring-context-7.0.8.jar:7.0.8]
	at org.springframework.context.support.PostProcessorRegistrationDelegate.invokeBeanDefinitionRegistryPostProcessors(PostProcessorRegistrationDelegate.java:349) ~[spring-context-7.0.8.jar:7.0.8]
	at org.springframework.context.support.PostProcessorRegistrationDelegate.invokeBeanFactoryPostProcessors(PostProcessorRegistrationDelegate.java:118) ~[spring-context-7.0.8.jar:7.0.8]
	at org.springframework.context.support.AbstractApplicationContext.invokeBeanFactoryPostProcessors(AbstractApplicationContext.java:795) ~[spring-context-7.0.8.jar:7.0.8]
	at org.springframework.context.support.AbstractApplicationContext.refresh(AbstractApplicationContext.java:603) ~[spring-context-7.0.8.jar:7.0.8]
	at org.springframework.boot.web.server.servlet.context.ServletWebServerApplicationContext.refresh(ServletWebServerApplicationContext.java:143) ~[spring-boot-web-server-4.1.0.jar:4.1.0]
	at org.springframework.boot.SpringApplication.refresh(SpringApplication.java:756) ~[spring-boot-4.1.0.jar:4.1.0]
	at org.springframework.boot.SpringApplication.refreshContext(SpringApplication.java:445) ~[spring-boot-4.1.0.jar:4.1.0]
	at org.springframework.boot.SpringApplication.run(SpringApplication.java:321) ~[spring-boot-4.1.0.jar:4.1.0]
	at org.springframework.boot.SpringApplication.run(SpringApplication.java:1365) ~[spring-boot-4.1.0.jar:4.1.0]
	at org.springframework.boot.SpringApplication.run(SpringApplication.java:1354) ~[spring-boot-4.1.0.jar:4.1.0]
	at it.eng.spring.demo.DemoApplication.main(DemoApplication.java:10) ~[classes/:na]
Caused by: org.springframework.context.annotation.ConflictingBeanDefinitionException: Annotation-specified bean name 'clienteService' for bean class [it.eng.spring.demo.service.ClienteService] conflicts with existing, non-compatible bean definition of same name and class [it.eng.spring.demo.services.ClienteService]
	at org.springframework.context.annotation.ClassPathBeanDefinitionScanner.checkCandidate(ClassPathBeanDefinitionScanner.java:363) ~[spring-context-7.0.8.jar:7.0.8]
	at org.springframework.context.annotation.ClassPathBeanDefinitionScanner.doScan(ClassPathBeanDefinitionScanner.java:290) ~[spring-context-7.0.8.jar:7.0.8]
	at org.springframework.context.annotation.ComponentScanAnnotationParser.parse(ComponentScanAnnotationParser.java:128) ~[spring-context-7.0.8.jar:7.0.8]
	at org.springframework.context.annotation.ConfigurationClassParser.doProcessConfigurationClass(ConfigurationClassParser.java:349) ~[spring-context-7.0.8.jar:7.0.8]
	at org.springframework.context.annotation.ConfigurationClassParser.processConfigurationClass(ConfigurationClassParser.java:285) ~[spring-context-7.0.8.jar:7.0.8]
	at org.springframework.context.annotation.ConfigurationClassParser.parse(ConfigurationClassParser.java:206) ~[spring-context-7.0.8.jar:7.0.8]
	at org.springframework.context.annotation.ConfigurationClassParser.parse(ConfigurationClassParser.java:174) ~[spring-context-7.0.8.jar:7.0.8]
	... 13 common frames omitted

2026-08-04T17:28:20.353+02:00  INFO 30800 --- [simpleFetchData] [main] it.eng.spring.demo.DemoApplication       : Starting DemoApplication using Java 21.0.11 with PID 30800 (C:\Users\y.cimmino\Desktop\BackEnd\simple-fetch-data\target\classes started by y.cimmino in C:\Users\y.cimmino\Desktop\BackEnd\simple-fetch-data)
2026-08-04T17:28:20.369+02:00  INFO 30800 --- [simpleFetchData] [main] it.eng.spring.demo.DemoApplication       : No active profile set, falling back to 1 default profile: "default"
2026-08-04T17:28:20.748+02:00  WARN 30800 --- [simpleFetchData] [main] ConfigServletWebServerApplicationContext : Exception encountered during context initialization - cancelling refresh attempt: org.springframework.beans.factory.BeanDefinitionStoreException: Failed to parse configuration class [it.eng.spring.demo.DemoApplication]
2026-08-04T17:28:21.057+02:00 ERROR 30800 --- [simpleFetchData] [main] o.s.boot.SpringApplication               : Application run failed

org.springframework.beans.factory.BeanDefinitionStoreException: Failed to parse configuration class [it.eng.spring.demo.DemoApplication]
	at org.springframework.context.annotation.ConfigurationClassParser.parse(ConfigurationClassParser.java:196) ~[spring-context-7.0.8.jar:7.0.8]
	at org.springframework.context.annotation.ConfigurationClassPostProcessor.processConfigBeanDefinitions(ConfigurationClassPostProcessor.java:452) ~[spring-context-7.0.8.jar:7.0.8]
	at org.springframework.context.annotation.ConfigurationClassPostProcessor.postProcessBeanDefinitionRegistry(ConfigurationClassPostProcessor.java:316) ~[spring-context-7.0.8.jar:7.0.8]
	at org.springframework.context.support.PostProcessorRegistrationDelegate.invokeBeanDefinitionRegistryPostProcessors(PostProcessorRegistrationDelegate.java:349) ~[spring-context-7.0.8.jar:7.0.8]
	at org.springframework.context.support.PostProcessorRegistrationDelegate.invokeBeanFactoryPostProcessors(PostProcessorRegistrationDelegate.java:118) ~[spring-context-7.0.8.jar:7.0.8]
	at org.springframework.context.support.AbstractApplicationContext.invokeBeanFactoryPostProcessors(AbstractApplicationContext.java:795) ~[spring-context-7.0.8.jar:7.0.8]
	at org.springframework.context.support.AbstractApplicationContext.refresh(AbstractApplicationContext.java:603) ~[spring-context-7.0.8.jar:7.0.8]
	at org.springframework.boot.web.server.servlet.context.ServletWebServerApplicationContext.refresh(ServletWebServerApplicationContext.java:143) ~[spring-boot-web-server-4.1.0.jar:4.1.0]
	at org.springframework.boot.SpringApplication.refresh(SpringApplication.java:756) ~[spring-boot-4.1.0.jar:4.1.0]
	at org.springframework.boot.SpringApplication.refreshContext(SpringApplication.java:445) ~[spring-boot-4.1.0.jar:4.1.0]
	at org.springframework.boot.SpringApplication.run(SpringApplication.java:321) ~[spring-boot-4.1.0.jar:4.1.0]
	at org.springframework.boot.SpringApplication.run(SpringApplication.java:1365) ~[spring-boot-4.1.0.jar:4.1.0]
	at org.springframework.boot.SpringApplication.run(SpringApplication.java:1354) ~[spring-boot-4.1.0.jar:4.1.0]
	at it.eng.spring.demo.DemoApplication.main(DemoApplication.java:10) ~[classes/:na]
Caused by: org.springframework.context.annotation.ConflictingBeanDefinitionException: Annotation-specified bean name 'clienteService' for bean class [it.eng.spring.demo.service.ClienteService] conflicts with existing, non-compatible bean definition of same name and class [it.eng.spring.demo.services.ClienteService]
	at org.springframework.context.annotation.ClassPathBeanDefinitionScanner.checkCandidate(ClassPathBeanDefinitionScanner.java:363) ~[spring-context-7.0.8.jar:7.0.8]
	at org.springframework.context.annotation.ClassPathBeanDefinitionScanner.doScan(ClassPathBeanDefinitionScanner.java:290) ~[spring-context-7.0.8.jar:7.0.8]
	at org.springframework.context.annotation.ComponentScanAnnotationParser.parse(ComponentScanAnnotationParser.java:128) ~[spring-context-7.0.8.jar:7.0.8]
	at org.springframework.context.annotation.ConfigurationClassParser.doProcessConfigurationClass(ConfigurationClassParser.java:349) ~[spring-context-7.0.8.jar:7.0.8]
	at org.springframework.context.annotation.ConfigurationClassParser.processConfigurationClass(ConfigurationClassParser.java:285) ~[spring-context-7.0.8.jar:7.0.8]
	at org.springframework.context.annotation.ConfigurationClassParser.parse(ConfigurationClassParser.java:206) ~[spring-context-7.0.8.jar:7.0.8]
	at org.springframework.context.annotation.ConfigurationClassParser.parse(ConfigurationClassParser.java:174) ~[spring-context-7.0.8.jar:7.0.8]
	... 13 common frames omitted

2026-08-04T17:33:10.370+02:00  INFO 44796 --- [simpleFetchData] [main] it.eng.spring.demo.DemoApplication       : Starting DemoApplication using Java 21.0.11 with PID 44796 (C:\Users\y.cimmino\Desktop\BackEnd\simple-fetch-data\target\classes started by y.cimmino in C:\Users\y.cimmino\Desktop\BackEnd\simple-fetch-data)
2026-08-04T17:33:10.385+02:00  INFO 44796 --- [simpleFetchData] [main] it.eng.spring.demo.DemoApplication       : No active profile set, falling back to 1 default profile: "default"
2026-08-04T17:33:10.908+02:00  WARN 44796 --- [simpleFetchData] [main] ConfigServletWebServerApplicationContext : Exception encountered during context initialization - cancelling refresh attempt: org.springframework.beans.factory.BeanDefinitionStoreException: Failed to parse configuration class [it.eng.spring.demo.DemoApplication]
2026-08-04T17:33:11.273+02:00 ERROR 44796 --- [simpleFetchData] [main] o.s.boot.SpringApplication               : Application run failed

org.springframework.beans.factory.BeanDefinitionStoreException: Failed to parse configuration class [it.eng.spring.demo.DemoApplication]
	at org.springframework.context.annotation.ConfigurationClassParser.parse(ConfigurationClassParser.java:196) ~[spring-context-7.0.8.jar:7.0.8]
	at org.springframework.context.annotation.ConfigurationClassPostProcessor.processConfigBeanDefinitions(ConfigurationClassPostProcessor.java:452) ~[spring-context-7.0.8.jar:7.0.8]
	at org.springframework.context.annotation.ConfigurationClassPostProcessor.postProcessBeanDefinitionRegistry(ConfigurationClassPostProcessor.java:316) ~[spring-context-7.0.8.jar:7.0.8]
	at org.springframework.context.support.PostProcessorRegistrationDelegate.invokeBeanDefinitionRegistryPostProcessors(PostProcessorRegistrationDelegate.java:349) ~[spring-context-7.0.8.jar:7.0.8]
	at org.springframework.context.support.PostProcessorRegistrationDelegate.invokeBeanFactoryPostProcessors(PostProcessorRegistrationDelegate.java:118) ~[spring-context-7.0.8.jar:7.0.8]
	at org.springframework.context.support.AbstractApplicationContext.invokeBeanFactoryPostProcessors(AbstractApplicationContext.java:795) ~[spring-context-7.0.8.jar:7.0.8]
	at org.springframework.context.support.AbstractApplicationContext.refresh(AbstractApplicationContext.java:603) ~[spring-context-7.0.8.jar:7.0.8]
	at org.springframework.boot.web.server.servlet.context.ServletWebServerApplicationContext.refresh(ServletWebServerApplicationContext.java:143) ~[spring-boot-web-server-4.1.0.jar:4.1.0]
	at org.springframework.boot.SpringApplication.refresh(SpringApplication.java:756) ~[spring-boot-4.1.0.jar:4.1.0]
	at org.springframework.boot.SpringApplication.refreshContext(SpringApplication.java:445) ~[spring-boot-4.1.0.jar:4.1.0]
	at org.springframework.boot.SpringApplication.run(SpringApplication.java:321) ~[spring-boot-4.1.0.jar:4.1.0]
	at org.springframework.boot.SpringApplication.run(SpringApplication.java:1365) ~[spring-boot-4.1.0.jar:4.1.0]
	at org.springframework.boot.SpringApplication.run(SpringApplication.java:1354) ~[spring-boot-4.1.0.jar:4.1.0]
	at it.eng.spring.demo.DemoApplication.main(DemoApplication.java:10) ~[classes/:na]
Caused by: org.springframework.context.annotation.ConflictingBeanDefinitionException: Annotation-specified bean name 'clienteService' for bean class [it.eng.spring.demo.service.ClienteService] conflicts with existing, non-compatible bean definition of same name and class [it.eng.spring.demo.services.ClienteService]
	at org.springframework.context.annotation.ClassPathBeanDefinitionScanner.checkCandidate(ClassPathBeanDefinitionScanner.java:363) ~[spring-context-7.0.8.jar:7.0.8]
	at org.springframework.context.annotation.ClassPathBeanDefinitionScanner.doScan(ClassPathBeanDefinitionScanner.java:290) ~[spring-context-7.0.8.jar:7.0.8]
	at org.springframework.context.annotation.ComponentScanAnnotationParser.parse(ComponentScanAnnotationParser.java:128) ~[spring-context-7.0.8.jar:7.0.8]
	at org.springframework.context.annotation.ConfigurationClassParser.doProcessConfigurationClass(ConfigurationClassParser.java:349) ~[spring-context-7.0.8.jar:7.0.8]
	at org.springframework.context.annotation.ConfigurationClassParser.processConfigurationClass(ConfigurationClassParser.java:285) ~[spring-context-7.0.8.jar:7.0.8]
	at org.springframework.context.annotation.ConfigurationClassParser.parse(ConfigurationClassParser.java:206) ~[spring-context-7.0.8.jar:7.0.8]
	at org.springframework.context.annotation.ConfigurationClassParser.parse(ConfigurationClassParser.java:174) ~[spring-context-7.0.8.jar:7.0.8]
	... 13 common frames omitted

2026-08-04T17:34:32.645+02:00  INFO 24936 --- [simpleFetchData] [main] it.eng.spring.demo.DemoApplication       : Starting DemoApplication using Java 21.0.11 with PID 24936 (C:\Users\y.cimmino\Desktop\BackEnd\simple-fetch-data\target\classes started by y.cimmino in C:\Users\y.cimmino\Desktop\BackEnd\simple-fetch-data)
2026-08-04T17:34:32.663+02:00  INFO 24936 --- [simpleFetchData] [main] it.eng.spring.demo.DemoApplication       : No active profile set, falling back to 1 default profile: "default"
2026-08-04T17:34:33.010+02:00  WARN 24936 --- [simpleFetchData] [main] ConfigServletWebServerApplicationContext : Exception encountered during context initialization - cancelling refresh attempt: org.springframework.beans.factory.BeanDefinitionStoreException: Failed to parse configuration class [it.eng.spring.demo.DemoApplication]
2026-08-04T17:34:33.475+02:00 ERROR 24936 --- [simpleFetchData] [main] o.s.boot.SpringApplication               : Application run failed

org.springframework.beans.factory.BeanDefinitionStoreException: Failed to parse configuration class [it.eng.spring.demo.DemoApplication]
	at org.springframework.context.annotation.ConfigurationClassParser.parse(ConfigurationClassParser.java:196) ~[spring-context-7.0.8.jar:7.0.8]
	at org.springframework.context.annotation.ConfigurationClassPostProcessor.processConfigBeanDefinitions(ConfigurationClassPostProcessor.java:452) ~[spring-context-7.0.8.jar:7.0.8]
	at org.springframework.context.annotation.ConfigurationClassPostProcessor.postProcessBeanDefinitionRegistry(ConfigurationClassPostProcessor.java:316) ~[spring-context-7.0.8.jar:7.0.8]
	at org.springframework.context.support.PostProcessorRegistrationDelegate.invokeBeanDefinitionRegistryPostProcessors(PostProcessorRegistrationDelegate.java:349) ~[spring-context-7.0.8.jar:7.0.8]
	at org.springframework.context.support.PostProcessorRegistrationDelegate.invokeBeanFactoryPostProcessors(PostProcessorRegistrationDelegate.java:118) ~[spring-context-7.0.8.jar:7.0.8]
	at org.springframework.context.support.AbstractApplicationContext.invokeBeanFactoryPostProcessors(AbstractApplicationContext.java:795) ~[spring-context-7.0.8.jar:7.0.8]
	at org.springframework.context.support.AbstractApplicationContext.refresh(AbstractApplicationContext.java:603) ~[spring-context-7.0.8.jar:7.0.8]
	at org.springframework.boot.web.server.servlet.context.ServletWebServerApplicationContext.refresh(ServletWebServerApplicationContext.java:143) ~[spring-boot-web-server-4.1.0.jar:4.1.0]
	at org.springframework.boot.SpringApplication.refresh(SpringApplication.java:756) ~[spring-boot-4.1.0.jar:4.1.0]
	at org.springframework.boot.SpringApplication.refreshContext(SpringApplication.java:445) ~[spring-boot-4.1.0.jar:4.1.0]
	at org.springframework.boot.SpringApplication.run(SpringApplication.java:321) ~[spring-boot-4.1.0.jar:4.1.0]
	at org.springframework.boot.SpringApplication.run(SpringApplication.java:1365) ~[spring-boot-4.1.0.jar:4.1.0]
	at org.springframework.boot.SpringApplication.run(SpringApplication.java:1354) ~[spring-boot-4.1.0.jar:4.1.0]
	at it.eng.spring.demo.DemoApplication.main(DemoApplication.java:10) ~[classes/:na]
Caused by: org.springframework.context.annotation.ConflictingBeanDefinitionException: Annotation-specified bean name 'clienteService' for bean class [it.eng.spring.demo.service.ClienteService] conflicts with existing, non-compatible bean definition of same name and class [it.eng.spring.demo.services.ClienteService]
	at org.springframework.context.annotation.ClassPathBeanDefinitionScanner.checkCandidate(ClassPathBeanDefinitionScanner.java:363) ~[spring-context-7.0.8.jar:7.0.8]
	at org.springframework.context.annotation.ClassPathBeanDefinitionScanner.doScan(ClassPathBeanDefinitionScanner.java:290) ~[spring-context-7.0.8.jar:7.0.8]
	at org.springframework.context.annotation.ComponentScanAnnotationParser.parse(ComponentScanAnnotationParser.java:128) ~[spring-context-7.0.8.jar:7.0.8]
	at org.springframework.context.annotation.ConfigurationClassParser.doProcessConfigurationClass(ConfigurationClassParser.java:349) ~[spring-context-7.0.8.jar:7.0.8]
	at org.springframework.context.annotation.ConfigurationClassParser.processConfigurationClass(ConfigurationClassParser.java:285) ~[spring-context-7.0.8.jar:7.0.8]
	at org.springframework.context.annotation.ConfigurationClassParser.parse(ConfigurationClassParser.java:206) ~[spring-context-7.0.8.jar:7.0.8]
	at org.springframework.context.annotation.ConfigurationClassParser.parse(ConfigurationClassParser.java:174) ~[spring-context-7.0.8.jar:7.0.8]
	... 13 common frames omitted

2026-08-04T17:36:04.821+02:00  INFO 64324 --- [simpleFetchData] [main] it.eng.spring.demo.DemoApplication       : Starting DemoApplication using Java 21.0.11 with PID 64324 (C:\Users\y.cimmino\Desktop\BackEnd\simple-fetch-data\target\classes started by y.cimmino in C:\Users\y.cimmino\Desktop\BackEnd\simple-fetch-data)
2026-08-04T17:36:04.829+02:00  INFO 64324 --- [simpleFetchData] [main] it.eng.spring.demo.DemoApplication       : No active profile set, falling back to 1 default profile: "default"
2026-08-04T17:36:05.194+02:00  WARN 64324 --- [simpleFetchData] [main] ConfigServletWebServerApplicationContext : Exception encountered during context initialization - cancelling refresh attempt: org.springframework.beans.factory.BeanDefinitionStoreException: Failed to parse configuration class [it.eng.spring.demo.DemoApplication]
2026-08-04T17:36:05.622+02:00 ERROR 64324 --- [simpleFetchData] [main] o.s.boot.SpringApplication               : Application run failed

org.springframework.beans.factory.BeanDefinitionStoreException: Failed to parse configuration class [it.eng.spring.demo.DemoApplication]
	at org.springframework.context.annotation.ConfigurationClassParser.parse(ConfigurationClassParser.java:196) ~[spring-context-7.0.8.jar:7.0.8]
	at org.springframework.context.annotation.ConfigurationClassPostProcessor.processConfigBeanDefinitions(ConfigurationClassPostProcessor.java:452) ~[spring-context-7.0.8.jar:7.0.8]
	at org.springframework.context.annotation.ConfigurationClassPostProcessor.postProcessBeanDefinitionRegistry(ConfigurationClassPostProcessor.java:316) ~[spring-context-7.0.8.jar:7.0.8]
	at org.springframework.context.support.PostProcessorRegistrationDelegate.invokeBeanDefinitionRegistryPostProcessors(PostProcessorRegistrationDelegate.java:349) ~[spring-context-7.0.8.jar:7.0.8]
	at org.springframework.context.support.PostProcessorRegistrationDelegate.invokeBeanFactoryPostProcessors(PostProcessorRegistrationDelegate.java:118) ~[spring-context-7.0.8.jar:7.0.8]
	at org.springframework.context.support.AbstractApplicationContext.invokeBeanFactoryPostProcessors(AbstractApplicationContext.java:795) ~[spring-context-7.0.8.jar:7.0.8]
	at org.springframework.context.support.AbstractApplicationContext.refresh(AbstractApplicationContext.java:603) ~[spring-context-7.0.8.jar:7.0.8]
	at org.springframework.boot.web.server.servlet.context.ServletWebServerApplicationContext.refresh(ServletWebServerApplicationContext.java:143) ~[spring-boot-web-server-4.1.0.jar:4.1.0]
	at org.springframework.boot.SpringApplication.refresh(SpringApplication.java:756) ~[spring-boot-4.1.0.jar:4.1.0]
	at org.springframework.boot.SpringApplication.refreshContext(SpringApplication.java:445) ~[spring-boot-4.1.0.jar:4.1.0]
	at org.springframework.boot.SpringApplication.run(SpringApplication.java:321) ~[spring-boot-4.1.0.jar:4.1.0]
	at org.springframework.boot.SpringApplication.run(SpringApplication.java:1365) ~[spring-boot-4.1.0.jar:4.1.0]
	at org.springframework.boot.SpringApplication.run(SpringApplication.java:1354) ~[spring-boot-4.1.0.jar:4.1.0]
	at it.eng.spring.demo.DemoApplication.main(DemoApplication.java:10) ~[classes/:na]
Caused by: org.springframework.context.annotation.ConflictingBeanDefinitionException: Annotation-specified bean name 'clienteService' for bean class [it.eng.spring.demo.service.ClienteService] conflicts with existing, non-compatible bean definition of same name and class [it.eng.spring.demo.services.ClienteService]
	at org.springframework.context.annotation.ClassPathBeanDefinitionScanner.checkCandidate(ClassPathBeanDefinitionScanner.java:363) ~[spring-context-7.0.8.jar:7.0.8]
	at org.springframework.context.annotation.ClassPathBeanDefinitionScanner.doScan(ClassPathBeanDefinitionScanner.java:290) ~[spring-context-7.0.8.jar:7.0.8]
	at org.springframework.context.annotation.ComponentScanAnnotationParser.parse(ComponentScanAnnotationParser.java:128) ~[spring-context-7.0.8.jar:7.0.8]
	at org.springframework.context.annotation.ConfigurationClassParser.doProcessConfigurationClass(ConfigurationClassParser.java:349) ~[spring-context-7.0.8.jar:7.0.8]
	at org.springframework.context.annotation.ConfigurationClassParser.processConfigurationClass(ConfigurationClassParser.java:285) ~[spring-context-7.0.8.jar:7.0.8]
	at org.springframework.context.annotation.ConfigurationClassParser.parse(ConfigurationClassParser.java:206) ~[spring-context-7.0.8.jar:7.0.8]
	at org.springframework.context.annotation.ConfigurationClassParser.parse(ConfigurationClassParser.java:174) ~[spring-context-7.0.8.jar:7.0.8]
	... 13 common frames omitted

2026-08-04T17:37:21.705+02:00  INFO 41912 --- [simpleFetchData] [main] it.eng.spring.demo.DemoApplication       : Starting DemoApplication using Java 21.0.11 with PID 41912 (C:\Users\y.cimmino\Desktop\BackEnd\simple-fetch-data\target\classes started by y.cimmino in C:\Users\y.cimmino\Desktop\BackEnd\simple-fetch-data)
2026-08-04T17:37:21.715+02:00  INFO 41912 --- [simpleFetchData] [main] it.eng.spring.demo.DemoApplication       : No active profile set, falling back to 1 default profile: "default"
2026-08-04T17:37:22.148+02:00  WARN 41912 --- [simpleFetchData] [main] ConfigServletWebServerApplicationContext : Exception encountered during context initialization - cancelling refresh attempt: org.springframework.beans.factory.BeanDefinitionStoreException: Failed to parse configuration class [it.eng.spring.demo.DemoApplication]
2026-08-04T17:37:22.574+02:00 ERROR 41912 --- [simpleFetchData] [main] o.s.boot.SpringApplication               : Application run failed

org.springframework.beans.factory.BeanDefinitionStoreException: Failed to parse configuration class [it.eng.spring.demo.DemoApplication]
	at org.springframework.context.annotation.ConfigurationClassParser.parse(ConfigurationClassParser.java:196) ~[spring-context-7.0.8.jar:7.0.8]
	at org.springframework.context.annotation.ConfigurationClassPostProcessor.processConfigBeanDefinitions(ConfigurationClassPostProcessor.java:452) ~[spring-context-7.0.8.jar:7.0.8]
	at org.springframework.context.annotation.ConfigurationClassPostProcessor.postProcessBeanDefinitionRegistry(ConfigurationClassPostProcessor.java:316) ~[spring-context-7.0.8.jar:7.0.8]
	at org.springframework.context.support.PostProcessorRegistrationDelegate.invokeBeanDefinitionRegistryPostProcessors(PostProcessorRegistrationDelegate.java:349) ~[spring-context-7.0.8.jar:7.0.8]
	at org.springframework.context.support.PostProcessorRegistrationDelegate.invokeBeanFactoryPostProcessors(PostProcessorRegistrationDelegate.java:118) ~[spring-context-7.0.8.jar:7.0.8]
	at org.springframework.context.support.AbstractApplicationContext.invokeBeanFactoryPostProcessors(AbstractApplicationContext.java:795) ~[spring-context-7.0.8.jar:7.0.8]
	at org.springframework.context.support.AbstractApplicationContext.refresh(AbstractApplicationContext.java:603) ~[spring-context-7.0.8.jar:7.0.8]
	at org.springframework.boot.web.server.servlet.context.ServletWebServerApplicationContext.refresh(ServletWebServerApplicationContext.java:143) ~[spring-boot-web-server-4.1.0.jar:4.1.0]
	at org.springframework.boot.SpringApplication.refresh(SpringApplication.java:756) ~[spring-boot-4.1.0.jar:4.1.0]
	at org.springframework.boot.SpringApplication.refreshContext(SpringApplication.java:445) ~[spring-boot-4.1.0.jar:4.1.0]
	at org.springframework.boot.SpringApplication.run(SpringApplication.java:321) ~[spring-boot-4.1.0.jar:4.1.0]
	at org.springframework.boot.SpringApplication.run(SpringApplication.java:1365) ~[spring-boot-4.1.0.jar:4.1.0]
	at org.springframework.boot.SpringApplication.run(SpringApplication.java:1354) ~[spring-boot-4.1.0.jar:4.1.0]
	at it.eng.spring.demo.DemoApplication.main(DemoApplication.java:10) ~[classes/:na]
Caused by: org.springframework.context.annotation.ConflictingBeanDefinitionException: Annotation-specified bean name 'clienteService' for bean class [it.eng.spring.demo.service.ClienteService] conflicts with existing, non-compatible bean definition of same name and class [it.eng.spring.demo.services.ClienteService]
	at org.springframework.context.annotation.ClassPathBeanDefinitionScanner.checkCandidate(ClassPathBeanDefinitionScanner.java:363) ~[spring-context-7.0.8.jar:7.0.8]
	at org.springframework.context.annotation.ClassPathBeanDefinitionScanner.doScan(ClassPathBeanDefinitionScanner.java:290) ~[spring-context-7.0.8.jar:7.0.8]
	at org.springframework.context.annotation.ComponentScanAnnotationParser.parse(ComponentScanAnnotationParser.java:128) ~[spring-context-7.0.8.jar:7.0.8]
	at org.springframework.context.annotation.ConfigurationClassParser.doProcessConfigurationClass(ConfigurationClassParser.java:349) ~[spring-context-7.0.8.jar:7.0.8]
	at org.springframework.context.annotation.ConfigurationClassParser.processConfigurationClass(ConfigurationClassParser.java:285) ~[spring-context-7.0.8.jar:7.0.8]
	at org.springframework.context.annotation.ConfigurationClassParser.parse(ConfigurationClassParser.java:206) ~[spring-context-7.0.8.jar:7.0.8]
	at org.springframework.context.annotation.ConfigurationClassParser.parse(ConfigurationClassParser.java:174) ~[spring-context-7.0.8.jar:7.0.8]
	... 13 common frames omitted

2026-08-04T17:38:16.461+02:00  INFO 55620 --- [simpleFetchData] [main] it.eng.spring.demo.DemoApplication       : Starting DemoApplication using Java 21.0.11 with PID 55620 (C:\Users\y.cimmino\Desktop\BackEnd\simple-fetch-data\target\classes started by y.cimmino in C:\Users\y.cimmino\Desktop\BackEnd\simple-fetch-data)
2026-08-04T17:38:16.469+02:00  INFO 55620 --- [simpleFetchData] [main] it.eng.spring.demo.DemoApplication       : No active profile set, falling back to 1 default profile: "default"
2026-08-04T17:38:18.069+02:00  INFO 55620 --- [simpleFetchData] [main] o.s.boot.tomcat.TomcatWebServer          : Tomcat initialized with port 8080 (http)
2026-08-04T17:38:18.087+02:00  INFO 55620 --- [simpleFetchData] [main] o.apache.catalina.core.StandardService   : Starting service [Tomcat]
2026-08-04T17:38:18.087+02:00  INFO 55620 --- [simpleFetchData] [main] o.apache.catalina.core.StandardEngine    : Starting Servlet engine: [Apache Tomcat/11.0.22]
2026-08-04T17:38:18.152+02:00  INFO 55620 --- [simpleFetchData] [main] b.w.c.s.WebApplicationContextInitializer : Root WebApplicationContext: initialization completed in 1549 ms
2026-08-04T17:38:18.819+02:00  INFO 55620 --- [simpleFetchData] [main] o.s.boot.tomcat.TomcatWebServer          : Tomcat started on port 8080 (http) with context path '/'
2026-08-04T17:38:18.827+02:00  INFO 55620 --- [simpleFetchData] [main] it.eng.spring.demo.DemoApplication       : Started DemoApplication in 3.118 seconds (process running for 3.777)
2026-08-04T17:38:22.738+02:00  INFO 55620 --- [simpleFetchData] [http-nio-8080-exec-1] o.a.c.c.C.[Tomcat].[localhost].[/]       : Initializing Spring DispatcherServlet 'dispatcherServlet'
2026-08-04T17:38:22.739+02:00  INFO 55620 --- [simpleFetchData] [http-nio-8080-exec-1] o.s.web.servlet.DispatcherServlet        : Initializing Servlet 'dispatcherServlet'
2026-08-04T17:38:22.741+02:00  INFO 55620 --- [simpleFetchData] [http-nio-8080-exec-1] o.s.web.servlet.DispatcherServlet        : Completed initialization in 1 ms
2026-08-04T17:38:22.845+02:00  INFO 55620 --- [simpleFetchData] [http-nio-8080-exec-1] i.e.s.demo.controller.ClienteController  : NOME: simpleFetchData
2026-08-04T17:38:36.801+02:00  INFO 44540 --- [simpleFetchData] [main] it.eng.spring.demo.DemoApplication       : Starting DemoApplication using Java 21.0.11 with PID 44540 (C:\Users\y.cimmino\Desktop\BackEnd\simple-fetch-data\target\classes started by y.cimmino in C:\Users\y.cimmino\Desktop\BackEnd\simple-fetch-data)
2026-08-04T17:38:36.809+02:00  INFO 44540 --- [simpleFetchData] [main] it.eng.spring.demo.DemoApplication       : No active profile set, falling back to 1 default profile: "default"
2026-08-04T17:38:38.371+02:00  INFO 44540 --- [simpleFetchData] [main] o.s.boot.tomcat.TomcatWebServer          : Tomcat initialized with port 8080 (http)
2026-08-04T17:38:38.399+02:00  INFO 44540 --- [simpleFetchData] [main] o.apache.catalina.core.StandardService   : Starting service [Tomcat]
2026-08-04T17:38:38.400+02:00  INFO 44540 --- [simpleFetchData] [main] o.apache.catalina.core.StandardEngine    : Starting Servlet engine: [Apache Tomcat/11.0.22]
2026-08-04T17:38:38.475+02:00  INFO 44540 --- [simpleFetchData] [main] b.w.c.s.WebApplicationContextInitializer : Root WebApplicationContext: initialization completed in 1543 ms
2026-08-04T17:38:39.036+02:00  INFO 44540 --- [simpleFetchData] [main] o.s.boot.tomcat.TomcatWebServer          : Tomcat started on port 8080 (http) with context path '/'
2026-08-04T17:38:39.046+02:00  INFO 44540 --- [simpleFetchData] [main] it.eng.spring.demo.DemoApplication       : Started DemoApplication in 3.026 seconds (process running for 3.685)
2026-08-04T17:38:46.315+02:00  INFO 44540 --- [simpleFetchData] [http-nio-8080-exec-1] o.a.c.c.C.[Tomcat].[localhost].[/]       : Initializing Spring DispatcherServlet 'dispatcherServlet'
2026-08-04T17:38:46.316+02:00  INFO 44540 --- [simpleFetchData] [http-nio-8080-exec-1] o.s.web.servlet.DispatcherServlet        : Initializing Servlet 'dispatcherServlet'
2026-08-04T17:38:46.319+02:00  INFO 44540 --- [simpleFetchData] [http-nio-8080-exec-1] o.s.web.servlet.DispatcherServlet        : Completed initialization in 1 ms
2026-08-04T17:38:46.394+02:00  INFO 44540 --- [simpleFetchData] [http-nio-8080-exec-1] i.e.s.demo.controller.ClienteController  : NOME: simpleFetchData
2026-08-04T17:40:58.881+02:00  INFO 13616 --- [simpleFetchData] [main] it.eng.spring.demo.DemoApplication       : Starting DemoApplication using Java 21.0.11 with PID 13616 (C:\Users\y.cimmino\Desktop\BackEnd\simple-fetch-data\target\classes started by y.cimmino in C:\Users\y.cimmino\Desktop\BackEnd\simple-fetch-data)
2026-08-04T17:40:58.890+02:00  INFO 13616 --- [simpleFetchData] [main] it.eng.spring.demo.DemoApplication       : No active profile set, falling back to 1 default profile: "default"
2026-08-04T17:41:00.496+02:00  INFO 13616 --- [simpleFetchData] [main] o.s.boot.tomcat.TomcatWebServer          : Tomcat initialized with port 8080 (http)
2026-08-04T17:41:00.517+02:00  INFO 13616 --- [simpleFetchData] [main] o.apache.catalina.core.StandardService   : Starting service [Tomcat]
2026-08-04T17:41:00.518+02:00  INFO 13616 --- [simpleFetchData] [main] o.apache.catalina.core.StandardEngine    : Starting Servlet engine: [Apache Tomcat/11.0.22]
2026-08-04T17:41:00.584+02:00  INFO 13616 --- [simpleFetchData] [main] b.w.c.s.WebApplicationContextInitializer : Root WebApplicationContext: initialization completed in 1583 ms
2026-08-04T17:41:01.155+02:00  INFO 13616 --- [simpleFetchData] [main] o.s.boot.tomcat.TomcatWebServer          : Tomcat started on port 8080 (http) with context path '/'
2026-08-04T17:41:01.165+02:00  INFO 13616 --- [simpleFetchData] [main] it.eng.spring.demo.DemoApplication       : Started DemoApplication in 3.079 seconds (process running for 3.746)
2026-08-04T17:41:04.004+02:00  INFO 13616 --- [simpleFetchData] [http-nio-8080-exec-1] o.a.c.c.C.[Tomcat].[localhost].[/]       : Initializing Spring DispatcherServlet 'dispatcherServlet'
2026-08-04T17:41:04.005+02:00  INFO 13616 --- [simpleFetchData] [http-nio-8080-exec-1] o.s.web.servlet.DispatcherServlet        : Initializing Servlet 'dispatcherServlet'
2026-08-04T17:41:04.008+02:00  INFO 13616 --- [simpleFetchData] [http-nio-8080-exec-1] o.s.web.servlet.DispatcherServlet        : Completed initialization in 3 ms
2026-08-04T17:41:04.104+02:00 ERROR 13616 --- [simpleFetchData] [http-nio-8080-exec-1] o.a.c.c.C.[.[.[/].[dispatcherServlet]    : Servlet.service() for servlet [dispatcherServlet] in context with path [] threw exception [Handler dispatch failed: java.lang.Error: Unresolved compilation problems: 
	Syntax error, insert ")" to complete MethodInvocation
	Syntax error, insert ";" to complete ReturnStatement
	Syntax error, insert "}" to complete Block
] with root cause

java.lang.Error: Unresolved compilation problems: 
	Syntax error, insert ")" to complete MethodInvocation
	Syntax error, insert ";" to complete ReturnStatement
	Syntax error, insert "}" to complete Block

	at it.eng.spring.demo.controller.ClienteController.getNomeApplicazione(ClienteController.java:53) ~[classes/:na]
	at java.base/jdk.internal.reflect.DirectMethodHandleAccessor.invoke(DirectMethodHandleAccessor.java:103) ~[na:na]
	at java.base/java.lang.reflect.Method.invoke(Method.java:580) ~[na:na]
	at org.springframework.web.method.support.InvocableHandlerMethod.doInvoke(InvocableHandlerMethod.java:252) ~[spring-web-7.0.8.jar:7.0.8]
	at org.springframework.web.method.support.InvocableHandlerMethod.invokeForRequest(InvocableHandlerMethod.java:184) ~[spring-web-7.0.8.jar:7.0.8]
	at org.springframework.web.servlet.mvc.method.annotation.ServletInvocableHandlerMethod.invokeAndHandle(ServletInvocableHandlerMethod.java:117) ~[spring-webmvc-7.0.8.jar:7.0.8]
	at org.springframework.web.servlet.mvc.method.annotation.RequestMappingHandlerAdapter.invokeHandlerMethod(RequestMappingHandlerAdapter.java:934) ~[spring-webmvc-7.0.8.jar:7.0.8]
	at org.springframework.web.servlet.mvc.method.annotation.RequestMappingHandlerAdapter.handleInternal(RequestMappingHandlerAdapter.java:853) ~[spring-webmvc-7.0.8.jar:7.0.8]
	at org.springframework.web.servlet.mvc.method.AbstractHandlerMethodAdapter.handle(AbstractHandlerMethodAdapter.java:86) ~[spring-webmvc-7.0.8.jar:7.0.8]
	at org.springframework.web.servlet.DispatcherServlet.doDispatch(DispatcherServlet.java:963) ~[spring-webmvc-7.0.8.jar:7.0.8]
	at org.springframework.web.servlet.DispatcherServlet.doService(DispatcherServlet.java:866) ~[spring-webmvc-7.0.8.jar:7.0.8]
	at org.springframework.web.servlet.FrameworkServlet.processRequest(FrameworkServlet.java:1000) ~[spring-webmvc-7.0.8.jar:7.0.8]
	at org.springframework.web.servlet.FrameworkServlet.doGet(FrameworkServlet.java:892) ~[spring-webmvc-7.0.8.jar:7.0.8]
	at jakarta.servlet.http.HttpServlet.service(HttpServlet.java:622) ~[tomcat-embed-core-11.0.22.jar:6.1]
	at org.springframework.web.servlet.FrameworkServlet.service(FrameworkServlet.java:874) ~[spring-webmvc-7.0.8.jar:7.0.8]
	at jakarta.servlet.http.HttpServlet.service(HttpServlet.java:710) ~[tomcat-embed-core-11.0.22.jar:6.1]
	at org.apache.catalina.core.ApplicationFilterChain.doFilter(ApplicationFilterChain.java:128) ~[tomcat-embed-core-11.0.22.jar:11.0.22]
	at org.apache.tomcat.websocket.server.WsFilter.doFilter(WsFilter.java:53) ~[tomcat-embed-websocket-11.0.22.jar:11.0.22]
	at org.apache.catalina.core.ApplicationFilterChain.doFilter(ApplicationFilterChain.java:107) ~[tomcat-embed-core-11.0.22.jar:11.0.22]
	at org.springframework.web.filter.RequestContextFilter.doFilterInternal(RequestContextFilter.java:100) ~[spring-web-7.0.8.jar:7.0.8]
	at org.springframework.web.filter.OncePerRequestFilter.doFilter(OncePerRequestFilter.java:116) ~[spring-web-7.0.8.jar:7.0.8]
	at org.apache.catalina.core.ApplicationFilterChain.doFilter(ApplicationFilterChain.java:107) ~[tomcat-embed-core-11.0.22.jar:11.0.22]
	at org.springframework.web.filter.FormContentFilter.doFilterInternal(FormContentFilter.java:93) ~[spring-web-7.0.8.jar:7.0.8]
	at org.springframework.web.filter.OncePerRequestFilter.doFilter(OncePerRequestFilter.java:116) ~[spring-web-7.0.8.jar:7.0.8]
	at org.apache.catalina.core.ApplicationFilterChain.doFilter(ApplicationFilterChain.java:107) ~[tomcat-embed-core-11.0.22.jar:11.0.22]
	at org.springframework.web.filter.CharacterEncodingFilter.doFilterInternal(CharacterEncodingFilter.java:199) ~[spring-web-7.0.8.jar:7.0.8]
	at org.springframework.web.filter.OncePerRequestFilter.doFilter(OncePerRequestFilter.java:116) ~[spring-web-7.0.8.jar:7.0.8]
	at org.apache.catalina.core.ApplicationFilterChain.doFilter(ApplicationFilterChain.java:107) ~[tomcat-embed-core-11.0.22.jar:11.0.22]
	at org.apache.catalina.core.StandardWrapperValve.invoke(StandardWrapperValve.java:165) ~[tomcat-embed-core-11.0.22.jar:11.0.22]
	at org.apache.catalina.core.StandardContextValve.invoke(StandardContextValve.java:77) ~[tomcat-embed-core-11.0.22.jar:11.0.22]
	at org.apache.catalina.authenticator.AuthenticatorBase.invoke(AuthenticatorBase.java:492) ~[tomcat-embed-core-11.0.22.jar:11.0.22]
	at org.apache.catalina.core.StandardHostValve.invoke(StandardHostValve.java:113) ~[tomcat-embed-core-11.0.22.jar:11.0.22]
	at org.apache.catalina.valves.ErrorReportValve.invoke(ErrorReportValve.java:83) ~[tomcat-embed-core-11.0.22.jar:11.0.22]
	at org.apache.catalina.core.StandardEngineValve.invoke(StandardEngineValve.java:72) ~[tomcat-embed-core-11.0.22.jar:11.0.22]
	at org.apache.catalina.connector.CoyoteAdapter.service(CoyoteAdapter.java:341) ~[tomcat-embed-core-11.0.22.jar:11.0.22]
	at org.apache.coyote.http11.Http11Processor.service(Http11Processor.java:397) ~[tomcat-embed-core-11.0.22.jar:11.0.22]
	at org.apache.coyote.AbstractProcessorLight.process(AbstractProcessorLight.java:63) ~[tomcat-embed-core-11.0.22.jar:11.0.22]
	at org.apache.coyote.AbstractProtocol$ConnectionHandler.process(AbstractProtocol.java:1272) ~[tomcat-embed-core-11.0.22.jar:11.0.22]
	at org.apache.tomcat.util.net.NioEndpoint$SocketProcessor.doRun(NioEndpoint.java:1801) ~[tomcat-embed-core-11.0.22.jar:11.0.22]
	at org.apache.tomcat.util.net.SocketProcessorBase.run(SocketProcessorBase.java:52) ~[tomcat-embed-core-11.0.22.jar:11.0.22]
	at org.apache.tomcat.util.threads.ThreadPoolExecutor.runWorker(ThreadPoolExecutor.java:946) ~[tomcat-embed-core-11.0.22.jar:11.0.22]
	at org.apache.tomcat.util.threads.ThreadPoolExecutor$Worker.run(ThreadPoolExecutor.java:480) ~[tomcat-embed-core-11.0.22.jar:11.0.22]
	at org.apache.tomcat.util.threads.TaskThread$WrappingRunnable.run(TaskThread.java:57) ~[tomcat-embed-core-11.0.22.jar:11.0.22]
	at java.base/java.lang.Thread.run(Thread.java:1583) ~[na:na]

2026-08-04T17:42:08.670+02:00  INFO 22536 --- [simpleFetchData] [main] it.eng.spring.demo.DemoApplication       : Starting DemoApplication using Java 21.0.11 with PID 22536 (C:\Users\y.cimmino\Desktop\BackEnd\simple-fetch-data\target\classes started by y.cimmino in C:\Users\y.cimmino\Desktop\BackEnd\simple-fetch-data)
2026-08-04T17:42:08.679+02:00  INFO 22536 --- [simpleFetchData] [main] it.eng.spring.demo.DemoApplication       : No active profile set, falling back to 1 default profile: "default"
2026-08-04T17:42:10.555+02:00  INFO 22536 --- [simpleFetchData] [main] o.s.boot.tomcat.TomcatWebServer          : Tomcat initialized with port 8080 (http)
2026-08-04T17:42:10.575+02:00  INFO 22536 --- [simpleFetchData] [main] o.apache.catalina.core.StandardService   : Starting service [Tomcat]
2026-08-04T17:42:10.576+02:00  INFO 22536 --- [simpleFetchData] [main] o.apache.catalina.core.StandardEngine    : Starting Servlet engine: [Apache Tomcat/11.0.22]
2026-08-04T17:42:10.662+02:00  INFO 22536 --- [simpleFetchData] [main] b.w.c.s.WebApplicationContextInitializer : Root WebApplicationContext: initialization completed in 1851 ms
2026-08-04T17:42:11.798+02:00  INFO 22536 --- [simpleFetchData] [main] o.s.boot.tomcat.TomcatWebServer          : Tomcat started on port 8080 (http) with context path '/'
2026-08-04T17:42:11.823+02:00  INFO 22536 --- [simpleFetchData] [main] it.eng.spring.demo.DemoApplication       : Started DemoApplication in 4.028 seconds (process running for 4.757)
2026-08-04T17:42:13.195+02:00  INFO 22536 --- [simpleFetchData] [http-nio-8080-exec-1] o.a.c.c.C.[Tomcat].[localhost].[/]       : Initializing Spring DispatcherServlet 'dispatcherServlet'
2026-08-04T17:42:13.196+02:00  INFO 22536 --- [simpleFetchData] [http-nio-8080-exec-1] o.s.web.servlet.DispatcherServlet        : Initializing Servlet 'dispatcherServlet'
2026-08-04T17:42:13.199+02:00  INFO 22536 --- [simpleFetchData] [http-nio-8080-exec-1] o.s.web.servlet.DispatcherServlet        : Completed initialization in 2 ms
2026-08-04T17:42:13.288+02:00  INFO 22536 --- [simpleFetchData] [http-nio-8080-exec-1] i.e.s.demo.controller.ClienteController  : NOME: simpleFetchData
2026-08-04T17:42:16.277+02:00 ERROR 22536 --- [simpleFetchData] [http-nio-8080-exec-2] i.e.s.demo.controller.ClienteController  : ERROR
2026-08-04T17:42:16.278+02:00  WARN 22536 --- [simpleFetchData] [http-nio-8080-exec-2] i.e.s.demo.controller.ClienteController  : WARN
2026-08-04T17:42:16.278+02:00  INFO 22536 --- [simpleFetchData] [http-nio-8080-exec-2] i.e.s.demo.controller.ClienteController  : INFO
2026-08-04T17:44:23.730+02:00  INFO 37160 --- [simpleFetchData] [main] it.eng.spring.demo.DemoApplication       : Starting DemoApplication using Java 21.0.11 with PID 37160 (C:\Users\y.cimmino\Desktop\BackEnd\simple-fetch-data\target\classes started by y.cimmino in C:\Users\y.cimmino\Desktop\BackEnd\simple-fetch-data)
2026-08-04T17:44:23.739+02:00  INFO 37160 --- [simpleFetchData] [main] it.eng.spring.demo.DemoApplication       : No active profile set, falling back to 1 default profile: "default"
2026-08-04T17:44:25.908+02:00  INFO 37160 --- [simpleFetchData] [main] o.s.boot.tomcat.TomcatWebServer          : Tomcat initialized with port 8080 (http)
2026-08-04T17:44:25.935+02:00  INFO 37160 --- [simpleFetchData] [main] o.apache.catalina.core.StandardService   : Starting service [Tomcat]
2026-08-04T17:44:25.935+02:00  INFO 37160 --- [simpleFetchData] [main] o.apache.catalina.core.StandardEngine    : Starting Servlet engine: [Apache Tomcat/11.0.22]
2026-08-04T17:44:26.053+02:00  INFO 37160 --- [simpleFetchData] [main] b.w.c.s.WebApplicationContextInitializer : Root WebApplicationContext: initialization completed in 2176 ms
2026-08-04T17:44:27.025+02:00  INFO 37160 --- [simpleFetchData] [main] o.s.boot.tomcat.TomcatWebServer          : Tomcat started on port 8080 (http) with context path '/'
2026-08-04T17:44:27.033+02:00  INFO 37160 --- [simpleFetchData] [main] it.eng.spring.demo.DemoApplication       : Started DemoApplication in 4.193 seconds (process running for 4.912)
2026-08-04T17:44:29.014+02:00  INFO 37160 --- [simpleFetchData] [http-nio-8080-exec-1] o.a.c.c.C.[Tomcat].[localhost].[/]       : Initializing Spring DispatcherServlet 'dispatcherServlet'
2026-08-04T17:44:29.015+02:00  INFO 37160 --- [simpleFetchData] [http-nio-8080-exec-1] o.s.web.servlet.DispatcherServlet        : Initializing Servlet 'dispatcherServlet'
2026-08-04T17:44:29.017+02:00  INFO 37160 --- [simpleFetchData] [http-nio-8080-exec-1] o.s.web.servlet.DispatcherServlet        : Completed initialization in 2 ms
2026-08-04T17:44:29.097+02:00  INFO 37160 --- [simpleFetchData] [http-nio-8080-exec-1] i.e.s.demo.controller.ClienteController  : NOME: simpleFetchData
2026-08-04T17:44:31.111+02:00 ERROR 37160 --- [simpleFetchData] [http-nio-8080-exec-2] i.e.s.demo.controller.ClienteController  : ERROR
2026-08-04T17:44:31.112+02:00  WARN 37160 --- [simpleFetchData] [http-nio-8080-exec-2] i.e.s.demo.controller.ClienteController  : WARN
2026-08-04T17:44:31.112+02:00  INFO 37160 --- [simpleFetchData] [http-nio-8080-exec-2] i.e.s.demo.controller.ClienteController  : INFO
2026-08-04T17:44:32.217+02:00 ERROR 37160 --- [simpleFetchData] [http-nio-8080-exec-3] i.e.s.demo.controller.ClienteController  : ERROR
2026-08-04T17:44:32.217+02:00  WARN 37160 --- [simpleFetchData] [http-nio-8080-exec-3] i.e.s.demo.controller.ClienteController  : WARN
2026-08-04T17:44:32.218+02:00  INFO 37160 --- [simpleFetchData] [http-nio-8080-exec-3] i.e.s.demo.controller.ClienteController  : INFO
2026-08-04T17:44:35.453+02:00  INFO 37160 --- [simpleFetchData] [http-nio-8080-exec-4] i.e.s.demo.controller.ClienteController  : NOME: simpleFetchData
2026-08-04T17:44:46.786+02:00  INFO 13352 --- [simpleFetchData] [main] it.eng.spring.demo.DemoApplication       : Starting DemoApplication using Java 21.0.11 with PID 13352 (C:\Users\y.cimmino\Desktop\BackEnd\simple-fetch-data\target\classes started by y.cimmino in C:\Users\y.cimmino\Desktop\BackEnd\simple-fetch-data)
2026-08-04T17:44:46.797+02:00  INFO 13352 --- [simpleFetchData] [main] it.eng.spring.demo.DemoApplication       : No active profile set, falling back to 1 default profile: "default"
2026-08-04T17:44:48.481+02:00  INFO 13352 --- [simpleFetchData] [main] o.s.boot.tomcat.TomcatWebServer          : Tomcat initialized with port 8080 (http)
2026-08-04T17:44:48.501+02:00  INFO 13352 --- [simpleFetchData] [main] o.apache.catalina.core.StandardService   : Starting service [Tomcat]
2026-08-04T17:44:48.502+02:00  INFO 13352 --- [simpleFetchData] [main] o.apache.catalina.core.StandardEngine    : Starting Servlet engine: [Apache Tomcat/11.0.22]
2026-08-04T17:44:48.572+02:00  INFO 13352 --- [simpleFetchData] [main] b.w.c.s.WebApplicationContextInitializer : Root WebApplicationContext: initialization completed in 1648 ms
2026-08-04T17:44:49.140+02:00  WARN 13352 --- [simpleFetchData] [main] ConfigServletWebServerApplicationContext : Exception encountered during context initialization - cancelling refresh attempt: org.springframework.context.ApplicationContextException: Failed to start bean 'webServerStartStop'
2026-08-04T17:44:49.158+02:00  INFO 13352 --- [simpleFetchData] [main] .s.b.a.l.ConditionEvaluationReportLogger : 

Error starting ApplicationContext. To display the condition evaluation report re-run your application with 'debug' enabled.
2026-08-04T17:44:49.176+02:00 ERROR 13352 --- [simpleFetchData] [main] o.s.b.d.LoggingFailureAnalysisReporter   : 

***************************
APPLICATION FAILED TO START
***************************

Description:

Web server failed to start. Port 8080 was already in use.

Action:

Identify and stop the process that's listening on port 8080 or configure this application to listen on another port.

2026-08-04T17:44:59.021+02:00  INFO 54696 --- [simpleFetchData] [main] it.eng.spring.demo.DemoApplication       : Starting DemoApplication using Java 21.0.11 with PID 54696 (C:\Users\y.cimmino\Desktop\BackEnd\simple-fetch-data\target\classes started by y.cimmino in C:\Users\y.cimmino\Desktop\BackEnd\simple-fetch-data)
2026-08-04T17:44:59.031+02:00  INFO 54696 --- [simpleFetchData] [main] it.eng.spring.demo.DemoApplication       : No active profile set, falling back to 1 default profile: "default"
2026-08-04T17:45:00.950+02:00  INFO 54696 --- [simpleFetchData] [main] o.s.boot.tomcat.TomcatWebServer          : Tomcat initialized with port 8080 (http)
2026-08-04T17:45:00.986+02:00  INFO 54696 --- [simpleFetchData] [main] o.apache.catalina.core.StandardService   : Starting service [Tomcat]
2026-08-04T17:45:00.987+02:00  INFO 54696 --- [simpleFetchData] [main] o.apache.catalina.core.StandardEngine    : Starting Servlet engine: [Apache Tomcat/11.0.22]
2026-08-04T17:45:01.199+02:00  INFO 54696 --- [simpleFetchData] [main] b.w.c.s.WebApplicationContextInitializer : Root WebApplicationContext: initialization completed in 2029 ms
2026-08-04T17:45:02.211+02:00  INFO 54696 --- [simpleFetchData] [main] o.s.boot.tomcat.TomcatWebServer          : Tomcat started on port 8080 (http) with context path '/'
2026-08-04T17:45:02.222+02:00  INFO 54696 --- [simpleFetchData] [main] it.eng.spring.demo.DemoApplication       : Started DemoApplication in 3.985 seconds (process running for 4.659)
2026-08-04T17:45:03.686+02:00  INFO 54696 --- [simpleFetchData] [http-nio-8080-exec-1] o.a.c.c.C.[Tomcat].[localhost].[/]       : Initializing Spring DispatcherServlet 'dispatcherServlet'
2026-08-04T17:45:03.687+02:00  INFO 54696 --- [simpleFetchData] [http-nio-8080-exec-1] o.s.web.servlet.DispatcherServlet        : Initializing Servlet 'dispatcherServlet'
2026-08-04T17:45:03.691+02:00  INFO 54696 --- [simpleFetchData] [http-nio-8080-exec-1] o.s.web.servlet.DispatcherServlet        : Completed initialization in 3 ms
2026-08-04T17:45:03.808+02:00 ERROR 54696 --- [simpleFetchData] [http-nio-8080-exec-1] i.e.s.demo.controller.ClienteController  : ERROR
2026-08-04T17:45:03.809+02:00  WARN 54696 --- [simpleFetchData] [http-nio-8080-exec-1] i.e.s.demo.controller.ClienteController  : WARN
2026-08-04T17:45:03.810+02:00  INFO 54696 --- [simpleFetchData] [http-nio-8080-exec-1] i.e.s.demo.controller.ClienteController  : INFO
2026-08-04T17:45:04.835+02:00 ERROR 54696 --- [simpleFetchData] [http-nio-8080-exec-2] i.e.s.demo.controller.ClienteController  : ERROR
2026-08-04T17:45:04.836+02:00  WARN 54696 --- [simpleFetchData] [http-nio-8080-exec-2] i.e.s.demo.controller.ClienteController  : WARN
2026-08-04T17:45:04.836+02:00  INFO 54696 --- [simpleFetchData] [http-nio-8080-exec-2] i.e.s.demo.controller.ClienteController  : INFO
2026-08-04T17:45:24.528+02:00  INFO 4332 --- [simpleFetchData] [main] it.eng.spring.demo.DemoApplication       : Starting DemoApplication using Java 21.0.11 with PID 4332 (C:\Users\y.cimmino\Desktop\BackEnd\simple-fetch-data\target\classes started by y.cimmino in C:\Users\y.cimmino\Desktop\BackEnd\simple-fetch-data)
2026-08-04T17:45:24.538+02:00  INFO 4332 --- [simpleFetchData] [main] it.eng.spring.demo.DemoApplication       : No active profile set, falling back to 1 default profile: "default"
2026-08-04T17:45:27.044+02:00  INFO 4332 --- [simpleFetchData] [main] o.s.boot.tomcat.TomcatWebServer          : Tomcat initialized with port 8080 (http)
2026-08-04T17:45:27.088+02:00  INFO 4332 --- [simpleFetchData] [main] o.apache.catalina.core.StandardService   : Starting service [Tomcat]
2026-08-04T17:45:27.089+02:00  INFO 4332 --- [simpleFetchData] [main] o.apache.catalina.core.StandardEngine    : Starting Servlet engine: [Apache Tomcat/11.0.22]
2026-08-04T17:45:27.291+02:00  INFO 4332 --- [simpleFetchData] [main] b.w.c.s.WebApplicationContextInitializer : Root WebApplicationContext: initialization completed in 2655 ms
2026-08-04T17:45:28.454+02:00  INFO 4332 --- [simpleFetchData] [main] o.s.boot.tomcat.TomcatWebServer          : Tomcat started on port 8080 (http) with context path '/'
2026-08-04T17:45:28.480+02:00  INFO 4332 --- [simpleFetchData] [main] it.eng.spring.demo.DemoApplication       : Started DemoApplication in 4.871 seconds (process running for 5.562)
2026-08-04T17:45:29.084+02:00  INFO 4332 --- [simpleFetchData] [http-nio-8080-exec-2] o.a.c.c.C.[Tomcat].[localhost].[/]       : Initializing Spring DispatcherServlet 'dispatcherServlet'
2026-08-04T17:45:29.086+02:00  INFO 4332 --- [simpleFetchData] [http-nio-8080-exec-2] o.s.web.servlet.DispatcherServlet        : Initializing Servlet 'dispatcherServlet'
2026-08-04T17:45:29.089+02:00  INFO 4332 --- [simpleFetchData] [http-nio-8080-exec-2] o.s.web.servlet.DispatcherServlet        : Completed initialization in 3 ms
2026-08-04T17:45:29.162+02:00 ERROR 4332 --- [simpleFetchData] [http-nio-8080-exec-2] i.e.s.demo.controller.ClienteController  : ERROR
2026-08-04T17:45:29.163+02:00  WARN 4332 --- [simpleFetchData] [http-nio-8080-exec-2] i.e.s.demo.controller.ClienteController  : WARN
2026-08-04T17:45:29.163+02:00  INFO 4332 --- [simpleFetchData] [http-nio-8080-exec-2] i.e.s.demo.controller.ClienteController  : INFO
2026-08-04T17:45:29.173+02:00 ERROR 4332 --- [simpleFetchData] [http-nio-8080-exec-2] o.a.c.c.C.[.[.[/].[dispatcherServlet]    : Servlet.service() for servlet [dispatcherServlet] in context with path [] threw exception [Request processing failed: java.lang.NullPointerException: Cannot invoke "org.slf4j.event.Level.toInt()" because "level" is null] with root cause

java.lang.NullPointerException: Cannot invoke "org.slf4j.event.Level.toInt()" because "level" is null
	at org.slf4j.Logger.isEnabledForLevel(Logger.java:146) ~[slf4j-api-2.0.18.jar:2.0.18]
	at org.slf4j.Logger.atLevel(Logger.java:130) ~[slf4j-api-2.0.18.jar:2.0.18]
	at it.eng.spring.demo.controller.ClienteController.getDefaultLogLevel(ClienteController.java:47) ~[classes/:na]
	at java.base/jdk.internal.reflect.DirectMethodHandleAccessor.invoke(DirectMethodHandleAccessor.java:103) ~[na:na]
	at java.base/java.lang.reflect.Method.invoke(Method.java:580) ~[na:na]
	at org.springframework.web.method.support.InvocableHandlerMethod.doInvoke(InvocableHandlerMethod.java:252) ~[spring-web-7.0.8.jar:7.0.8]
	at org.springframework.web.method.support.InvocableHandlerMethod.invokeForRequest(InvocableHandlerMethod.java:184) ~[spring-web-7.0.8.jar:7.0.8]
	at org.springframework.web.servlet.mvc.method.annotation.ServletInvocableHandlerMethod.invokeAndHandle(ServletInvocableHandlerMethod.java:117) ~[spring-webmvc-7.0.8.jar:7.0.8]
	at org.springframework.web.servlet.mvc.method.annotation.RequestMappingHandlerAdapter.invokeHandlerMethod(RequestMappingHandlerAdapter.java:934) ~[spring-webmvc-7.0.8.jar:7.0.8]
	at org.springframework.web.servlet.mvc.method.annotation.RequestMappingHandlerAdapter.handleInternal(RequestMappingHandlerAdapter.java:853) ~[spring-webmvc-7.0.8.jar:7.0.8]
	at org.springframework.web.servlet.mvc.method.AbstractHandlerMethodAdapter.handle(AbstractHandlerMethodAdapter.java:86) ~[spring-webmvc-7.0.8.jar:7.0.8]
	at org.springframework.web.servlet.DispatcherServlet.doDispatch(DispatcherServlet.java:963) ~[spring-webmvc-7.0.8.jar:7.0.8]
	at org.springframework.web.servlet.DispatcherServlet.doService(DispatcherServlet.java:866) ~[spring-webmvc-7.0.8.jar:7.0.8]
	at org.springframework.web.servlet.FrameworkServlet.processRequest(FrameworkServlet.java:1000) ~[spring-webmvc-7.0.8.jar:7.0.8]
	at org.springframework.web.servlet.FrameworkServlet.doGet(FrameworkServlet.java:892) ~[spring-webmvc-7.0.8.jar:7.0.8]
	at jakarta.servlet.http.HttpServlet.service(HttpServlet.java:622) ~[tomcat-embed-core-11.0.22.jar:6.1]
	at org.springframework.web.servlet.FrameworkServlet.service(FrameworkServlet.java:874) ~[spring-webmvc-7.0.8.jar:7.0.8]
	at jakarta.servlet.http.HttpServlet.service(HttpServlet.java:710) ~[tomcat-embed-core-11.0.22.jar:6.1]
	at org.apache.catalina.core.ApplicationFilterChain.doFilter(ApplicationFilterChain.java:128) ~[tomcat-embed-core-11.0.22.jar:11.0.22]
	at org.apache.tomcat.websocket.server.WsFilter.doFilter(WsFilter.java:53) ~[tomcat-embed-websocket-11.0.22.jar:11.0.22]
	at org.apache.catalina.core.ApplicationFilterChain.doFilter(ApplicationFilterChain.java:107) ~[tomcat-embed-core-11.0.22.jar:11.0.22]
	at org.springframework.web.filter.RequestContextFilter.doFilterInternal(RequestContextFilter.java:100) ~[spring-web-7.0.8.jar:7.0.8]
	at org.springframework.web.filter.OncePerRequestFilter.doFilter(OncePerRequestFilter.java:116) ~[spring-web-7.0.8.jar:7.0.8]
	at org.apache.catalina.core.ApplicationFilterChain.doFilter(ApplicationFilterChain.java:107) ~[tomcat-embed-core-11.0.22.jar:11.0.22]
	at org.springframework.web.filter.FormContentFilter.doFilterInternal(FormContentFilter.java:93) ~[spring-web-7.0.8.jar:7.0.8]
	at org.springframework.web.filter.OncePerRequestFilter.doFilter(OncePerRequestFilter.java:116) ~[spring-web-7.0.8.jar:7.0.8]
	at org.apache.catalina.core.ApplicationFilterChain.doFilter(ApplicationFilterChain.java:107) ~[tomcat-embed-core-11.0.22.jar:11.0.22]
	at org.springframework.web.filter.CharacterEncodingFilter.doFilterInternal(CharacterEncodingFilter.java:199) ~[spring-web-7.0.8.jar:7.0.8]
	at org.springframework.web.filter.OncePerRequestFilter.doFilter(OncePerRequestFilter.java:116) ~[spring-web-7.0.8.jar:7.0.8]
	at org.apache.catalina.core.ApplicationFilterChain.doFilter(ApplicationFilterChain.java:107) ~[tomcat-embed-core-11.0.22.jar:11.0.22]
	at org.apache.catalina.core.StandardWrapperValve.invoke(StandardWrapperValve.java:165) ~[tomcat-embed-core-11.0.22.jar:11.0.22]
	at org.apache.catalina.core.StandardContextValve.invoke(StandardContextValve.java:77) ~[tomcat-embed-core-11.0.22.jar:11.0.22]
	at org.apache.catalina.authenticator.AuthenticatorBase.invoke(AuthenticatorBase.java:492) ~[tomcat-embed-core-11.0.22.jar:11.0.22]
	at org.apache.catalina.core.StandardHostValve.invoke(StandardHostValve.java:113) ~[tomcat-embed-core-11.0.22.jar:11.0.22]
	at org.apache.catalina.valves.ErrorReportValve.invoke(ErrorReportValve.java:83) ~[tomcat-embed-core-11.0.22.jar:11.0.22]
	at org.apache.catalina.core.StandardEngineValve.invoke(StandardEngineValve.java:72) ~[tomcat-embed-core-11.0.22.jar:11.0.22]
	at org.apache.catalina.connector.CoyoteAdapter.service(CoyoteAdapter.java:341) ~[tomcat-embed-core-11.0.22.jar:11.0.22]
	at org.apache.coyote.http11.Http11Processor.service(Http11Processor.java:397) ~[tomcat-embed-core-11.0.22.jar:11.0.22]
	at org.apache.coyote.AbstractProcessorLight.process(AbstractProcessorLight.java:63) ~[tomcat-embed-core-11.0.22.jar:11.0.22]
	at org.apache.coyote.AbstractProtocol$ConnectionHandler.process(AbstractProtocol.java:1272) ~[tomcat-embed-core-11.0.22.jar:11.0.22]
	at org.apache.tomcat.util.net.NioEndpoint$SocketProcessor.doRun(NioEndpoint.java:1801) ~[tomcat-embed-core-11.0.22.jar:11.0.22]
	at org.apache.tomcat.util.net.SocketProcessorBase.run(SocketProcessorBase.java:52) ~[tomcat-embed-core-11.0.22.jar:11.0.22]
	at org.apache.tomcat.util.threads.ThreadPoolExecutor.runWorker(ThreadPoolExecutor.java:946) ~[tomcat-embed-core-11.0.22.jar:11.0.22]
	at org.apache.tomcat.util.threads.ThreadPoolExecutor$Worker.run(ThreadPoolExecutor.java:480) ~[tomcat-embed-core-11.0.22.jar:11.0.22]
	at org.apache.tomcat.util.threads.TaskThread$WrappingRunnable.run(TaskThread.java:57) ~[tomcat-embed-core-11.0.22.jar:11.0.22]
	at java.base/java.lang.Thread.run(Thread.java:1583) ~[na:na]

2026-08-04T17:45:30.290+02:00 ERROR 4332 --- [simpleFetchData] [http-nio-8080-exec-1] i.e.s.demo.controller.ClienteController  : ERROR
2026-08-04T17:45:30.291+02:00  WARN 4332 --- [simpleFetchData] [http-nio-8080-exec-1] i.e.s.demo.controller.ClienteController  : WARN
2026-08-04T17:45:30.291+02:00  INFO 4332 --- [simpleFetchData] [http-nio-8080-exec-1] i.e.s.demo.controller.ClienteController  : INFO
2026-08-04T17:45:30.303+02:00 ERROR 4332 --- [simpleFetchData] [http-nio-8080-exec-1] o.a.c.c.C.[.[.[/].[dispatcherServlet]    : Servlet.service() for servlet [dispatcherServlet] in context with path [] threw exception [Request processing failed: java.lang.NullPointerException: Cannot invoke "org.slf4j.event.Level.toInt()" because "level" is null] with root cause

java.lang.NullPointerException: Cannot invoke "org.slf4j.event.Level.toInt()" because "level" is null
	at org.slf4j.Logger.isEnabledForLevel(Logger.java:146) ~[slf4j-api-2.0.18.jar:2.0.18]
	at org.slf4j.Logger.atLevel(Logger.java:130) ~[slf4j-api-2.0.18.jar:2.0.18]
	at it.eng.spring.demo.controller.ClienteController.getDefaultLogLevel(ClienteController.java:47) ~[classes/:na]
	at java.base/jdk.internal.reflect.DirectMethodHandleAccessor.invoke(DirectMethodHandleAccessor.java:103) ~[na:na]
	at java.base/java.lang.reflect.Method.invoke(Method.java:580) ~[na:na]
	at org.springframework.web.method.support.InvocableHandlerMethod.doInvoke(InvocableHandlerMethod.java:252) ~[spring-web-7.0.8.jar:7.0.8]
	at org.springframework.web.method.support.InvocableHandlerMethod.invokeForRequest(InvocableHandlerMethod.java:184) ~[spring-web-7.0.8.jar:7.0.8]
	at org.springframework.web.servlet.mvc.method.annotation.ServletInvocableHandlerMethod.invokeAndHandle(ServletInvocableHandlerMethod.java:117) ~[spring-webmvc-7.0.8.jar:7.0.8]
	at org.springframework.web.servlet.mvc.method.annotation.RequestMappingHandlerAdapter.invokeHandlerMethod(RequestMappingHandlerAdapter.java:934) ~[spring-webmvc-7.0.8.jar:7.0.8]
	at org.springframework.web.servlet.mvc.method.annotation.RequestMappingHandlerAdapter.handleInternal(RequestMappingHandlerAdapter.java:853) ~[spring-webmvc-7.0.8.jar:7.0.8]
	at org.springframework.web.servlet.mvc.method.AbstractHandlerMethodAdapter.handle(AbstractHandlerMethodAdapter.java:86) ~[spring-webmvc-7.0.8.jar:7.0.8]
	at org.springframework.web.servlet.DispatcherServlet.doDispatch(DispatcherServlet.java:963) ~[spring-webmvc-7.0.8.jar:7.0.8]
	at org.springframework.web.servlet.DispatcherServlet.doService(DispatcherServlet.java:866) ~[spring-webmvc-7.0.8.jar:7.0.8]
	at org.springframework.web.servlet.FrameworkServlet.processRequest(FrameworkServlet.java:1000) ~[spring-webmvc-7.0.8.jar:7.0.8]
	at org.springframework.web.servlet.FrameworkServlet.doGet(FrameworkServlet.java:892) ~[spring-webmvc-7.0.8.jar:7.0.8]
	at jakarta.servlet.http.HttpServlet.service(HttpServlet.java:622) ~[tomcat-embed-core-11.0.22.jar:6.1]
	at org.springframework.web.servlet.FrameworkServlet.service(FrameworkServlet.java:874) ~[spring-webmvc-7.0.8.jar:7.0.8]
	at jakarta.servlet.http.HttpServlet.service(HttpServlet.java:710) ~[tomcat-embed-core-11.0.22.jar:6.1]
	at org.apache.catalina.core.ApplicationFilterChain.doFilter(ApplicationFilterChain.java:128) ~[tomcat-embed-core-11.0.22.jar:11.0.22]
	at org.apache.tomcat.websocket.server.WsFilter.doFilter(WsFilter.java:53) ~[tomcat-embed-websocket-11.0.22.jar:11.0.22]
	at org.apache.catalina.core.ApplicationFilterChain.doFilter(ApplicationFilterChain.java:107) ~[tomcat-embed-core-11.0.22.jar:11.0.22]
	at org.springframework.web.filter.RequestContextFilter.doFilterInternal(RequestContextFilter.java:100) ~[spring-web-7.0.8.jar:7.0.8]
	at org.springframework.web.filter.OncePerRequestFilter.doFilter(OncePerRequestFilter.java:116) ~[spring-web-7.0.8.jar:7.0.8]
	at org.apache.catalina.core.ApplicationFilterChain.doFilter(ApplicationFilterChain.java:107) ~[tomcat-embed-core-11.0.22.jar:11.0.22]
	at org.springframework.web.filter.FormContentFilter.doFilterInternal(FormContentFilter.java:93) ~[spring-web-7.0.8.jar:7.0.8]
	at org.springframework.web.filter.OncePerRequestFilter.doFilter(OncePerRequestFilter.java:116) ~[spring-web-7.0.8.jar:7.0.8]
	at org.apache.catalina.core.ApplicationFilterChain.doFilter(ApplicationFilterChain.java:107) ~[tomcat-embed-core-11.0.22.jar:11.0.22]
	at org.springframework.web.filter.CharacterEncodingFilter.doFilterInternal(CharacterEncodingFilter.java:199) ~[spring-web-7.0.8.jar:7.0.8]
	at org.springframework.web.filter.OncePerRequestFilter.doFilter(OncePerRequestFilter.java:116) ~[spring-web-7.0.8.jar:7.0.8]
	at org.apache.catalina.core.ApplicationFilterChain.doFilter(ApplicationFilterChain.java:107) ~[tomcat-embed-core-11.0.22.jar:11.0.22]
	at org.apache.catalina.core.StandardWrapperValve.invoke(StandardWrapperValve.java:165) ~[tomcat-embed-core-11.0.22.jar:11.0.22]
	at org.apache.catalina.core.StandardContextValve.invoke(StandardContextValve.java:77) ~[tomcat-embed-core-11.0.22.jar:11.0.22]
	at org.apache.catalina.authenticator.AuthenticatorBase.invoke(AuthenticatorBase.java:492) ~[tomcat-embed-core-11.0.22.jar:11.0.22]
	at org.apache.catalina.core.StandardHostValve.invoke(StandardHostValve.java:113) ~[tomcat-embed-core-11.0.22.jar:11.0.22]
	at org.apache.catalina.valves.ErrorReportValve.invoke(ErrorReportValve.java:83) ~[tomcat-embed-core-11.0.22.jar:11.0.22]
	at org.apache.catalina.core.StandardEngineValve.invoke(StandardEngineValve.java:72) ~[tomcat-embed-core-11.0.22.jar:11.0.22]
	at org.apache.catalina.connector.CoyoteAdapter.service(CoyoteAdapter.java:341) ~[tomcat-embed-core-11.0.22.jar:11.0.22]
	at org.apache.coyote.http11.Http11Processor.service(Http11Processor.java:397) ~[tomcat-embed-core-11.0.22.jar:11.0.22]
	at org.apache.coyote.AbstractProcessorLight.process(AbstractProcessorLight.java:63) ~[tomcat-embed-core-11.0.22.jar:11.0.22]
	at org.apache.coyote.AbstractProtocol$ConnectionHandler.process(AbstractProtocol.java:1272) ~[tomcat-embed-core-11.0.22.jar:11.0.22]
	at org.apache.tomcat.util.net.NioEndpoint$SocketProcessor.doRun(NioEndpoint.java:1801) ~[tomcat-embed-core-11.0.22.jar:11.0.22]
	at org.apache.tomcat.util.net.SocketProcessorBase.run(SocketProcessorBase.java:52) ~[tomcat-embed-core-11.0.22.jar:11.0.22]
	at org.apache.tomcat.util.threads.ThreadPoolExecutor.runWorker(ThreadPoolExecutor.java:946) ~[tomcat-embed-core-11.0.22.jar:11.0.22]
	at org.apache.tomcat.util.threads.ThreadPoolExecutor$Worker.run(ThreadPoolExecutor.java:480) ~[tomcat-embed-core-11.0.22.jar:11.0.22]
	at org.apache.tomcat.util.threads.TaskThread$WrappingRunnable.run(TaskThread.java:57) ~[tomcat-embed-core-11.0.22.jar:11.0.22]
	at java.base/java.lang.Thread.run(Thread.java:1583) ~[na:na]

2026-08-04T17:45:31.056+02:00 ERROR 4332 --- [simpleFetchData] [http-nio-8080-exec-3] i.e.s.demo.controller.ClienteController  : ERROR
2026-08-04T17:45:31.056+02:00  WARN 4332 --- [simpleFetchData] [http-nio-8080-exec-3] i.e.s.demo.controller.ClienteController  : WARN
2026-08-04T17:45:31.057+02:00  INFO 4332 --- [simpleFetchData] [http-nio-8080-exec-3] i.e.s.demo.controller.ClienteController  : INFO
2026-08-04T17:45:31.058+02:00 ERROR 4332 --- [simpleFetchData] [http-nio-8080-exec-3] o.a.c.c.C.[.[.[/].[dispatcherServlet]    : Servlet.service() for servlet [dispatcherServlet] in context with path [] threw exception [Request processing failed: java.lang.NullPointerException: Cannot invoke "org.slf4j.event.Level.toInt()" because "level" is null] with root cause

java.lang.NullPointerException: Cannot invoke "org.slf4j.event.Level.toInt()" because "level" is null
	at org.slf4j.Logger.isEnabledForLevel(Logger.java:146) ~[slf4j-api-2.0.18.jar:2.0.18]
	at org.slf4j.Logger.atLevel(Logger.java:130) ~[slf4j-api-2.0.18.jar:2.0.18]
	at it.eng.spring.demo.controller.ClienteController.getDefaultLogLevel(ClienteController.java:47) ~[classes/:na]
	at java.base/jdk.internal.reflect.DirectMethodHandleAccessor.invoke(DirectMethodHandleAccessor.java:103) ~[na:na]
	at java.base/java.lang.reflect.Method.invoke(Method.java:580) ~[na:na]
	at org.springframework.web.method.support.InvocableHandlerMethod.doInvoke(InvocableHandlerMethod.java:252) ~[spring-web-7.0.8.jar:7.0.8]
	at org.springframework.web.method.support.InvocableHandlerMethod.invokeForRequest(InvocableHandlerMethod.java:184) ~[spring-web-7.0.8.jar:7.0.8]
	at org.springframework.web.servlet.mvc.method.annotation.ServletInvocableHandlerMethod.invokeAndHandle(ServletInvocableHandlerMethod.java:117) ~[spring-webmvc-7.0.8.jar:7.0.8]
	at org.springframework.web.servlet.mvc.method.annotation.RequestMappingHandlerAdapter.invokeHandlerMethod(RequestMappingHandlerAdapter.java:934) ~[spring-webmvc-7.0.8.jar:7.0.8]
	at org.springframework.web.servlet.mvc.method.annotation.RequestMappingHandlerAdapter.handleInternal(RequestMappingHandlerAdapter.java:853) ~[spring-webmvc-7.0.8.jar:7.0.8]
	at org.springframework.web.servlet.mvc.method.AbstractHandlerMethodAdapter.handle(AbstractHandlerMethodAdapter.java:86) ~[spring-webmvc-7.0.8.jar:7.0.8]
	at org.springframework.web.servlet.DispatcherServlet.doDispatch(DispatcherServlet.java:963) ~[spring-webmvc-7.0.8.jar:7.0.8]
	at org.springframework.web.servlet.DispatcherServlet.doService(DispatcherServlet.java:866) ~[spring-webmvc-7.0.8.jar:7.0.8]
	at org.springframework.web.servlet.FrameworkServlet.processRequest(FrameworkServlet.java:1000) ~[spring-webmvc-7.0.8.jar:7.0.8]
	at org.springframework.web.servlet.FrameworkServlet.doGet(FrameworkServlet.java:892) ~[spring-webmvc-7.0.8.jar:7.0.8]
	at jakarta.servlet.http.HttpServlet.service(HttpServlet.java:622) ~[tomcat-embed-core-11.0.22.jar:6.1]
	at org.springframework.web.servlet.FrameworkServlet.service(FrameworkServlet.java:874) ~[spring-webmvc-7.0.8.jar:7.0.8]
	at jakarta.servlet.http.HttpServlet.service(HttpServlet.java:710) ~[tomcat-embed-core-11.0.22.jar:6.1]
	at org.apache.catalina.core.ApplicationFilterChain.doFilter(ApplicationFilterChain.java:128) ~[tomcat-embed-core-11.0.22.jar:11.0.22]
	at org.apache.tomcat.websocket.server.WsFilter.doFilter(WsFilter.java:53) ~[tomcat-embed-websocket-11.0.22.jar:11.0.22]
	at org.apache.catalina.core.ApplicationFilterChain.doFilter(ApplicationFilterChain.java:107) ~[tomcat-embed-core-11.0.22.jar:11.0.22]
	at org.springframework.web.filter.RequestContextFilter.doFilterInternal(RequestContextFilter.java:100) ~[spring-web-7.0.8.jar:7.0.8]
	at org.springframework.web.filter.OncePerRequestFilter.doFilter(OncePerRequestFilter.java:116) ~[spring-web-7.0.8.jar:7.0.8]
	at org.apache.catalina.core.ApplicationFilterChain.doFilter(ApplicationFilterChain.java:107) ~[tomcat-embed-core-11.0.22.jar:11.0.22]
	at org.springframework.web.filter.FormContentFilter.doFilterInternal(FormContentFilter.java:93) ~[spring-web-7.0.8.jar:7.0.8]
	at org.springframework.web.filter.OncePerRequestFilter.doFilter(OncePerRequestFilter.java:116) ~[spring-web-7.0.8.jar:7.0.8]
	at org.apache.catalina.core.ApplicationFilterChain.doFilter(ApplicationFilterChain.java:107) ~[tomcat-embed-core-11.0.22.jar:11.0.22]
	at org.springframework.web.filter.CharacterEncodingFilter.doFilterInternal(CharacterEncodingFilter.java:199) ~[spring-web-7.0.8.jar:7.0.8]
	at org.springframework.web.filter.OncePerRequestFilter.doFilter(OncePerRequestFilter.java:116) ~[spring-web-7.0.8.jar:7.0.8]
	at org.apache.catalina.core.ApplicationFilterChain.doFilter(ApplicationFilterChain.java:107) ~[tomcat-embed-core-11.0.22.jar:11.0.22]
	at org.apache.catalina.core.StandardWrapperValve.invoke(StandardWrapperValve.java:165) ~[tomcat-embed-core-11.0.22.jar:11.0.22]
	at org.apache.catalina.core.StandardContextValve.invoke(StandardContextValve.java:77) ~[tomcat-embed-core-11.0.22.jar:11.0.22]
	at org.apache.catalina.authenticator.AuthenticatorBase.invoke(AuthenticatorBase.java:492) ~[tomcat-embed-core-11.0.22.jar:11.0.22]
	at org.apache.catalina.core.StandardHostValve.invoke(StandardHostValve.java:113) ~[tomcat-embed-core-11.0.22.jar:11.0.22]
	at org.apache.catalina.valves.ErrorReportValve.invoke(ErrorReportValve.java:83) ~[tomcat-embed-core-11.0.22.jar:11.0.22]
	at org.apache.catalina.core.StandardEngineValve.invoke(StandardEngineValve.java:72) ~[tomcat-embed-core-11.0.22.jar:11.0.22]
	at org.apache.catalina.connector.CoyoteAdapter.service(CoyoteAdapter.java:341) ~[tomcat-embed-core-11.0.22.jar:11.0.22]
	at org.apache.coyote.http11.Http11Processor.service(Http11Processor.java:397) ~[tomcat-embed-core-11.0.22.jar:11.0.22]
	at org.apache.coyote.AbstractProcessorLight.process(AbstractProcessorLight.java:63) ~[tomcat-embed-core-11.0.22.jar:11.0.22]
	at org.apache.coyote.AbstractProtocol$ConnectionHandler.process(AbstractProtocol.java:1272) ~[tomcat-embed-core-11.0.22.jar:11.0.22]
	at org.apache.tomcat.util.net.NioEndpoint$SocketProcessor.doRun(NioEndpoint.java:1801) ~[tomcat-embed-core-11.0.22.jar:11.0.22]
	at org.apache.tomcat.util.net.SocketProcessorBase.run(SocketProcessorBase.java:52) ~[tomcat-embed-core-11.0.22.jar:11.0.22]
	at org.apache.tomcat.util.threads.ThreadPoolExecutor.runWorker(ThreadPoolExecutor.java:946) ~[tomcat-embed-core-11.0.22.jar:11.0.22]
	at org.apache.tomcat.util.threads.ThreadPoolExecutor$Worker.run(ThreadPoolExecutor.java:480) ~[tomcat-embed-core-11.0.22.jar:11.0.22]
	at org.apache.tomcat.util.threads.TaskThread$WrappingRunnable.run(TaskThread.java:57) ~[tomcat-embed-core-11.0.22.jar:11.0.22]
	at java.base/java.lang.Thread.run(Thread.java:1583) ~[na:na]

2026-08-04T17:45:31.465+02:00 ERROR 4332 --- [simpleFetchData] [http-nio-8080-exec-4] i.e.s.demo.controller.ClienteController  : ERROR
2026-08-04T17:45:31.465+02:00  WARN 4332 --- [simpleFetchData] [http-nio-8080-exec-4] i.e.s.demo.controller.ClienteController  : WARN
2026-08-04T17:45:31.466+02:00  INFO 4332 --- [simpleFetchData] [http-nio-8080-exec-4] i.e.s.demo.controller.ClienteController  : INFO
2026-08-04T17:45:31.467+02:00 ERROR 4332 --- [simpleFetchData] [http-nio-8080-exec-4] o.a.c.c.C.[.[.[/].[dispatcherServlet]    : Servlet.service() for servlet [dispatcherServlet] in context with path [] threw exception [Request processing failed: java.lang.NullPointerException: Cannot invoke "org.slf4j.event.Level.toInt()" because "level" is null] with root cause

java.lang.NullPointerException: Cannot invoke "org.slf4j.event.Level.toInt()" because "level" is null
	at org.slf4j.Logger.isEnabledForLevel(Logger.java:146) ~[slf4j-api-2.0.18.jar:2.0.18]
	at org.slf4j.Logger.atLevel(Logger.java:130) ~[slf4j-api-2.0.18.jar:2.0.18]
	at it.eng.spring.demo.controller.ClienteController.getDefaultLogLevel(ClienteController.java:47) ~[classes/:na]
	at java.base/jdk.internal.reflect.DirectMethodHandleAccessor.invoke(DirectMethodHandleAccessor.java:103) ~[na:na]
	at java.base/java.lang.reflect.Method.invoke(Method.java:580) ~[na:na]
	at org.springframework.web.method.support.InvocableHandlerMethod.doInvoke(InvocableHandlerMethod.java:252) ~[spring-web-7.0.8.jar:7.0.8]
	at org.springframework.web.method.support.InvocableHandlerMethod.invokeForRequest(InvocableHandlerMethod.java:184) ~[spring-web-7.0.8.jar:7.0.8]
	at org.springframework.web.servlet.mvc.method.annotation.ServletInvocableHandlerMethod.invokeAndHandle(ServletInvocableHandlerMethod.java:117) ~[spring-webmvc-7.0.8.jar:7.0.8]
	at org.springframework.web.servlet.mvc.method.annotation.RequestMappingHandlerAdapter.invokeHandlerMethod(RequestMappingHandlerAdapter.java:934) ~[spring-webmvc-7.0.8.jar:7.0.8]
	at org.springframework.web.servlet.mvc.method.annotation.RequestMappingHandlerAdapter.handleInternal(RequestMappingHandlerAdapter.java:853) ~[spring-webmvc-7.0.8.jar:7.0.8]
	at org.springframework.web.servlet.mvc.method.AbstractHandlerMethodAdapter.handle(AbstractHandlerMethodAdapter.java:86) ~[spring-webmvc-7.0.8.jar:7.0.8]
	at org.springframework.web.servlet.DispatcherServlet.doDispatch(DispatcherServlet.java:963) ~[spring-webmvc-7.0.8.jar:7.0.8]
	at org.springframework.web.servlet.DispatcherServlet.doService(DispatcherServlet.java:866) ~[spring-webmvc-7.0.8.jar:7.0.8]
	at org.springframework.web.servlet.FrameworkServlet.processRequest(FrameworkServlet.java:1000) ~[spring-webmvc-7.0.8.jar:7.0.8]
	at org.springframework.web.servlet.FrameworkServlet.doGet(FrameworkServlet.java:892) ~[spring-webmvc-7.0.8.jar:7.0.8]
	at jakarta.servlet.http.HttpServlet.service(HttpServlet.java:622) ~[tomcat-embed-core-11.0.22.jar:6.1]
	at org.springframework.web.servlet.FrameworkServlet.service(FrameworkServlet.java:874) ~[spring-webmvc-7.0.8.jar:7.0.8]
	at jakarta.servlet.http.HttpServlet.service(HttpServlet.java:710) ~[tomcat-embed-core-11.0.22.jar:6.1]
	at org.apache.catalina.core.ApplicationFilterChain.doFilter(ApplicationFilterChain.java:128) ~[tomcat-embed-core-11.0.22.jar:11.0.22]
	at org.apache.tomcat.websocket.server.WsFilter.doFilter(WsFilter.java:53) ~[tomcat-embed-websocket-11.0.22.jar:11.0.22]
	at org.apache.catalina.core.ApplicationFilterChain.doFilter(ApplicationFilterChain.java:107) ~[tomcat-embed-core-11.0.22.jar:11.0.22]
	at org.springframework.web.filter.RequestContextFilter.doFilterInternal(RequestContextFilter.java:100) ~[spring-web-7.0.8.jar:7.0.8]
	at org.springframework.web.filter.OncePerRequestFilter.doFilter(OncePerRequestFilter.java:116) ~[spring-web-7.0.8.jar:7.0.8]
	at org.apache.catalina.core.ApplicationFilterChain.doFilter(ApplicationFilterChain.java:107) ~[tomcat-embed-core-11.0.22.jar:11.0.22]
	at org.springframework.web.filter.FormContentFilter.doFilterInternal(FormContentFilter.java:93) ~[spring-web-7.0.8.jar:7.0.8]
	at org.springframework.web.filter.OncePerRequestFilter.doFilter(OncePerRequestFilter.java:116) ~[spring-web-7.0.8.jar:7.0.8]
	at org.apache.catalina.core.ApplicationFilterChain.doFilter(ApplicationFilterChain.java:107) ~[tomcat-embed-core-11.0.22.jar:11.0.22]
	at org.springframework.web.filter.CharacterEncodingFilter.doFilterInternal(CharacterEncodingFilter.java:199) ~[spring-web-7.0.8.jar:7.0.8]
	at org.springframework.web.filter.OncePerRequestFilter.doFilter(OncePerRequestFilter.java:116) ~[spring-web-7.0.8.jar:7.0.8]
	at org.apache.catalina.core.ApplicationFilterChain.doFilter(ApplicationFilterChain.java:107) ~[tomcat-embed-core-11.0.22.jar:11.0.22]
	at org.apache.catalina.core.StandardWrapperValve.invoke(StandardWrapperValve.java:165) ~[tomcat-embed-core-11.0.22.jar:11.0.22]
	at org.apache.catalina.core.StandardContextValve.invoke(StandardContextValve.java:77) ~[tomcat-embed-core-11.0.22.jar:11.0.22]
	at org.apache.catalina.authenticator.AuthenticatorBase.invoke(AuthenticatorBase.java:492) ~[tomcat-embed-core-11.0.22.jar:11.0.22]
	at org.apache.catalina.core.StandardHostValve.invoke(StandardHostValve.java:113) ~[tomcat-embed-core-11.0.22.jar:11.0.22]
	at org.apache.catalina.valves.ErrorReportValve.invoke(ErrorReportValve.java:83) ~[tomcat-embed-core-11.0.22.jar:11.0.22]
	at org.apache.catalina.core.StandardEngineValve.invoke(StandardEngineValve.java:72) ~[tomcat-embed-core-11.0.22.jar:11.0.22]
	at org.apache.catalina.connector.CoyoteAdapter.service(CoyoteAdapter.java:341) ~[tomcat-embed-core-11.0.22.jar:11.0.22]
	at org.apache.coyote.http11.Http11Processor.service(Http11Processor.java:397) ~[tomcat-embed-core-11.0.22.jar:11.0.22]
	at org.apache.coyote.AbstractProcessorLight.process(AbstractProcessorLight.java:63) ~[tomcat-embed-core-11.0.22.jar:11.0.22]
	at org.apache.coyote.AbstractProtocol$ConnectionHandler.process(AbstractProtocol.java:1272) ~[tomcat-embed-core-11.0.22.jar:11.0.22]
	at org.apache.tomcat.util.net.NioEndpoint$SocketProcessor.doRun(NioEndpoint.java:1801) ~[tomcat-embed-core-11.0.22.jar:11.0.22]
	at org.apache.tomcat.util.net.SocketProcessorBase.run(SocketProcessorBase.java:52) ~[tomcat-embed-core-11.0.22.jar:11.0.22]
	at org.apache.tomcat.util.threads.ThreadPoolExecutor.runWorker(ThreadPoolExecutor.java:946) ~[tomcat-embed-core-11.0.22.jar:11.0.22]
	at org.apache.tomcat.util.threads.ThreadPoolExecutor$Worker.run(ThreadPoolExecutor.java:480) ~[tomcat-embed-core-11.0.22.jar:11.0.22]
	at org.apache.tomcat.util.threads.TaskThread$WrappingRunnable.run(TaskThread.java:57) ~[tomcat-embed-core-11.0.22.jar:11.0.22]
	at java.base/java.lang.Thread.run(Thread.java:1583) ~[na:na]

2026-08-04T17:47:28.113+02:00  INFO 40512 --- [simpleFetchData] [main] it.eng.spring.demo.DemoApplication       : Starting DemoApplication using Java 21.0.11 with PID 40512 (C:\Users\y.cimmino\Desktop\BackEnd\simple-fetch-data\target\classes started by y.cimmino in C:\Users\y.cimmino\Desktop\BackEnd\simple-fetch-data)
2026-08-04T17:47:28.124+02:00  INFO 40512 --- [simpleFetchData] [main] it.eng.spring.demo.DemoApplication       : No active profile set, falling back to 1 default profile: "default"
2026-08-04T17:47:30.930+02:00  INFO 40512 --- [simpleFetchData] [main] o.s.boot.tomcat.TomcatWebServer          : Tomcat initialized with port 8080 (http)
2026-08-04T17:47:30.982+02:00  INFO 40512 --- [simpleFetchData] [main] o.apache.catalina.core.StandardService   : Starting service [Tomcat]
2026-08-04T17:47:30.983+02:00  INFO 40512 --- [simpleFetchData] [main] o.apache.catalina.core.StandardEngine    : Starting Servlet engine: [Apache Tomcat/11.0.22]
2026-08-04T17:47:31.191+02:00  INFO 40512 --- [simpleFetchData] [main] b.w.c.s.WebApplicationContextInitializer : Root WebApplicationContext: initialization completed in 2884 ms
2026-08-04T17:47:32.826+02:00  INFO 40512 --- [simpleFetchData] [main] o.s.boot.tomcat.TomcatWebServer          : Tomcat started on port 8080 (http) with context path '/'
2026-08-04T17:47:32.846+02:00  INFO 40512 --- [simpleFetchData] [main] it.eng.spring.demo.DemoApplication       : Started DemoApplication in 5.984 seconds (process running for 6.711)
2026-08-04T17:47:55.021+02:00  INFO 40512 --- [simpleFetchData] [http-nio-8080-exec-1] o.a.c.c.C.[Tomcat].[localhost].[/]       : Initializing Spring DispatcherServlet 'dispatcherServlet'
2026-08-04T17:47:55.024+02:00  INFO 40512 --- [simpleFetchData] [http-nio-8080-exec-1] o.s.web.servlet.DispatcherServlet        : Initializing Servlet 'dispatcherServlet'
2026-08-04T17:47:55.028+02:00  INFO 40512 --- [simpleFetchData] [http-nio-8080-exec-1] o.s.web.servlet.DispatcherServlet        : Completed initialization in 3 ms
2026-08-04T17:47:55.180+02:00 ERROR 40512 --- [simpleFetchData] [http-nio-8080-exec-1] i.e.s.demo.controller.ClienteController  : ERROR
2026-08-04T17:47:55.181+02:00  WARN 40512 --- [simpleFetchData] [http-nio-8080-exec-1] i.e.s.demo.controller.ClienteController  : WARN
2026-08-04T17:47:55.182+02:00  INFO 40512 --- [simpleFetchData] [http-nio-8080-exec-1] i.e.s.demo.controller.ClienteController  : INFO
2026-08-04T17:47:59.251+02:00  INFO 40512 --- [simpleFetchData] [http-nio-8080-exec-2] i.e.s.demo.controller.ClienteController  : NOME: simpleFetchData
2026-08-04T17:50:58.147+02:00  INFO 40512 --- [simpleFetchData] [http-nio-8080-exec-5] i.e.s.demo.controller.ClienteController  : NOME: simpleFetchData
2026-08-04T17:50:59.557+02:00 ERROR 40512 --- [simpleFetchData] [http-nio-8080-exec-6] i.e.s.demo.controller.ClienteController  : ERROR
2026-08-04T17:50:59.557+02:00  WARN 40512 --- [simpleFetchData] [http-nio-8080-exec-6] i.e.s.demo.controller.ClienteController  : WARN
2026-08-04T17:50:59.557+02:00  INFO 40512 --- [simpleFetchData] [http-nio-8080-exec-6] i.e.s.demo.controller.ClienteController  : INFO
2026-08-04T17:51:24.406+02:00  INFO 31660 --- [simpleFetchData] [main] it.eng.spring.demo.DemoApplication       : Starting DemoApplication using Java 21.0.11 with PID 31660 (C:\Users\y.cimmino\Desktop\BackEnd\simple-fetch-data\target\classes started by y.cimmino in C:\Users\y.cimmino\Desktop\BackEnd\simple-fetch-data)
2026-08-04T17:51:24.422+02:00  INFO 31660 --- [simpleFetchData] [main] it.eng.spring.demo.DemoApplication       : No active profile set, falling back to 1 default profile: "default"
2026-08-04T17:51:26.106+02:00  INFO 31660 --- [simpleFetchData] [main] o.s.boot.tomcat.TomcatWebServer          : Tomcat initialized with port 8080 (http)
2026-08-04T17:51:26.125+02:00  INFO 31660 --- [simpleFetchData] [main] o.apache.catalina.core.StandardService   : Starting service [Tomcat]
2026-08-04T17:51:26.125+02:00  INFO 31660 --- [simpleFetchData] [main] o.apache.catalina.core.StandardEngine    : Starting Servlet engine: [Apache Tomcat/11.0.22]
2026-08-04T17:51:26.204+02:00  INFO 31660 --- [simpleFetchData] [main] b.w.c.s.WebApplicationContextInitializer : Root WebApplicationContext: initialization completed in 1690 ms
2026-08-04T17:51:26.902+02:00  INFO 31660 --- [simpleFetchData] [main] o.s.boot.tomcat.TomcatWebServer          : Tomcat started on port 8080 (http) with context path '/'
2026-08-04T17:51:26.917+02:00  INFO 31660 --- [simpleFetchData] [main] it.eng.spring.demo.DemoApplication       : Started DemoApplication in 3.328 seconds (process running for 4.003)
2026-08-04T17:51:47.616+02:00  INFO 31660 --- [simpleFetchData] [http-nio-8080-exec-1] o.a.c.c.C.[Tomcat].[localhost].[/]       : Initializing Spring DispatcherServlet 'dispatcherServlet'
2026-08-04T17:51:47.617+02:00  INFO 31660 --- [simpleFetchData] [http-nio-8080-exec-1] o.s.web.servlet.DispatcherServlet        : Initializing Servlet 'dispatcherServlet'
2026-08-04T17:51:47.621+02:00  INFO 31660 --- [simpleFetchData] [http-nio-8080-exec-1] o.s.web.servlet.DispatcherServlet        : Completed initialization in 3 ms
2026-08-04T17:52:22.446+02:00  INFO 44748 --- [simpleFetchData] [main] it.eng.spring.demo.DemoApplication       : Starting DemoApplication using Java 21.0.11 with PID 44748 (C:\Users\y.cimmino\Desktop\BackEnd\simple-fetch-data\target\classes started by y.cimmino in C:\Users\y.cimmino\Desktop\BackEnd\simple-fetch-data)
2026-08-04T17:52:22.465+02:00  INFO 44748 --- [simpleFetchData] [main] it.eng.spring.demo.DemoApplication       : No active profile set, falling back to 1 default profile: "default"
2026-08-04T17:52:24.208+02:00  INFO 44748 --- [simpleFetchData] [main] o.s.boot.tomcat.TomcatWebServer          : Tomcat initialized with port 8080 (http)
2026-08-04T17:52:24.251+02:00  INFO 44748 --- [simpleFetchData] [main] o.apache.catalina.core.StandardService   : Starting service [Tomcat]
2026-08-04T17:52:24.253+02:00  INFO 44748 --- [simpleFetchData] [main] o.apache.catalina.core.StandardEngine    : Starting Servlet engine: [Apache Tomcat/11.0.22]
2026-08-04T17:52:24.415+02:00  INFO 44748 --- [simpleFetchData] [main] b.w.c.s.WebApplicationContextInitializer : Root WebApplicationContext: initialization completed in 1832 ms
2026-08-04T17:52:25.498+02:00  INFO 44748 --- [simpleFetchData] [main] o.s.boot.tomcat.TomcatWebServer          : Tomcat started on port 8080 (http) with context path '/'
2026-08-04T17:52:25.512+02:00  INFO 44748 --- [simpleFetchData] [main] it.eng.spring.demo.DemoApplication       : Started DemoApplication in 4.059 seconds (process running for 4.775)
2026-08-04T17:52:26.734+02:00  INFO 44748 --- [simpleFetchData] [http-nio-8080-exec-1] o.a.c.c.C.[Tomcat].[localhost].[/]       : Initializing Spring DispatcherServlet 'dispatcherServlet'
2026-08-04T17:52:26.735+02:00  INFO 44748 --- [simpleFetchData] [http-nio-8080-exec-1] o.s.web.servlet.DispatcherServlet        : Initializing Servlet 'dispatcherServlet'
2026-08-04T17:52:26.737+02:00  INFO 44748 --- [simpleFetchData] [http-nio-8080-exec-1] o.s.web.servlet.DispatcherServlet        : Completed initialization in 0 ms
2026-08-04T17:52:27.292+02:00  INFO 44748 --- [simpleFetchData] [http-nio-8080-exec-1] i.e.s.demo.controller.ClienteController  : cliente: it.eng.spring.demo.dto.ClienteDTOInput@6a3401c6
2026-08-04T17:54:40.984+02:00  INFO 14772 --- [simpleFetchData] [main] it.eng.spring.demo.DemoApplication       : Starting DemoApplication using Java 21.0.11 with PID 14772 (C:\Users\y.cimmino\Desktop\BackEnd\simple-fetch-data\target\classes started by y.cimmino in C:\Users\y.cimmino\Desktop\BackEnd\simple-fetch-data)
2026-08-04T17:54:40.992+02:00  INFO 14772 --- [simpleFetchData] [main] it.eng.spring.demo.DemoApplication       : No active profile set, falling back to 1 default profile: "default"
2026-08-04T17:54:42.731+02:00  INFO 14772 --- [simpleFetchData] [main] o.s.boot.tomcat.TomcatWebServer          : Tomcat initialized with port 8080 (http)
2026-08-04T17:54:42.753+02:00  INFO 14772 --- [simpleFetchData] [main] o.apache.catalina.core.StandardService   : Starting service [Tomcat]
2026-08-04T17:54:42.754+02:00  INFO 14772 --- [simpleFetchData] [main] o.apache.catalina.core.StandardEngine    : Starting Servlet engine: [Apache Tomcat/11.0.22]
2026-08-04T17:54:42.841+02:00  INFO 14772 --- [simpleFetchData] [main] b.w.c.s.WebApplicationContextInitializer : Root WebApplicationContext: initialization completed in 1728 ms
2026-08-04T17:54:43.444+02:00  INFO 14772 --- [simpleFetchData] [main] o.s.boot.tomcat.TomcatWebServer          : Tomcat started on port 8080 (http) with context path '/'
2026-08-04T17:54:43.449+02:00  INFO 14772 --- [simpleFetchData] [main] it.eng.spring.demo.DemoApplication       : Started DemoApplication in 3.312 seconds (process running for 3.981)
2026-08-04T17:54:47.518+02:00  INFO 14772 --- [simpleFetchData] [http-nio-8080-exec-1] o.a.c.c.C.[Tomcat].[localhost].[/]       : Initializing Spring DispatcherServlet 'dispatcherServlet'
2026-08-04T17:54:47.519+02:00  INFO 14772 --- [simpleFetchData] [http-nio-8080-exec-1] o.s.web.servlet.DispatcherServlet        : Initializing Servlet 'dispatcherServlet'
2026-08-04T17:54:47.520+02:00  INFO 14772 --- [simpleFetchData] [http-nio-8080-exec-1] o.s.web.servlet.DispatcherServlet        : Completed initialization in 1 ms
2026-08-04T17:54:54.636+02:00 ERROR 14772 --- [simpleFetchData] [http-nio-8080-exec-8] i.e.s.demo.controller.ClienteController  : Errore
2026-08-04T17:54:59.627+02:00  INFO 14772 --- [simpleFetchData] [http-nio-8080-exec-9] i.e.s.demo.controller.ClienteController  : Cliente trovato: ciao Presti
2026-08-04T17:55:02.175+02:00  INFO 14772 --- [simpleFetchData] [http-nio-8080-exec-10] i.e.s.demo.controller.ClienteController  : Cliente trovato: ciao Presti
2026-08-04T17:55:07.174+02:00  INFO 14772 --- [simpleFetchData] [http-nio-8080-exec-1] i.e.s.demo.controller.ClienteController  : Cliente trovato: ciao Presti
2026-08-04T17:55:11.147+02:00  INFO 14772 --- [simpleFetchData] [http-nio-8080-exec-2] i.e.s.demo.controller.ClienteController  : Cliente trovato: ciao Presti
2026-08-04T17:55:14.669+02:00  INFO 14772 --- [simpleFetchData] [http-nio-8080-exec-3] i.e.s.demo.controller.ClienteController  : Cliente trovato: ciao Presti
2026-08-04T17:55:17.040+02:00  INFO 14772 --- [simpleFetchData] [http-nio-8080-exec-4] i.e.s.demo.controller.ClienteController  : Cliente trovato: ciao Presti
2026-08-04T17:55:19.465+02:00  INFO 14772 --- [simpleFetchData] [http-nio-8080-exec-5] i.e.s.demo.controller.ClienteController  : Cliente trovato: ciao Presti
2026-08-04T17:55:28.701+02:00 ERROR 14772 --- [simpleFetchData] [http-nio-8080-exec-7] i.e.s.demo.controller.ClienteController  : Errore
2026-08-04T17:55:31.221+02:00 ERROR 14772 --- [simpleFetchData] [http-nio-8080-exec-8] i.e.s.demo.controller.ClienteController  : Errore
2026-08-04T17:55:33.690+02:00  INFO 14772 --- [simpleFetchData] [http-nio-8080-exec-9] i.e.s.demo.controller.ClienteController  : Cliente trovato: ciao Presti
2026-08-04T17:55:36.170+02:00 ERROR 14772 --- [simpleFetchData] [http-nio-8080-exec-10] i.e.s.demo.controller.ClienteController  : Errore
2026-08-04T17:55:39.976+02:00  INFO 14772 --- [simpleFetchData] [http-nio-8080-exec-2] i.e.s.demo.controller.ClienteController  : Cliente trovato: ciao Presti
2026-08-04T18:02:02.126+02:00  INFO 57312 --- [simpleFetchData] [main] it.eng.spring.demo.DemoApplication       : Starting DemoApplication using Java 21.0.11 with PID 57312 (C:\Users\y.cimmino\Desktop\BackEnd\simple-fetch-data\target\classes started by y.cimmino in C:\Users\y.cimmino\Desktop\BackEnd\simple-fetch-data)
2026-08-04T18:02:02.135+02:00  INFO 57312 --- [simpleFetchData] [main] it.eng.spring.demo.DemoApplication       : No active profile set, falling back to 1 default profile: "default"
2026-08-04T18:02:03.818+02:00  INFO 57312 --- [simpleFetchData] [main] o.s.boot.tomcat.TomcatWebServer          : Tomcat initialized with port 8080 (http)
2026-08-04T18:02:03.835+02:00  INFO 57312 --- [simpleFetchData] [main] o.apache.catalina.core.StandardService   : Starting service [Tomcat]
2026-08-04T18:02:03.836+02:00  INFO 57312 --- [simpleFetchData] [main] o.apache.catalina.core.StandardEngine    : Starting Servlet engine: [Apache Tomcat/11.0.22]
2026-08-04T18:02:03.904+02:00  INFO 57312 --- [simpleFetchData] [main] b.w.c.s.WebApplicationContextInitializer : Root WebApplicationContext: initialization completed in 1669 ms
2026-08-04T18:02:04.610+02:00  INFO 57312 --- [simpleFetchData] [main] o.s.boot.tomcat.TomcatWebServer          : Tomcat started on port 8080 (http) with context path '/'
2026-08-04T18:02:04.620+02:00  INFO 57312 --- [simpleFetchData] [main] it.eng.spring.demo.DemoApplication       : Started DemoApplication in 3.327 seconds (process running for 3.983)
2026-08-04T18:02:09.847+02:00  INFO 57312 --- [simpleFetchData] [http-nio-8080-exec-1] o.a.c.c.C.[Tomcat].[localhost].[/]       : Initializing Spring DispatcherServlet 'dispatcherServlet'
2026-08-04T18:02:09.848+02:00  INFO 57312 --- [simpleFetchData] [http-nio-8080-exec-1] o.s.web.servlet.DispatcherServlet        : Initializing Servlet 'dispatcherServlet'
2026-08-04T18:02:09.851+02:00  INFO 57312 --- [simpleFetchData] [http-nio-8080-exec-1] o.s.web.servlet.DispatcherServlet        : Completed initialization in 1 ms
2026-08-04T18:02:27.142+02:00  INFO 57312 --- [simpleFetchData] [http-nio-8080-exec-2] i.e.s.demo.controller.ClienteController  : Cliente trovato: ciao Presti
2026-08-04T18:02:49.063+02:00  INFO 57312 --- [simpleFetchData] [http-nio-8080-exec-3] i.e.s.demo.controller.ClienteController  : Cliente trovato: c Presti
2026-08-05T09:46:18.430+02:00  INFO 21464 --- [simpleFetchData] [main] it.eng.spring.demo.DemoApplication       : Starting DemoApplication using Java 21.0.11 with PID 21464 (C:\Users\soliveri\workspace\BE\simple-fetch-data\target\classes started by soliveri in C:\Users\soliveri\workspace\BE\simple-fetch-data)
2026-08-05T09:46:18.441+02:00  INFO 21464 --- [simpleFetchData] [main] it.eng.spring.demo.DemoApplication       : No active profile set, falling back to 1 default profile: "default"
2026-08-05T09:46:20.084+02:00  INFO 21464 --- [simpleFetchData] [main] o.s.boot.tomcat.TomcatWebServer          : Tomcat initialized with port 8085 (http)
2026-08-05T09:46:20.134+02:00  INFO 21464 --- [simpleFetchData] [main] o.apache.catalina.core.StandardService   : Starting service [Tomcat]
2026-08-05T09:46:20.135+02:00  INFO 21464 --- [simpleFetchData] [main] o.apache.catalina.core.StandardEngine    : Starting Servlet engine: [Apache Tomcat/11.0.22]
2026-08-05T09:46:20.199+02:00  INFO 21464 --- [simpleFetchData] [main] b.w.c.s.WebApplicationContextInitializer : Root WebApplicationContext: initialization completed in 1682 ms
2026-08-05T09:46:20.739+02:00  INFO 21464 --- [simpleFetchData] [main] o.s.boot.tomcat.TomcatWebServer          : Tomcat started on port 8085 (http) with context path '/'
2026-08-05T09:46:20.747+02:00  INFO 21464 --- [simpleFetchData] [main] it.eng.spring.demo.DemoApplication       : Started DemoApplication in 3.05 seconds (process running for 3.669)
2026-08-05T09:46:38.584+02:00  INFO 21464 --- [simpleFetchData] [http-nio-8085-exec-1] o.a.c.c.C.[Tomcat].[localhost].[/]       : Initializing Spring DispatcherServlet 'dispatcherServlet'
2026-08-05T09:46:38.585+02:00  INFO 21464 --- [simpleFetchData] [http-nio-8085-exec-1] o.s.web.servlet.DispatcherServlet        : Initializing Servlet 'dispatcherServlet'
2026-08-05T09:46:38.588+02:00  INFO 21464 --- [simpleFetchData] [http-nio-8085-exec-1] o.s.web.servlet.DispatcherServlet        : Completed initialization in 2 ms
2026-08-05T09:47:51.372+02:00  INFO 15692 --- [simpleFetchData] [main] it.eng.spring.demo.DemoApplication       : Starting DemoApplication using Java 21.0.11 with PID 15692 (C:\Users\soliveri\workspace\BE\simple-fetch-data\target\classes started by soliveri in C:\Users\soliveri\workspace\BE\simple-fetch-data)
2026-08-05T09:47:51.378+02:00  INFO 15692 --- [simpleFetchData] [main] it.eng.spring.demo.DemoApplication       : No active profile set, falling back to 1 default profile: "default"
2026-08-05T09:47:52.712+02:00  INFO 15692 --- [simpleFetchData] [main] o.s.boot.tomcat.TomcatWebServer          : Tomcat initialized with port 8085 (http)
2026-08-05T09:47:52.739+02:00  INFO 15692 --- [simpleFetchData] [main] o.apache.catalina.core.StandardService   : Starting service [Tomcat]
2026-08-05T09:47:52.739+02:00  INFO 15692 --- [simpleFetchData] [main] o.apache.catalina.core.StandardEngine    : Starting Servlet engine: [Apache Tomcat/11.0.22]
2026-08-05T09:47:52.800+02:00  INFO 15692 --- [simpleFetchData] [main] b.w.c.s.WebApplicationContextInitializer : Root WebApplicationContext: initialization completed in 1344 ms
2026-08-05T09:47:53.292+02:00  INFO 15692 --- [simpleFetchData] [main] o.s.boot.tomcat.TomcatWebServer          : Tomcat started on port 8085 (http) with context path '/'
2026-08-05T09:47:53.299+02:00  INFO 15692 --- [simpleFetchData] [main] it.eng.spring.demo.DemoApplication       : Started DemoApplication in 2.632 seconds (process running for 3.132)
2026-08-05T09:47:58.639+02:00  INFO 15692 --- [simpleFetchData] [http-nio-8085-exec-1] o.a.c.c.C.[Tomcat].[localhost].[/]       : Initializing Spring DispatcherServlet 'dispatcherServlet'
2026-08-05T09:47:58.640+02:00  INFO 15692 --- [simpleFetchData] [http-nio-8085-exec-1] o.s.web.servlet.DispatcherServlet        : Initializing Servlet 'dispatcherServlet'
2026-08-05T09:47:58.642+02:00  INFO 15692 --- [simpleFetchData] [http-nio-8085-exec-1] o.s.web.servlet.DispatcherServlet        : Completed initialization in 2 ms
2026-08-05T09:48:46.002+02:00  INFO 1848 --- [simpleFetchData] [main] it.eng.spring.demo.DemoApplication       : Starting DemoApplication using Java 21.0.11 with PID 1848 (C:\Users\soliveri\workspace\BE\simple-fetch-data\target\classes started by soliveri in C:\Users\soliveri\workspace\BE\simple-fetch-data)
2026-08-05T09:48:46.009+02:00  INFO 1848 --- [simpleFetchData] [main] it.eng.spring.demo.DemoApplication       : No active profile set, falling back to 1 default profile: "default"
2026-08-05T09:48:47.309+02:00  INFO 1848 --- [simpleFetchData] [main] o.s.boot.tomcat.TomcatWebServer          : Tomcat initialized with port 8080 (http)
2026-08-05T09:48:47.332+02:00  INFO 1848 --- [simpleFetchData] [main] o.apache.catalina.core.StandardService   : Starting service [Tomcat]
2026-08-05T09:48:47.334+02:00  INFO 1848 --- [simpleFetchData] [main] o.apache.catalina.core.StandardEngine    : Starting Servlet engine: [Apache Tomcat/11.0.22]
2026-08-05T09:48:47.392+02:00  INFO 1848 --- [simpleFetchData] [main] b.w.c.s.WebApplicationContextInitializer : Root WebApplicationContext: initialization completed in 1310 ms
2026-08-05T09:48:47.951+02:00  INFO 1848 --- [simpleFetchData] [main] o.s.boot.tomcat.TomcatWebServer          : Tomcat started on port 8080 (http) with context path '/'
2026-08-05T09:48:47.960+02:00  INFO 1848 --- [simpleFetchData] [main] it.eng.spring.demo.DemoApplication       : Started DemoApplication in 2.603 seconds (process running for 3.124)
2026-08-05T09:49:08.846+02:00  INFO 1848 --- [simpleFetchData] [http-nio-8080-exec-1] o.a.c.c.C.[Tomcat].[localhost].[/]       : Initializing Spring DispatcherServlet 'dispatcherServlet'
2026-08-05T09:49:08.847+02:00  INFO 1848 --- [simpleFetchData] [http-nio-8080-exec-1] o.s.web.servlet.DispatcherServlet        : Initializing Servlet 'dispatcherServlet'
2026-08-05T09:49:08.848+02:00  INFO 1848 --- [simpleFetchData] [http-nio-8080-exec-1] o.s.web.servlet.DispatcherServlet        : Completed initialization in 1 ms
2026-08-05T09:55:13.541+02:00 ERROR 1848 --- [simpleFetchData] [http-nio-8080-exec-6] i.e.s.demo.controller.ClienteController  : Errore
2026-08-05T09:55:56.232+02:00 ERROR 1848 --- [simpleFetchData] [http-nio-8080-exec-7] i.e.s.demo.controller.ClienteController  : Errore
2026-08-05T09:58:39.743+02:00 ERROR 1848 --- [simpleFetchData] [http-nio-8080-exec-10] i.e.s.demo.controller.ClienteController  : Errore
2026-08-05T10:01:16.294+02:00  INFO 19936 --- [simpleFetchData] [main] it.eng.spring.demo.DemoApplication       : Starting DemoApplication using Java 21.0.11 with PID 19936 (C:\Users\soliveri\workspace\BE\simple-fetch-data\target\classes started by soliveri in C:\Users\soliveri\workspace\BE\simple-fetch-data)
2026-08-05T10:01:16.300+02:00  INFO 19936 --- [simpleFetchData] [main] it.eng.spring.demo.DemoApplication       : No active profile set, falling back to 1 default profile: "default"
2026-08-05T10:01:17.610+02:00  INFO 19936 --- [simpleFetchData] [main] o.s.boot.tomcat.TomcatWebServer          : Tomcat initialized with port 8080 (http)
2026-08-05T10:01:17.626+02:00  INFO 19936 --- [simpleFetchData] [main] o.apache.catalina.core.StandardService   : Starting service [Tomcat]
2026-08-05T10:01:17.626+02:00  INFO 19936 --- [simpleFetchData] [main] o.apache.catalina.core.StandardEngine    : Starting Servlet engine: [Apache Tomcat/11.0.22]
2026-08-05T10:01:17.682+02:00  INFO 19936 --- [simpleFetchData] [main] b.w.c.s.WebApplicationContextInitializer : Root WebApplicationContext: initialization completed in 1307 ms
2026-08-05T10:01:18.228+02:00  INFO 19936 --- [simpleFetchData] [main] o.s.boot.tomcat.TomcatWebServer          : Tomcat started on port 8080 (http) with context path '/'
2026-08-05T10:01:18.234+02:00  INFO 19936 --- [simpleFetchData] [main] it.eng.spring.demo.DemoApplication       : Started DemoApplication in 2.642 seconds (process running for 3.158)
2026-08-05T10:01:20.941+02:00  INFO 19936 --- [simpleFetchData] [http-nio-8080-exec-1] o.a.c.c.C.[Tomcat].[localhost].[/]       : Initializing Spring DispatcherServlet 'dispatcherServlet'
2026-08-05T10:01:20.941+02:00  INFO 19936 --- [simpleFetchData] [http-nio-8080-exec-1] o.s.web.servlet.DispatcherServlet        : Initializing Servlet 'dispatcherServlet'
2026-08-05T10:01:20.943+02:00  INFO 19936 --- [simpleFetchData] [http-nio-8080-exec-1] o.s.web.servlet.DispatcherServlet        : Completed initialization in 2 ms
2026-08-05T10:01:20.993+02:00  INFO 19936 --- [simpleFetchData] [http-nio-8080-exec-1] i.e.s.demo.controller.ClienteController  : svfa5sv416adf
2026-08-05T10:01:20.993+02:00 ERROR 19936 --- [simpleFetchData] [http-nio-8080-exec-1] i.e.s.demo.controller.ClienteController  : Errore
2026-08-05T10:01:55.468+02:00  WARN 19936 --- [simpleFetchData] [http-nio-8080-exec-2] .w.s.m.s.DefaultHandlerExceptionResolver : Resolved [org.springframework.web.bind.MissingRequestHeaderException: Required request header 'token' for method parameter type String is not present]
2026-08-05T10:03:30.805+02:00  INFO 22584 --- [simpleFetchData] [main] it.eng.spring.demo.DemoApplication       : Starting DemoApplication using Java 21.0.11 with PID 22584 (C:\Users\soliveri\workspace\BE\simple-fetch-data\target\classes started by soliveri in C:\Users\soliveri\workspace\BE\simple-fetch-data)
2026-08-05T10:03:30.818+02:00  INFO 22584 --- [simpleFetchData] [main] it.eng.spring.demo.DemoApplication       : No active profile set, falling back to 1 default profile: "default"
2026-08-05T10:03:32.126+02:00  INFO 22584 --- [simpleFetchData] [main] o.s.boot.tomcat.TomcatWebServer          : Tomcat initialized with port 8080 (http)
2026-08-05T10:03:32.150+02:00  INFO 22584 --- [simpleFetchData] [main] o.apache.catalina.core.StandardService   : Starting service [Tomcat]
2026-08-05T10:03:32.152+02:00  INFO 22584 --- [simpleFetchData] [main] o.apache.catalina.core.StandardEngine    : Starting Servlet engine: [Apache Tomcat/11.0.22]
2026-08-05T10:03:32.212+02:00  INFO 22584 --- [simpleFetchData] [main] b.w.c.s.WebApplicationContextInitializer : Root WebApplicationContext: initialization completed in 1325 ms
2026-08-05T10:03:32.716+02:00  INFO 22584 --- [simpleFetchData] [main] o.s.boot.tomcat.TomcatWebServer          : Tomcat started on port 8080 (http) with context path '/'
2026-08-05T10:03:32.723+02:00  INFO 22584 --- [simpleFetchData] [main] it.eng.spring.demo.DemoApplication       : Started DemoApplication in 2.558 seconds (process running for 3.044)
2026-08-05T10:03:35.808+02:00  INFO 22584 --- [simpleFetchData] [http-nio-8080-exec-2] o.a.c.c.C.[Tomcat].[localhost].[/]       : Initializing Spring DispatcherServlet 'dispatcherServlet'
2026-08-05T10:03:35.809+02:00  INFO 22584 --- [simpleFetchData] [http-nio-8080-exec-2] o.s.web.servlet.DispatcherServlet        : Initializing Servlet 'dispatcherServlet'
2026-08-05T10:03:35.810+02:00  INFO 22584 --- [simpleFetchData] [http-nio-8080-exec-2] o.s.web.servlet.DispatcherServlet        : Completed initialization in 1 ms
2026-08-05T10:03:35.896+02:00  INFO 22584 --- [simpleFetchData] [http-nio-8080-exec-2] i.e.s.demo.controller.ClienteController  : null
2026-08-05T10:03:35.896+02:00 ERROR 22584 --- [simpleFetchData] [http-nio-8080-exec-2] i.e.s.demo.controller.ClienteController  : Errore
2026-08-05T10:06:04.875+02:00  INFO 28016 --- [simpleFetchData] [main] it.eng.spring.demo.DemoApplication       : Starting DemoApplication using Java 21.0.11 with PID 28016 (C:\Users\soliveri\workspace\BE\simple-fetch-data\target\classes started by soliveri in C:\Users\soliveri\workspace\BE\simple-fetch-data)
2026-08-05T10:06:04.880+02:00  INFO 28016 --- [simpleFetchData] [main] it.eng.spring.demo.DemoApplication       : No active profile set, falling back to 1 default profile: "default"
2026-08-05T10:06:06.209+02:00  INFO 28016 --- [simpleFetchData] [main] o.s.boot.tomcat.TomcatWebServer          : Tomcat initialized with port 8080 (http)
2026-08-05T10:06:06.230+02:00  INFO 28016 --- [simpleFetchData] [main] o.apache.catalina.core.StandardService   : Starting service [Tomcat]
2026-08-05T10:06:06.230+02:00  INFO 28016 --- [simpleFetchData] [main] o.apache.catalina.core.StandardEngine    : Starting Servlet engine: [Apache Tomcat/11.0.22]
2026-08-05T10:06:06.285+02:00  INFO 28016 --- [simpleFetchData] [main] b.w.c.s.WebApplicationContextInitializer : Root WebApplicationContext: initialization completed in 1339 ms
2026-08-05T10:06:06.821+02:00  INFO 28016 --- [simpleFetchData] [main] o.s.boot.tomcat.TomcatWebServer          : Tomcat started on port 8080 (http) with context path '/'
2026-08-05T10:06:06.829+02:00  INFO 28016 --- [simpleFetchData] [main] it.eng.spring.demo.DemoApplication       : Started DemoApplication in 2.613 seconds (process running for 3.123)
2026-08-05T10:06:40.806+02:00  INFO 28016 --- [simpleFetchData] [http-nio-8080-exec-4] o.a.c.c.C.[Tomcat].[localhost].[/]       : Initializing Spring DispatcherServlet 'dispatcherServlet'
2026-08-05T10:06:40.806+02:00  INFO 28016 --- [simpleFetchData] [http-nio-8080-exec-4] o.s.web.servlet.DispatcherServlet        : Initializing Servlet 'dispatcherServlet'
2026-08-05T10:06:40.808+02:00  INFO 28016 --- [simpleFetchData] [http-nio-8080-exec-4] o.s.web.servlet.DispatcherServlet        : Completed initialization in 2 ms
2026-08-05T10:06:40.862+02:00  INFO 28016 --- [simpleFetchData] [http-nio-8080-exec-4] i.e.s.demo.controller.ClienteController  : sdvfsdvg4d6fgv4aef89
2026-08-05T10:06:40.862+02:00 ERROR 28016 --- [simpleFetchData] [http-nio-8080-exec-4] i.e.s.demo.controller.ClienteController  : Errore
2026-08-05T10:07:44.311+02:00  INFO 23708 --- [simpleFetchData] [main] it.eng.spring.demo.DemoApplication       : Starting DemoApplication using Java 21.0.11 with PID 23708 (C:\Users\soliveri\workspace\BE\simple-fetch-data\target\classes started by soliveri in C:\Users\soliveri\workspace\BE\simple-fetch-data)
2026-08-05T10:07:44.317+02:00  INFO 23708 --- [simpleFetchData] [main] it.eng.spring.demo.DemoApplication       : No active profile set, falling back to 1 default profile: "default"
2026-08-05T10:07:45.623+02:00  INFO 23708 --- [simpleFetchData] [main] o.s.boot.tomcat.TomcatWebServer          : Tomcat initialized with port 8080 (http)
2026-08-05T10:07:45.642+02:00  INFO 23708 --- [simpleFetchData] [main] o.apache.catalina.core.StandardService   : Starting service [Tomcat]
2026-08-05T10:07:45.642+02:00  INFO 23708 --- [simpleFetchData] [main] o.apache.catalina.core.StandardEngine    : Starting Servlet engine: [Apache Tomcat/11.0.22]
2026-08-05T10:07:45.703+02:00  INFO 23708 --- [simpleFetchData] [main] b.w.c.s.WebApplicationContextInitializer : Root WebApplicationContext: initialization completed in 1309 ms
2026-08-05T10:07:46.205+02:00  INFO 23708 --- [simpleFetchData] [main] o.s.boot.tomcat.TomcatWebServer          : Tomcat started on port 8080 (http) with context path '/'
2026-08-05T10:07:46.209+02:00  INFO 23708 --- [simpleFetchData] [main] it.eng.spring.demo.DemoApplication       : Started DemoApplication in 2.562 seconds (process running for 3.06)
2026-08-05T10:07:53.725+02:00  INFO 23708 --- [simpleFetchData] [http-nio-8080-exec-1] o.a.c.c.C.[Tomcat].[localhost].[/]       : Initializing Spring DispatcherServlet 'dispatcherServlet'
2026-08-05T10:07:53.726+02:00  INFO 23708 --- [simpleFetchData] [http-nio-8080-exec-1] o.s.web.servlet.DispatcherServlet        : Initializing Servlet 'dispatcherServlet'
2026-08-05T10:07:53.732+02:00  INFO 23708 --- [simpleFetchData] [http-nio-8080-exec-1] o.s.web.servlet.DispatcherServlet        : Completed initialization in 2 ms
2026-08-05T10:07:53.777+02:00  INFO 23708 --- [simpleFetchData] [http-nio-8080-exec-1] i.e.s.demo.controller.ClienteController  : sdvfsdvg4d6fgv4aef89
2026-08-05T10:07:53.777+02:00  INFO 23708 --- [simpleFetchData] [http-nio-8080-exec-1] i.e.s.demo.controller.ClienteController  : null
2026-08-05T10:07:53.779+02:00  INFO 23708 --- [simpleFetchData] [http-nio-8080-exec-1] i.e.s.demo.controller.ClienteController  : it-IT
2026-08-05T10:07:53.779+02:00 ERROR 23708 --- [simpleFetchData] [http-nio-8080-exec-1] i.e.s.demo.controller.ClienteController  : Errore
2026-08-05T10:11:06.814+02:00  INFO 10912 --- [simpleFetchData] [main] it.eng.spring.demo.DemoApplication       : Starting DemoApplication using Java 21.0.11 with PID 10912 (C:\Users\soliveri\workspace\BE\simple-fetch-data\target\classes started by soliveri in C:\Users\soliveri\workspace\BE\simple-fetch-data)
2026-08-05T10:11:06.820+02:00  INFO 10912 --- [simpleFetchData] [main] it.eng.spring.demo.DemoApplication       : No active profile set, falling back to 1 default profile: "default"
2026-08-05T10:11:08.241+02:00  INFO 10912 --- [simpleFetchData] [main] o.s.boot.tomcat.TomcatWebServer          : Tomcat initialized with port 8080 (http)
2026-08-05T10:11:08.268+02:00  INFO 10912 --- [simpleFetchData] [main] o.apache.catalina.core.StandardService   : Starting service [Tomcat]
2026-08-05T10:11:08.268+02:00  INFO 10912 --- [simpleFetchData] [main] o.apache.catalina.core.StandardEngine    : Starting Servlet engine: [Apache Tomcat/11.0.22]
2026-08-05T10:11:08.361+02:00  INFO 10912 --- [simpleFetchData] [main] b.w.c.s.WebApplicationContextInitializer : Root WebApplicationContext: initialization completed in 1450 ms
2026-08-05T10:11:09.038+02:00  INFO 10912 --- [simpleFetchData] [main] o.s.boot.tomcat.TomcatWebServer          : Tomcat started on port 8080 (http) with context path '/'
2026-08-05T10:11:09.046+02:00  INFO 10912 --- [simpleFetchData] [main] it.eng.spring.demo.DemoApplication       : Started DemoApplication in 3.137 seconds (process running for 4.159)
2026-08-05T10:11:14.229+02:00  INFO 10912 --- [simpleFetchData] [http-nio-8080-exec-1] o.a.c.c.C.[Tomcat].[localhost].[/]       : Initializing Spring DispatcherServlet 'dispatcherServlet'
2026-08-05T10:11:14.230+02:00  INFO 10912 --- [simpleFetchData] [http-nio-8080-exec-1] o.s.web.servlet.DispatcherServlet        : Initializing Servlet 'dispatcherServlet'
2026-08-05T10:11:14.232+02:00  INFO 10912 --- [simpleFetchData] [http-nio-8080-exec-1] o.s.web.servlet.DispatcherServlet        : Completed initialization in 2 ms
2026-08-05T10:14:12.198+02:00  INFO 16216 --- [simpleFetchData] [main] it.eng.spring.demo.DemoApplication       : Starting DemoApplication using Java 21.0.11 with PID 16216 (C:\Users\soliveri\workspace\BE\simple-fetch-data\target\classes started by soliveri in C:\Users\soliveri\workspace\BE\simple-fetch-data)
2026-08-05T10:14:12.202+02:00  INFO 16216 --- [simpleFetchData] [main] it.eng.spring.demo.DemoApplication       : No active profile set, falling back to 1 default profile: "default"
2026-08-05T10:14:13.527+02:00  INFO 16216 --- [simpleFetchData] [main] o.s.boot.tomcat.TomcatWebServer          : Tomcat initialized with port 8080 (http)
2026-08-05T10:14:13.548+02:00  INFO 16216 --- [simpleFetchData] [main] o.apache.catalina.core.StandardService   : Starting service [Tomcat]
2026-08-05T10:14:13.548+02:00  INFO 16216 --- [simpleFetchData] [main] o.apache.catalina.core.StandardEngine    : Starting Servlet engine: [Apache Tomcat/11.0.22]
2026-08-05T10:14:13.626+02:00  INFO 16216 --- [simpleFetchData] [main] b.w.c.s.WebApplicationContextInitializer : Root WebApplicationContext: initialization completed in 1347 ms
2026-08-05T10:14:14.143+02:00  INFO 16216 --- [simpleFetchData] [main] o.s.boot.tomcat.TomcatWebServer          : Tomcat started on port 8080 (http) with context path '/'
2026-08-05T10:14:14.149+02:00  INFO 16216 --- [simpleFetchData] [main] it.eng.spring.demo.DemoApplication       : Started DemoApplication in 2.602 seconds (process running for 3.114)
2026-08-05T10:14:24.962+02:00  INFO 3992 --- [simpleFetchData] [main] it.eng.spring.demo.DemoApplication       : Starting DemoApplication using Java 21.0.11 with PID 3992 (C:\Users\soliveri\workspace\BE\simple-fetch-data\target\classes started by soliveri in C:\Users\soliveri\workspace\BE\simple-fetch-data)
2026-08-05T10:14:24.967+02:00  INFO 3992 --- [simpleFetchData] [main] it.eng.spring.demo.DemoApplication       : No active profile set, falling back to 1 default profile: "default"
2026-08-05T10:14:26.465+02:00  INFO 3992 --- [simpleFetchData] [main] o.s.boot.tomcat.TomcatWebServer          : Tomcat initialized with port 8080 (http)
2026-08-05T10:14:26.507+02:00  INFO 3992 --- [simpleFetchData] [main] o.apache.catalina.core.StandardService   : Starting service [Tomcat]
2026-08-05T10:14:26.507+02:00  INFO 3992 --- [simpleFetchData] [main] o.apache.catalina.core.StandardEngine    : Starting Servlet engine: [Apache Tomcat/11.0.22]
2026-08-05T10:14:26.583+02:00  INFO 3992 --- [simpleFetchData] [main] b.w.c.s.WebApplicationContextInitializer : Root WebApplicationContext: initialization completed in 1518 ms
2026-08-05T10:14:27.309+02:00  INFO 3992 --- [simpleFetchData] [main] o.s.boot.tomcat.TomcatWebServer          : Tomcat started on port 8080 (http) with context path '/'
2026-08-05T10:14:27.321+02:00  INFO 3992 --- [simpleFetchData] [main] it.eng.spring.demo.DemoApplication       : Started DemoApplication in 3.278 seconds (process running for 4.117)
2026-08-05T10:14:34.050+02:00  INFO 3992 --- [simpleFetchData] [http-nio-8080-exec-1] o.a.c.c.C.[Tomcat].[localhost].[/]       : Initializing Spring DispatcherServlet 'dispatcherServlet'
2026-08-05T10:14:34.051+02:00  INFO 3992 --- [simpleFetchData] [http-nio-8080-exec-1] o.s.web.servlet.DispatcherServlet        : Initializing Servlet 'dispatcherServlet'
2026-08-05T10:14:34.053+02:00  INFO 3992 --- [simpleFetchData] [http-nio-8080-exec-1] o.s.web.servlet.DispatcherServlet        : Completed initialization in 2 ms
2026-08-05T10:18:20.509+02:00  INFO 14492 --- [simpleFetchData] [main] it.eng.spring.demo.DemoApplication       : Starting DemoApplication using Java 21.0.11 with PID 14492 (C:\Users\soliveri\workspace\BE\simple-fetch-data\target\classes started by soliveri in C:\Users\soliveri\workspace\BE\simple-fetch-data)
2026-08-05T10:18:20.515+02:00  INFO 14492 --- [simpleFetchData] [main] it.eng.spring.demo.DemoApplication       : No active profile set, falling back to 1 default profile: "default"
2026-08-05T10:18:21.901+02:00  INFO 14492 --- [simpleFetchData] [main] o.s.boot.tomcat.TomcatWebServer          : Tomcat initialized with port 8080 (http)
2026-08-05T10:18:21.922+02:00  INFO 14492 --- [simpleFetchData] [main] o.apache.catalina.core.StandardService   : Starting service [Tomcat]
2026-08-05T10:18:21.922+02:00  INFO 14492 --- [simpleFetchData] [main] o.apache.catalina.core.StandardEngine    : Starting Servlet engine: [Apache Tomcat/11.0.22]
2026-08-05T10:18:21.990+02:00  INFO 14492 --- [simpleFetchData] [main] b.w.c.s.WebApplicationContextInitializer : Root WebApplicationContext: initialization completed in 1394 ms
2026-08-05T10:18:22.580+02:00  INFO 14492 --- [simpleFetchData] [main] o.s.boot.tomcat.TomcatWebServer          : Tomcat started on port 8080 (http) with context path '/'
2026-08-05T10:18:22.585+02:00  INFO 14492 --- [simpleFetchData] [main] it.eng.spring.demo.DemoApplication       : Started DemoApplication in 2.855 seconds (process running for 3.521)
2026-08-05T10:18:29.808+02:00  INFO 14492 --- [simpleFetchData] [http-nio-8080-exec-1] o.a.c.c.C.[Tomcat].[localhost].[/]       : Initializing Spring DispatcherServlet 'dispatcherServlet'
2026-08-05T10:18:29.809+02:00  INFO 14492 --- [simpleFetchData] [http-nio-8080-exec-1] o.s.web.servlet.DispatcherServlet        : Initializing Servlet 'dispatcherServlet'
2026-08-05T10:18:29.810+02:00  INFO 14492 --- [simpleFetchData] [http-nio-8080-exec-1] o.s.web.servlet.DispatcherServlet        : Completed initialization in 1 ms
2026-08-05T10:18:29.866+02:00  INFO 14492 --- [simpleFetchData] [http-nio-8080-exec-1] i.e.s.demo.controller.ClienteController  : sdvfsdvg4d6fgv4aef89
2026-08-05T10:18:29.867+02:00 ERROR 14492 --- [simpleFetchData] [http-nio-8080-exec-1] i.e.s.demo.controller.ClienteController  : Errore
2026-08-05T10:22:47.022+02:00  INFO 31356 --- [simpleFetchData] [main] it.eng.spring.demo.DemoApplication       : Starting DemoApplication using Java 21.0.11 with PID 31356 (C:\Users\y.cimmino\Desktop\BackEnd\simple-fetch-data\target\classes started by y.cimmino in C:\Users\y.cimmino\Desktop\BackEnd\simple-fetch-data)
2026-08-05T10:22:47.035+02:00  INFO 31356 --- [simpleFetchData] [main] it.eng.spring.demo.DemoApplication       : No active profile set, falling back to 1 default profile: "default"
2026-08-05T10:22:50.177+02:00  INFO 31356 --- [simpleFetchData] [main] o.s.boot.tomcat.TomcatWebServer          : Tomcat initialized with port 8080 (http)
2026-08-05T10:22:50.202+02:00  INFO 31356 --- [simpleFetchData] [main] o.apache.catalina.core.StandardService   : Starting service [Tomcat]
2026-08-05T10:22:50.202+02:00  INFO 31356 --- [simpleFetchData] [main] o.apache.catalina.core.StandardEngine    : Starting Servlet engine: [Apache Tomcat/11.0.22]
2026-08-05T10:22:50.344+02:00  INFO 31356 --- [simpleFetchData] [main] b.w.c.s.WebApplicationContextInitializer : Root WebApplicationContext: initialization completed in 3146 ms
2026-08-05T10:22:51.610+02:00  INFO 31356 --- [simpleFetchData] [main] o.s.boot.tomcat.TomcatWebServer          : Tomcat started on port 8080 (http) with context path '/'
2026-08-05T10:22:51.623+02:00  INFO 31356 --- [simpleFetchData] [main] it.eng.spring.demo.DemoApplication       : Started DemoApplication in 5.761 seconds (process running for 6.932)
2026-08-05T10:23:25.040+02:00  INFO 31356 --- [simpleFetchData] [http-nio-8080-exec-1] o.a.c.c.C.[Tomcat].[localhost].[/]       : Initializing Spring DispatcherServlet 'dispatcherServlet'
2026-08-05T10:23:25.042+02:00  INFO 31356 --- [simpleFetchData] [http-nio-8080-exec-1] o.s.web.servlet.DispatcherServlet        : Initializing Servlet 'dispatcherServlet'
2026-08-05T10:23:25.045+02:00  INFO 31356 --- [simpleFetchData] [http-nio-8080-exec-1] o.s.web.servlet.DispatcherServlet        : Completed initialization in 2 ms
2026-08-05T10:23:27.187+02:00  INFO 31356 --- [simpleFetchData] [http-nio-8080-exec-10] o.springdoc.api.AbstractOpenApiResource  : Init duration for springdoc-openapi is: 1096 ms
2026-08-05T10:28:08.515+02:00  INFO 31356 --- [simpleFetchData] [http-nio-8080-exec-10] i.e.s.demo.controller.ClienteController  : ciao
2026-08-05T10:28:08.515+02:00  INFO 31356 --- [simpleFetchData] [http-nio-8080-exec-10] i.e.s.demo.controller.ClienteController  : Cliente trovato: string string
2026-08-05T10:29:05.993+02:00  INFO 31356 --- [simpleFetchData] [http-nio-8080-exec-4] i.e.s.demo.controller.ClienteController  : NOME: simpleFetchData
2026-08-05T11:01:21.281+02:00  INFO 31356 --- [simpleFetchData] [http-nio-8080-exec-1] i.e.s.demo.controller.ClienteController  : ciao
2026-08-05T11:01:21.305+02:00  INFO 31356 --- [simpleFetchData] [http-nio-8080-exec-1] i.e.s.demo.controller.ClienteController  : Cliente trovato: string string
2026-08-05T11:04:24.148+02:00  INFO 63836 --- [simpleFetchData] [main] it.eng.spring.demo.DemoApplication       : Starting DemoApplication using Java 21.0.11 with PID 63836 (C:\Users\y.cimmino\Desktop\BackEnd\simple-fetch-data\target\classes started by y.cimmino in C:\Users\y.cimmino\Desktop\BackEnd\simple-fetch-data)
2026-08-05T11:04:24.168+02:00  INFO 63836 --- [simpleFetchData] [main] it.eng.spring.demo.DemoApplication       : No active profile set, falling back to 1 default profile: "default"
2026-08-05T11:04:28.063+02:00  INFO 63836 --- [simpleFetchData] [main] o.s.boot.tomcat.TomcatWebServer          : Tomcat initialized with port 8080 (http)
2026-08-05T11:04:28.129+02:00  INFO 63836 --- [simpleFetchData] [main] o.apache.catalina.core.StandardService   : Starting service [Tomcat]
2026-08-05T11:04:28.130+02:00  INFO 63836 --- [simpleFetchData] [main] o.apache.catalina.core.StandardEngine    : Starting Servlet engine: [Apache Tomcat/11.0.22]
2026-08-05T11:04:28.453+02:00  INFO 63836 --- [simpleFetchData] [main] b.w.c.s.WebApplicationContextInitializer : Root WebApplicationContext: initialization completed in 4172 ms
2026-08-05T11:04:30.669+02:00  INFO 63836 --- [simpleFetchData] [main] o.s.boot.tomcat.TomcatWebServer          : Tomcat started on port 8080 (http) with context path '/'
2026-08-05T11:04:30.689+02:00  INFO 63836 --- [simpleFetchData] [main] it.eng.spring.demo.DemoApplication       : Started DemoApplication in 7.412 seconds (process running for 8.196)
2026-08-05T11:04:34.997+02:00  INFO 63836 --- [simpleFetchData] [http-nio-8080-exec-1] o.a.c.c.C.[Tomcat].[localhost].[/]       : Initializing Spring DispatcherServlet 'dispatcherServlet'
2026-08-05T11:04:34.998+02:00  INFO 63836 --- [simpleFetchData] [http-nio-8080-exec-1] o.s.web.servlet.DispatcherServlet        : Initializing Servlet 'dispatcherServlet'
2026-08-05T11:04:35.007+02:00  INFO 63836 --- [simpleFetchData] [http-nio-8080-exec-1] o.s.web.servlet.DispatcherServlet        : Completed initialization in 6 ms
2026-08-05T11:04:37.240+02:00  INFO 63836 --- [simpleFetchData] [http-nio-8080-exec-8] o.springdoc.api.AbstractOpenApiResource  : Init duration for springdoc-openapi is: 1466 ms
2026-08-05T11:06:24.979+02:00  INFO 30052 --- [simpleFetchData] [main] it.eng.spring.demo.DemoApplication       : Starting DemoApplication using Java 21.0.11 with PID 30052 (C:\Users\y.cimmino\Desktop\BackEnd\simple-fetch-data\target\classes started by y.cimmino in C:\Users\y.cimmino\Desktop\BackEnd\simple-fetch-data)
2026-08-05T11:06:24.992+02:00  INFO 30052 --- [simpleFetchData] [main] it.eng.spring.demo.DemoApplication       : No active profile set, falling back to 1 default profile: "default"
2026-08-05T11:06:28.905+02:00  INFO 30052 --- [simpleFetchData] [main] o.s.boot.tomcat.TomcatWebServer          : Tomcat initialized with port 8080 (http)
2026-08-05T11:06:28.971+02:00  INFO 30052 --- [simpleFetchData] [main] o.apache.catalina.core.StandardService   : Starting service [Tomcat]
2026-08-05T11:06:28.974+02:00  INFO 30052 --- [simpleFetchData] [main] o.apache.catalina.core.StandardEngine    : Starting Servlet engine: [Apache Tomcat/11.0.22]
2026-08-05T11:06:29.291+02:00  INFO 30052 --- [simpleFetchData] [main] b.w.c.s.WebApplicationContextInitializer : Root WebApplicationContext: initialization completed in 4177 ms
2026-08-05T11:06:31.561+02:00  INFO 30052 --- [simpleFetchData] [main] o.s.boot.tomcat.TomcatWebServer          : Tomcat started on port 8080 (http) with context path '/'
2026-08-05T11:06:31.587+02:00  INFO 30052 --- [simpleFetchData] [main] it.eng.spring.demo.DemoApplication       : Started DemoApplication in 7.537 seconds (process running for 8.308)
2026-08-05T11:06:32.437+02:00  INFO 30052 --- [simpleFetchData] [http-nio-8080-exec-1] o.a.c.c.C.[Tomcat].[localhost].[/]       : Initializing Spring DispatcherServlet 'dispatcherServlet'
2026-08-05T11:06:32.438+02:00  INFO 30052 --- [simpleFetchData] [http-nio-8080-exec-1] o.s.web.servlet.DispatcherServlet        : Initializing Servlet 'dispatcherServlet'
2026-08-05T11:06:32.440+02:00  INFO 30052 --- [simpleFetchData] [http-nio-8080-exec-1] o.s.web.servlet.DispatcherServlet        : Completed initialization in 2 ms
2026-08-05T11:06:34.507+02:00  INFO 30052 --- [simpleFetchData] [http-nio-8080-exec-5] o.springdoc.api.AbstractOpenApiResource  : Init duration for springdoc-openapi is: 1264 ms
2026-08-05T11:08:50.838+02:00  INFO 44136 --- [simpleFetchData] [main] it.eng.spring.demo.DemoApplication       : Starting DemoApplication using Java 21.0.11 with PID 44136 (C:\Users\y.cimmino\Desktop\BackEnd\simple-fetch-data\target\classes started by y.cimmino in C:\Users\y.cimmino\Desktop\BackEnd\simple-fetch-data)
2026-08-05T11:08:50.850+02:00  INFO 44136 --- [simpleFetchData] [main] it.eng.spring.demo.DemoApplication       : No active profile set, falling back to 1 default profile: "default"
2026-08-05T11:08:52.861+02:00  INFO 44136 --- [simpleFetchData] [main] o.s.boot.tomcat.TomcatWebServer          : Tomcat initialized with port 8080 (http)
2026-08-05T11:08:52.884+02:00  INFO 44136 --- [simpleFetchData] [main] o.apache.catalina.core.StandardService   : Starting service [Tomcat]
2026-08-05T11:08:52.884+02:00  INFO 44136 --- [simpleFetchData] [main] o.apache.catalina.core.StandardEngine    : Starting Servlet engine: [Apache Tomcat/11.0.22]
2026-08-05T11:08:52.971+02:00  INFO 44136 --- [simpleFetchData] [main] b.w.c.s.WebApplicationContextInitializer : Root WebApplicationContext: initialization completed in 2005 ms
2026-08-05T11:08:53.961+02:00  INFO 44136 --- [simpleFetchData] [main] o.s.boot.tomcat.TomcatWebServer          : Tomcat started on port 8080 (http) with context path '/'
2026-08-05T11:08:53.972+02:00  INFO 44136 --- [simpleFetchData] [main] it.eng.spring.demo.DemoApplication       : Started DemoApplication in 3.977 seconds (process running for 4.732)
2026-08-05T11:08:58.765+02:00  INFO 44136 --- [simpleFetchData] [http-nio-8080-exec-1] o.a.c.c.C.[Tomcat].[localhost].[/]       : Initializing Spring DispatcherServlet 'dispatcherServlet'
2026-08-05T11:08:58.766+02:00  INFO 44136 --- [simpleFetchData] [http-nio-8080-exec-1] o.s.web.servlet.DispatcherServlet        : Initializing Servlet 'dispatcherServlet'
2026-08-05T11:08:58.769+02:00  INFO 44136 --- [simpleFetchData] [http-nio-8080-exec-1] o.s.web.servlet.DispatcherServlet        : Completed initialization in 2 ms
2026-08-05T11:09:00.942+02:00  INFO 44136 --- [simpleFetchData] [http-nio-8080-exec-8] o.springdoc.api.AbstractOpenApiResource  : Init duration for springdoc-openapi is: 1310 ms
2026-08-05T11:11:49.372+02:00  INFO 4160 --- [simpleFetchData] [main] it.eng.spring.demo.DemoApplication       : Starting DemoApplication using Java 21.0.11 with PID 4160 (C:\Users\y.cimmino\Desktop\BackEnd\simple-fetch-data\target\classes started by y.cimmino in C:\Users\y.cimmino\Desktop\BackEnd\simple-fetch-data)
2026-08-05T11:11:49.387+02:00  INFO 4160 --- [simpleFetchData] [main] it.eng.spring.demo.DemoApplication       : No active profile set, falling back to 1 default profile: "default"
2026-08-05T11:11:51.885+02:00  INFO 4160 --- [simpleFetchData] [main] o.s.boot.tomcat.TomcatWebServer          : Tomcat initialized with port 8080 (http)
2026-08-05T11:11:51.953+02:00  INFO 4160 --- [simpleFetchData] [main] o.apache.catalina.core.StandardService   : Starting service [Tomcat]
2026-08-05T11:11:51.954+02:00  INFO 4160 --- [simpleFetchData] [main] o.apache.catalina.core.StandardEngine    : Starting Servlet engine: [Apache Tomcat/11.0.22]
2026-08-05T11:11:52.277+02:00  INFO 4160 --- [simpleFetchData] [main] b.w.c.s.WebApplicationContextInitializer : Root WebApplicationContext: initialization completed in 2728 ms
2026-08-05T11:11:54.408+02:00  INFO 4160 --- [simpleFetchData] [main] o.s.boot.tomcat.TomcatWebServer          : Tomcat started on port 8080 (http) with context path '/'
2026-08-05T11:11:54.440+02:00  INFO 4160 --- [simpleFetchData] [main] it.eng.spring.demo.DemoApplication       : Started DemoApplication in 5.968 seconds (process running for 6.697)
2026-08-05T11:11:54.706+02:00  INFO 4160 --- [simpleFetchData] [http-nio-8080-exec-1] o.a.c.c.C.[Tomcat].[localhost].[/]       : Initializing Spring DispatcherServlet 'dispatcherServlet'
2026-08-05T11:11:54.709+02:00  INFO 4160 --- [simpleFetchData] [http-nio-8080-exec-1] o.s.web.servlet.DispatcherServlet        : Initializing Servlet 'dispatcherServlet'
2026-08-05T11:11:54.716+02:00  INFO 4160 --- [simpleFetchData] [http-nio-8080-exec-1] o.s.web.servlet.DispatcherServlet        : Completed initialization in 5 ms
2026-08-05T11:11:56.681+02:00  INFO 4160 --- [simpleFetchData] [http-nio-8080-exec-3] o.springdoc.api.AbstractOpenApiResource  : Init duration for springdoc-openapi is: 1260 ms
2026-08-05T11:14:23.639+02:00  INFO 18336 --- [simpleFetchData] [main] it.eng.spring.demo.DemoApplication       : Starting DemoApplication using Java 21.0.11 with PID 18336 (C:\Users\y.cimmino\Desktop\BackEnd\simple-fetch-data\target\classes started by y.cimmino in C:\Users\y.cimmino\Desktop\BackEnd\simple-fetch-data)
2026-08-05T11:14:23.649+02:00  INFO 18336 --- [simpleFetchData] [main] it.eng.spring.demo.DemoApplication       : No active profile set, falling back to 1 default profile: "default"
2026-08-05T11:14:27.418+02:00  INFO 18336 --- [simpleFetchData] [main] o.s.boot.tomcat.TomcatWebServer          : Tomcat initialized with port 8080 (http)
2026-08-05T11:14:27.462+02:00  INFO 18336 --- [simpleFetchData] [main] o.apache.catalina.core.StandardService   : Starting service [Tomcat]
2026-08-05T11:14:27.463+02:00  INFO 18336 --- [simpleFetchData] [main] o.apache.catalina.core.StandardEngine    : Starting Servlet engine: [Apache Tomcat/11.0.22]
2026-08-05T11:14:27.692+02:00  INFO 18336 --- [simpleFetchData] [main] b.w.c.s.WebApplicationContextInitializer : Root WebApplicationContext: initialization completed in 3906 ms
2026-08-05T11:14:29.998+02:00  INFO 18336 --- [simpleFetchData] [main] o.s.boot.tomcat.TomcatWebServer          : Tomcat started on port 8080 (http) with context path '/'
2026-08-05T11:14:30.014+02:00  INFO 18336 --- [simpleFetchData] [main] it.eng.spring.demo.DemoApplication       : Started DemoApplication in 7.361 seconds (process running for 8.123)
2026-08-05T11:14:38.590+02:00  INFO 18336 --- [simpleFetchData] [http-nio-8080-exec-1] o.a.c.c.C.[Tomcat].[localhost].[/]       : Initializing Spring DispatcherServlet 'dispatcherServlet'
2026-08-05T11:14:38.592+02:00  INFO 18336 --- [simpleFetchData] [http-nio-8080-exec-1] o.s.web.servlet.DispatcherServlet        : Initializing Servlet 'dispatcherServlet'
2026-08-05T11:14:38.595+02:00  INFO 18336 --- [simpleFetchData] [http-nio-8080-exec-1] o.s.web.servlet.DispatcherServlet        : Completed initialization in 2 ms
2026-08-05T11:14:40.904+02:00  INFO 18336 --- [simpleFetchData] [http-nio-8080-exec-8] o.springdoc.api.AbstractOpenApiResource  : Init duration for springdoc-openapi is: 1463 ms
2026-08-05T11:19:09.041+02:00  INFO 3596 --- [simpleFetchData] [main] it.eng.spring.demo.DemoApplication       : Starting DemoApplication using Java 21.0.11 with PID 3596 (C:\Users\y.cimmino\Desktop\BackEnd\simple-fetch-data\target\classes started by y.cimmino in C:\Users\y.cimmino\Desktop\BackEnd\simple-fetch-data)
2026-08-05T11:19:09.051+02:00  INFO 3596 --- [simpleFetchData] [main] it.eng.spring.demo.DemoApplication       : No active profile set, falling back to 1 default profile: "default"
2026-08-05T11:19:12.604+02:00  INFO 3596 --- [simpleFetchData] [main] o.s.boot.tomcat.TomcatWebServer          : Tomcat initialized with port 8080 (http)
2026-08-05T11:19:12.656+02:00  INFO 3596 --- [simpleFetchData] [main] o.apache.catalina.core.StandardService   : Starting service [Tomcat]
2026-08-05T11:19:12.657+02:00  INFO 3596 --- [simpleFetchData] [main] o.apache.catalina.core.StandardEngine    : Starting Servlet engine: [Apache Tomcat/11.0.22]
2026-08-05T11:19:12.883+02:00  INFO 3596 --- [simpleFetchData] [main] b.w.c.s.WebApplicationContextInitializer : Root WebApplicationContext: initialization completed in 3676 ms
2026-08-05T11:19:15.292+02:00  INFO 3596 --- [simpleFetchData] [main] o.s.boot.tomcat.TomcatWebServer          : Tomcat started on port 8080 (http) with context path '/'
2026-08-05T11:19:15.330+02:00  INFO 3596 --- [simpleFetchData] [main] it.eng.spring.demo.DemoApplication       : Started DemoApplication in 7.321 seconds (process running for 8.119)
2026-08-05T11:19:15.536+02:00  INFO 3596 --- [simpleFetchData] [http-nio-8080-exec-1] o.a.c.c.C.[Tomcat].[localhost].[/]       : Initializing Spring DispatcherServlet 'dispatcherServlet'
2026-08-05T11:19:15.537+02:00  INFO 3596 --- [simpleFetchData] [http-nio-8080-exec-1] o.s.web.servlet.DispatcherServlet        : Initializing Servlet 'dispatcherServlet'
2026-08-05T11:19:15.540+02:00  INFO 3596 --- [simpleFetchData] [http-nio-8080-exec-1] o.s.web.servlet.DispatcherServlet        : Completed initialization in 2 ms
2026-08-05T11:19:17.495+02:00  INFO 3596 --- [simpleFetchData] [http-nio-8080-exec-3] o.springdoc.api.AbstractOpenApiResource  : Init duration for springdoc-openapi is: 1202 ms
2026-08-05T11:51:20.323+02:00  INFO 3052 --- [simpleFetchData] [main] it.eng.spring.demo.DemoApplication       : Starting DemoApplication using Java 21.0.11 with PID 3052 (C:\Users\soliveri\workspace\BE\simple-fetch-data\target\classes started by soliveri in C:\Users\soliveri\workspace\BE\simple-fetch-data)
2026-08-05T11:51:20.333+02:00  INFO 3052 --- [simpleFetchData] [main] it.eng.spring.demo.DemoApplication       : No active profile set, falling back to 1 default profile: "default"
2026-08-05T11:51:21.987+02:00  INFO 3052 --- [simpleFetchData] [main] o.s.boot.tomcat.TomcatWebServer          : Tomcat initialized with port 8080 (http)
2026-08-05T11:51:22.006+02:00  INFO 3052 --- [simpleFetchData] [main] o.apache.catalina.core.StandardService   : Starting service [Tomcat]
2026-08-05T11:51:22.006+02:00  INFO 3052 --- [simpleFetchData] [main] o.apache.catalina.core.StandardEngine    : Starting Servlet engine: [Apache Tomcat/11.0.22]
2026-08-05T11:51:22.080+02:00  INFO 3052 --- [simpleFetchData] [main] b.w.c.s.WebApplicationContextInitializer : Root WebApplicationContext: initialization completed in 1650 ms
2026-08-05T11:51:22.890+02:00  INFO 3052 --- [simpleFetchData] [main] o.s.boot.tomcat.TomcatWebServer          : Tomcat started on port 8080 (http) with context path '/'
2026-08-05T11:51:22.900+02:00  INFO 3052 --- [simpleFetchData] [main] it.eng.spring.demo.DemoApplication       : Started DemoApplication in 3.452 seconds (process running for 4.017)
2026-08-05T11:52:17.324+02:00  INFO 34572 --- [simpleFetchData] [main] it.eng.spring.demo.DemoApplication       : Starting DemoApplication using Java 21.0.11 with PID 34572 (C:\Users\soliveri\workspace\BE\simple-fetch-data\target\classes started by soliveri in C:\Users\soliveri\workspace\BE\simple-fetch-data)
2026-08-05T11:52:17.332+02:00  INFO 34572 --- [simpleFetchData] [main] it.eng.spring.demo.DemoApplication       : No active profile set, falling back to 1 default profile: "default"
2026-08-05T11:52:19.558+02:00  INFO 34572 --- [simpleFetchData] [main] o.s.boot.tomcat.TomcatWebServer          : Tomcat initialized with port 8080 (http)
2026-08-05T11:52:19.587+02:00  INFO 34572 --- [simpleFetchData] [main] o.apache.catalina.core.StandardService   : Starting service [Tomcat]
2026-08-05T11:52:19.588+02:00  INFO 34572 --- [simpleFetchData] [main] o.apache.catalina.core.StandardEngine    : Starting Servlet engine: [Apache Tomcat/11.0.22]
2026-08-05T11:52:19.705+02:00  INFO 34572 --- [simpleFetchData] [main] b.w.c.s.WebApplicationContextInitializer : Root WebApplicationContext: initialization completed in 2261 ms
2026-08-05T11:52:20.880+02:00  INFO 34572 --- [simpleFetchData] [main] o.s.boot.tomcat.TomcatWebServer          : Tomcat started on port 8080 (http) with context path '/'
2026-08-05T11:52:20.890+02:00  INFO 34572 --- [simpleFetchData] [main] it.eng.spring.demo.DemoApplication       : Started DemoApplication in 4.492 seconds (process running for 5.786)
2026-08-05T11:52:32.961+02:00  INFO 34572 --- [simpleFetchData] [http-nio-8080-exec-1] o.a.c.c.C.[Tomcat].[localhost].[/]       : Initializing Spring DispatcherServlet 'dispatcherServlet'
2026-08-05T11:52:32.961+02:00  INFO 34572 --- [simpleFetchData] [http-nio-8080-exec-1] o.s.web.servlet.DispatcherServlet        : Initializing Servlet 'dispatcherServlet'
2026-08-05T11:52:32.970+02:00  INFO 34572 --- [simpleFetchData] [http-nio-8080-exec-1] o.s.web.servlet.DispatcherServlet        : Completed initialization in 7 ms
2026-08-05T12:02:18.788+02:00  INFO 12724 --- [simpleFetchData] [main] it.eng.spring.demo.DemoApplication       : Starting DemoApplication using Java 21.0.11 with PID 12724 (C:\Users\soliveri\workspace\BE\simple-fetch-data\target\classes started by soliveri in C:\Users\soliveri\workspace\BE\simple-fetch-data)
2026-08-05T12:02:18.795+02:00  INFO 12724 --- [simpleFetchData] [main] it.eng.spring.demo.DemoApplication       : No active profile set, falling back to 1 default profile: "default"
2026-08-05T12:02:18.849+02:00  INFO 24832 --- [simpleFetchData] [main] it.eng.spring.demo.DemoApplication       : Starting DemoApplication using Java 21.0.11 with PID 24832 (C:\Users\soliveri\workspace\BE\simple-fetch-data\target\classes started by soliveri in C:\Users\soliveri\workspace\BE\simple-fetch-data)
2026-08-05T12:02:18.988+02:00  INFO 27100 --- [simpleFetchData] [main] it.eng.spring.demo.DemoApplication       : Starting DemoApplication using Java 21.0.11 with PID 27100 (C:\Users\soliveri\workspace\BE\simple-fetch-data\target\classes started by soliveri in C:\Users\soliveri\workspace\BE\simple-fetch-data)
2026-08-05T12:02:18.999+02:00  INFO 27100 --- [simpleFetchData] [main] it.eng.spring.demo.DemoApplication       : No active profile set, falling back to 1 default profile: "default"
2026-08-05T12:02:19.066+02:00  INFO 24832 --- [simpleFetchData] [main] it.eng.spring.demo.DemoApplication       : No active profile set, falling back to 1 default profile: "default"
2026-08-05T12:02:23.424+02:00  INFO 12724 --- [simpleFetchData] [main] .s.d.r.c.RepositoryConfigurationDelegate : Bootstrapping Spring Data JPA repositories in DEFAULT mode.
2026-08-05T12:02:23.452+02:00  INFO 24832 --- [simpleFetchData] [main] .s.d.r.c.RepositoryConfigurationDelegate : Bootstrapping Spring Data JPA repositories in DEFAULT mode.
2026-08-05T12:02:23.481+02:00  INFO 12724 --- [simpleFetchData] [main] .s.d.r.c.RepositoryConfigurationDelegate : Finished Spring Data repository scanning in 34 ms. Found 0 JPA repository interfaces.
2026-08-05T12:02:23.491+02:00  INFO 27100 --- [simpleFetchData] [main] .s.d.r.c.RepositoryConfigurationDelegate : Bootstrapping Spring Data JPA repositories in DEFAULT mode.
2026-08-05T12:02:23.510+02:00  INFO 24832 --- [simpleFetchData] [main] .s.d.r.c.RepositoryConfigurationDelegate : Finished Spring Data repository scanning in 32 ms. Found 0 JPA repository interfaces.
2026-08-05T12:02:23.563+02:00  INFO 27100 --- [simpleFetchData] [main] .s.d.r.c.RepositoryConfigurationDelegate : Finished Spring Data repository scanning in 43 ms. Found 0 JPA repository interfaces.
2026-08-05T12:02:25.961+02:00  INFO 12724 --- [simpleFetchData] [main] o.s.boot.tomcat.TomcatWebServer          : Tomcat initialized with port 8080 (http)
2026-08-05T12:02:26.034+02:00  INFO 12724 --- [simpleFetchData] [main] o.apache.catalina.core.StandardService   : Starting service [Tomcat]
2026-08-05T12:02:26.034+02:00  INFO 12724 --- [simpleFetchData] [main] o.apache.catalina.core.StandardEngine    : Starting Servlet engine: [Apache Tomcat/11.0.22]
2026-08-05T12:02:26.048+02:00  INFO 27100 --- [simpleFetchData] [main] o.s.boot.tomcat.TomcatWebServer          : Tomcat initialized with port 8080 (http)
2026-08-05T12:02:26.102+02:00  INFO 24832 --- [simpleFetchData] [main] o.s.boot.tomcat.TomcatWebServer          : Tomcat initialized with port 8080 (http)
2026-08-05T12:02:26.104+02:00  INFO 27100 --- [simpleFetchData] [main] o.apache.catalina.core.StandardService   : Starting service [Tomcat]
2026-08-05T12:02:26.104+02:00  INFO 27100 --- [simpleFetchData] [main] o.apache.catalina.core.StandardEngine    : Starting Servlet engine: [Apache Tomcat/11.0.22]
2026-08-05T12:02:26.153+02:00  INFO 24832 --- [simpleFetchData] [main] o.apache.catalina.core.StandardService   : Starting service [Tomcat]
2026-08-05T12:02:26.155+02:00  INFO 24832 --- [simpleFetchData] [main] o.apache.catalina.core.StandardEngine    : Starting Servlet engine: [Apache Tomcat/11.0.22]
2026-08-05T12:02:26.353+02:00  INFO 27100 --- [simpleFetchData] [main] b.w.c.s.WebApplicationContextInitializer : Root WebApplicationContext: initialization completed in 7002 ms
2026-08-05T12:02:26.368+02:00  INFO 12724 --- [simpleFetchData] [main] b.w.c.s.WebApplicationContextInitializer : Root WebApplicationContext: initialization completed in 7166 ms
2026-08-05T12:02:26.469+02:00  INFO 24832 --- [simpleFetchData] [main] b.w.c.s.WebApplicationContextInitializer : Root WebApplicationContext: initialization completed in 7158 ms
2026-08-05T12:02:27.183+02:00  INFO 12724 --- [simpleFetchData] [main] com.zaxxer.hikari.HikariDataSource       : HikariPool-1 - Starting...
2026-08-05T12:02:27.208+02:00  INFO 24832 --- [simpleFetchData] [main] com.zaxxer.hikari.HikariDataSource       : HikariPool-1 - Starting...
2026-08-05T12:02:27.494+02:00  INFO 27100 --- [simpleFetchData] [main] com.zaxxer.hikari.HikariDataSource       : HikariPool-1 - Starting...
2026-08-05T12:02:28.091+02:00  INFO 12724 --- [simpleFetchData] [main] com.zaxxer.hikari.pool.HikariPool        : HikariPool-1 - Added connection conn0: url=jdbc:h2:mem:fc1bc20c-9f81-45b6-9bbf-6b3cb20be747 user=SA
2026-08-05T12:02:28.096+02:00  INFO 12724 --- [simpleFetchData] [main] com.zaxxer.hikari.HikariDataSource       : HikariPool-1 - Start completed.
2026-08-05T12:02:28.128+02:00  INFO 24832 --- [simpleFetchData] [main] com.zaxxer.hikari.pool.HikariPool        : HikariPool-1 - Added connection conn0: url=jdbc:h2:mem:b77fd265-731b-4c91-b0e8-1fe8565afc76 user=SA
2026-08-05T12:02:28.131+02:00  INFO 24832 --- [simpleFetchData] [main] com.zaxxer.hikari.HikariDataSource       : HikariPool-1 - Start completed.
2026-08-05T12:02:28.325+02:00  INFO 12724 --- [simpleFetchData] [main] org.hibernate.orm.jpa                    : HHH008540: Processing PersistenceUnitInfo [name: default]
2026-08-05T12:02:28.340+02:00  INFO 24832 --- [simpleFetchData] [main] org.hibernate.orm.jpa                    : HHH008540: Processing PersistenceUnitInfo [name: default]
2026-08-05T12:02:28.767+02:00  INFO 24832 --- [simpleFetchData] [main] org.hibernate.orm.core                   : HHH000001: Hibernate ORM core version 7.4.1.Final
2026-08-05T12:02:28.828+02:00  INFO 27100 --- [simpleFetchData] [main] com.zaxxer.hikari.pool.HikariPool        : HikariPool-1 - Added connection conn0: url=jdbc:h2:mem:3ab65b46-fc62-4eca-a7dc-7ceb459947b7 user=SA
2026-08-05T12:02:28.835+02:00  INFO 27100 --- [simpleFetchData] [main] com.zaxxer.hikari.HikariDataSource       : HikariPool-1 - Start completed.
2026-08-05T12:02:28.941+02:00  INFO 12724 --- [simpleFetchData] [main] org.hibernate.orm.core                   : HHH000001: Hibernate ORM core version 7.4.1.Final
2026-08-05T12:02:29.150+02:00  INFO 27100 --- [simpleFetchData] [main] org.hibernate.orm.jpa                    : HHH008540: Processing PersistenceUnitInfo [name: default]
2026-08-05T12:02:29.405+02:00  INFO 27100 --- [simpleFetchData] [main] org.hibernate.orm.core                   : HHH000001: Hibernate ORM core version 7.4.1.Final
2026-08-05T12:02:30.631+02:00  INFO 12724 --- [simpleFetchData] [main] o.s.o.j.p.SpringPersistenceUnitInfo      : No LoadTimeWeaver setup: ignoring JPA class transformer
2026-08-05T12:02:30.638+02:00  INFO 24832 --- [simpleFetchData] [main] o.s.o.j.p.SpringPersistenceUnitInfo      : No LoadTimeWeaver setup: ignoring JPA class transformer
2026-08-05T12:02:30.841+02:00  INFO 12724 --- [simpleFetchData] [main] org.hibernate.orm.connections.pooling    : HHH10001005: Database info:
	Database JDBC URL [jdbc:h2:mem:fc1bc20c-9f81-45b6-9bbf-6b3cb20be747]
	Database driver: H2 JDBC Driver
	Database dialect: H2Dialect
	Database version: 2.4.240
	Default catalog/schema: FC1BC20C-9F81-45B6-9BBF-6B3CB20BE747/PUBLIC
	Autocommit mode: undefined/unknown
	Isolation level: READ_COMMITTED [default READ_COMMITTED]
	JDBC fetch size: 100
	Pool: DataSourceConnectionProvider
	Minimum pool size: undefined/unknown
	Maximum pool size: undefined/unknown
2026-08-05T12:02:30.869+02:00  INFO 24832 --- [simpleFetchData] [main] org.hibernate.orm.connections.pooling    : HHH10001005: Database info:
	Database JDBC URL [jdbc:h2:mem:b77fd265-731b-4c91-b0e8-1fe8565afc76]
	Database driver: H2 JDBC Driver
	Database dialect: H2Dialect
	Database version: 2.4.240
	Default catalog/schema: B77FD265-731B-4C91-B0E8-1FE8565AFC76/PUBLIC
	Autocommit mode: undefined/unknown
	Isolation level: READ_COMMITTED [default READ_COMMITTED]
	JDBC fetch size: 100
	Pool: DataSourceConnectionProvider
	Minimum pool size: undefined/unknown
	Maximum pool size: undefined/unknown
2026-08-05T12:02:30.946+02:00  INFO 27100 --- [simpleFetchData] [main] o.s.o.j.p.SpringPersistenceUnitInfo      : No LoadTimeWeaver setup: ignoring JPA class transformer
2026-08-05T12:02:31.219+02:00  INFO 27100 --- [simpleFetchData] [main] org.hibernate.orm.connections.pooling    : HHH10001005: Database info:
	Database JDBC URL [jdbc:h2:mem:3ab65b46-fc62-4eca-a7dc-7ceb459947b7]
	Database driver: H2 JDBC Driver
	Database dialect: H2Dialect
	Database version: 2.4.240
	Default catalog/schema: 3AB65B46-FC62-4ECA-A7DC-7CEB459947B7/PUBLIC
	Autocommit mode: undefined/unknown
	Isolation level: READ_COMMITTED [default READ_COMMITTED]
	JDBC fetch size: 100
	Pool: DataSourceConnectionProvider
	Minimum pool size: undefined/unknown
	Maximum pool size: undefined/unknown
2026-08-05T12:02:32.252+02:00  INFO 24832 --- [simpleFetchData] [main] org.hibernate.orm.core                   : HHH000489: No JTA platform available (set 'hibernate.transaction.jta.platform' to enable JTA platform integration)
2026-08-05T12:02:32.257+02:00  INFO 12724 --- [simpleFetchData] [main] org.hibernate.orm.core                   : HHH000489: No JTA platform available (set 'hibernate.transaction.jta.platform' to enable JTA platform integration)
2026-08-05T12:02:32.307+02:00  INFO 24832 --- [simpleFetchData] [main] j.LocalContainerEntityManagerFactoryBean : Initialized JPA EntityManagerFactory for persistence unit 'default'
2026-08-05T12:02:32.307+02:00  INFO 12724 --- [simpleFetchData] [main] j.LocalContainerEntityManagerFactoryBean : Initialized JPA EntityManagerFactory for persistence unit 'default'
2026-08-05T12:02:32.866+02:00  WARN 12724 --- [simpleFetchData] [main] JpaBaseConfiguration$JpaWebConfiguration : spring.jpa.open-in-view is enabled by default. Therefore, database queries may be performed during view rendering. Explicitly configure spring.jpa.open-in-view to disable this warning
2026-08-05T12:02:32.881+02:00  INFO 27100 --- [simpleFetchData] [main] org.hibernate.orm.core                   : HHH000489: No JTA platform available (set 'hibernate.transaction.jta.platform' to enable JTA platform integration)
2026-08-05T12:02:32.924+02:00  WARN 24832 --- [simpleFetchData] [main] JpaBaseConfiguration$JpaWebConfiguration : spring.jpa.open-in-view is enabled by default. Therefore, database queries may be performed during view rendering. Explicitly configure spring.jpa.open-in-view to disable this warning
2026-08-05T12:02:33.128+02:00  INFO 27100 --- [simpleFetchData] [main] j.LocalContainerEntityManagerFactoryBean : Initialized JPA EntityManagerFactory for persistence unit 'default'
2026-08-05T12:02:34.019+02:00  WARN 27100 --- [simpleFetchData] [main] JpaBaseConfiguration$JpaWebConfiguration : spring.jpa.open-in-view is enabled by default. Therefore, database queries may be performed during view rendering. Explicitly configure spring.jpa.open-in-view to disable this warning
2026-08-05T12:02:35.286+02:00  INFO 12724 --- [simpleFetchData] [main] o.s.b.h.a.H2ConsoleAutoConfiguration     : H2 console available at '/h2-console'. Database available at 'jdbc:h2:mem:fc1bc20c-9f81-45b6-9bbf-6b3cb20be747'
2026-08-05T12:02:35.616+02:00  INFO 24832 --- [simpleFetchData] [main] o.s.b.h.a.H2ConsoleAutoConfiguration     : H2 console available at '/h2-console'. Database available at 'jdbc:h2:mem:b77fd265-731b-4c91-b0e8-1fe8565afc76'
2026-08-05T12:02:35.986+02:00  WARN 24832 --- [simpleFetchData] [main] ConfigServletWebServerApplicationContext : Exception encountered during context initialization - cancelling refresh attempt: org.springframework.context.ApplicationContextException: Failed to start bean 'webServerStartStop'
2026-08-05T12:02:36.010+02:00  INFO 12724 --- [simpleFetchData] [main] o.s.boot.tomcat.TomcatWebServer          : Tomcat started on port 8080 (http) with context path '/'
2026-08-05T12:02:36.063+02:00  INFO 12724 --- [simpleFetchData] [main] it.eng.spring.demo.DemoApplication       : Started DemoApplication in 19.104 seconds (process running for 20.877)
2026-08-05T12:02:36.023+02:00  INFO 24832 --- [simpleFetchData] [main] j.LocalContainerEntityManagerFactoryBean : Closing JPA EntityManagerFactory for persistence unit 'default'
2026-08-05T12:02:36.089+02:00  INFO 24832 --- [simpleFetchData] [main] com.zaxxer.hikari.HikariDataSource       : HikariPool-1 - Shutdown initiated...
2026-08-05T12:02:36.105+02:00  INFO 24832 --- [simpleFetchData] [main] com.zaxxer.hikari.HikariDataSource       : HikariPool-1 - Shutdown completed.
2026-08-05T12:02:36.209+02:00  INFO 24832 --- [simpleFetchData] [main] .s.b.a.l.ConditionEvaluationReportLogger : 

Error starting ApplicationContext. To display the condition evaluation report re-run your application with 'debug' enabled.
2026-08-05T12:02:36.438+02:00 ERROR 24832 --- [simpleFetchData] [main] o.s.b.d.LoggingFailureAnalysisReporter   : 

***************************
APPLICATION FAILED TO START
***************************

Description:

Web server failed to start. Port 8080 was already in use.

Action:

Identify and stop the process that's listening on port 8080 or configure this application to listen on another port.

2026-08-05T12:02:36.724+02:00  INFO 27100 --- [simpleFetchData] [main] o.s.b.h.a.H2ConsoleAutoConfiguration     : H2 console available at '/h2-console'. Database available at 'jdbc:h2:mem:3ab65b46-fc62-4eca-a7dc-7ceb459947b7'
2026-08-05T12:02:36.851+02:00  WARN 27100 --- [simpleFetchData] [main] ConfigServletWebServerApplicationContext : Exception encountered during context initialization - cancelling refresh attempt: org.springframework.context.ApplicationContextException: Failed to start bean 'webServerStartStop'
2026-08-05T12:02:36.858+02:00  INFO 27100 --- [simpleFetchData] [main] j.LocalContainerEntityManagerFactoryBean : Closing JPA EntityManagerFactory for persistence unit 'default'
2026-08-05T12:02:36.878+02:00  INFO 27100 --- [simpleFetchData] [main] com.zaxxer.hikari.HikariDataSource       : HikariPool-1 - Shutdown initiated...
2026-08-05T12:02:36.896+02:00  INFO 27100 --- [simpleFetchData] [main] com.zaxxer.hikari.HikariDataSource       : HikariPool-1 - Shutdown completed.
2026-08-05T12:02:36.938+02:00  INFO 27100 --- [simpleFetchData] [main] .s.b.a.l.ConditionEvaluationReportLogger : 

Error starting ApplicationContext. To display the condition evaluation report re-run your application with 'debug' enabled.
2026-08-05T12:02:36.982+02:00 ERROR 27100 --- [simpleFetchData] [main] o.s.b.d.LoggingFailureAnalysisReporter   : 

***************************
APPLICATION FAILED TO START
***************************

Description:

Web server failed to start. Port 8080 was already in use.

Action:

Identify and stop the process that's listening on port 8080 or configure this application to listen on another port.

2026-08-05T12:03:13.753+02:00  INFO 31272 --- [simpleFetchData] [main] it.eng.spring.demo.DemoApplication       : Starting DemoApplication using Java 21.0.11 with PID 31272 (C:\Users\soliveri\workspace\BE\simple-fetch-data\target\classes started by soliveri in C:\Users\soliveri\workspace\BE\simple-fetch-data)
2026-08-05T12:03:13.761+02:00  INFO 31272 --- [simpleFetchData] [main] it.eng.spring.demo.DemoApplication       : No active profile set, falling back to 1 default profile: "default"
2026-08-05T12:03:15.180+02:00  INFO 31272 --- [simpleFetchData] [main] .s.d.r.c.RepositoryConfigurationDelegate : Bootstrapping Spring Data JPA repositories in DEFAULT mode.
2026-08-05T12:03:15.212+02:00  INFO 31272 --- [simpleFetchData] [main] .s.d.r.c.RepositoryConfigurationDelegate : Finished Spring Data repository scanning in 20 ms. Found 0 JPA repository interfaces.
2026-08-05T12:03:15.920+02:00  INFO 31272 --- [simpleFetchData] [main] o.s.boot.tomcat.TomcatWebServer          : Tomcat initialized with port 8080 (http)
2026-08-05T12:03:15.937+02:00  INFO 31272 --- [simpleFetchData] [main] o.apache.catalina.core.StandardService   : Starting service [Tomcat]
2026-08-05T12:03:15.938+02:00  INFO 31272 --- [simpleFetchData] [main] o.apache.catalina.core.StandardEngine    : Starting Servlet engine: [Apache Tomcat/11.0.22]
2026-08-05T12:03:16.043+02:00  INFO 31272 --- [simpleFetchData] [main] b.w.c.s.WebApplicationContextInitializer : Root WebApplicationContext: initialization completed in 2201 ms
2026-08-05T12:03:16.353+02:00  INFO 31272 --- [simpleFetchData] [main] com.zaxxer.hikari.HikariDataSource       : HikariPool-1 - Starting...
2026-08-05T12:03:16.654+02:00  INFO 31272 --- [simpleFetchData] [main] com.zaxxer.hikari.pool.HikariPool        : HikariPool-1 - Added connection conn0: url=jdbc:h2:mem:05114d75-6eeb-4395-85bf-4d805037cdb2 user=SA
2026-08-05T12:03:16.657+02:00  INFO 31272 --- [simpleFetchData] [main] com.zaxxer.hikari.HikariDataSource       : HikariPool-1 - Start completed.
2026-08-05T12:03:16.726+02:00  INFO 31272 --- [simpleFetchData] [main] org.hibernate.orm.jpa                    : HHH008540: Processing PersistenceUnitInfo [name: default]
2026-08-05T12:03:16.855+02:00  INFO 31272 --- [simpleFetchData] [main] org.hibernate.orm.core                   : HHH000001: Hibernate ORM core version 7.4.1.Final
2026-08-05T12:03:17.474+02:00  INFO 31272 --- [simpleFetchData] [main] o.s.o.j.p.SpringPersistenceUnitInfo      : No LoadTimeWeaver setup: ignoring JPA class transformer
2026-08-05T12:03:17.575+02:00  INFO 31272 --- [simpleFetchData] [main] org.hibernate.orm.connections.pooling    : HHH10001005: Database info:
	Database JDBC URL [jdbc:h2:mem:05114d75-6eeb-4395-85bf-4d805037cdb2]
	Database driver: H2 JDBC Driver
	Database dialect: H2Dialect
	Database version: 2.4.240
	Default catalog/schema: 05114D75-6EEB-4395-85BF-4D805037CDB2/PUBLIC
	Autocommit mode: undefined/unknown
	Isolation level: READ_COMMITTED [default READ_COMMITTED]
	JDBC fetch size: 100
	Pool: DataSourceConnectionProvider
	Minimum pool size: undefined/unknown
	Maximum pool size: undefined/unknown
2026-08-05T12:03:18.083+02:00  INFO 31272 --- [simpleFetchData] [main] org.hibernate.orm.core                   : HHH000489: No JTA platform available (set 'hibernate.transaction.jta.platform' to enable JTA platform integration)
2026-08-05T12:03:18.126+02:00  INFO 31272 --- [simpleFetchData] [main] j.LocalContainerEntityManagerFactoryBean : Initialized JPA EntityManagerFactory for persistence unit 'default'
2026-08-05T12:03:18.330+02:00  WARN 31272 --- [simpleFetchData] [main] JpaBaseConfiguration$JpaWebConfiguration : spring.jpa.open-in-view is enabled by default. Therefore, database queries may be performed during view rendering. Explicitly configure spring.jpa.open-in-view to disable this warning
2026-08-05T12:03:18.963+02:00  INFO 31272 --- [simpleFetchData] [main] o.s.b.h.a.H2ConsoleAutoConfiguration     : H2 console available at '/h2-console'. Database available at 'jdbc:h2:mem:05114d75-6eeb-4395-85bf-4d805037cdb2'
2026-08-05T12:03:19.076+02:00  INFO 31272 --- [simpleFetchData] [main] o.s.boot.tomcat.TomcatWebServer          : Tomcat started on port 8080 (http) with context path '/'
2026-08-05T12:03:19.086+02:00  INFO 31272 --- [simpleFetchData] [main] it.eng.spring.demo.DemoApplication       : Started DemoApplication in 6.038 seconds (process running for 6.697)
2026-08-05T12:07:16.621+02:00  INFO 12808 --- [simpleFetchData] [main] it.eng.spring.demo.DemoApplication       : Starting DemoApplication using Java 21.0.11 with PID 12808 (C:\Users\soliveri\workspace\BE\simple-fetch-data\target\classes started by soliveri in C:\Users\soliveri\workspace\BE\simple-fetch-data)
2026-08-05T12:07:16.625+02:00  INFO 12808 --- [simpleFetchData] [main] it.eng.spring.demo.DemoApplication       : No active profile set, falling back to 1 default profile: "default"
2026-08-05T12:07:17.981+02:00  INFO 12808 --- [simpleFetchData] [main] .s.d.r.c.RepositoryConfigurationDelegate : Bootstrapping Spring Data JPA repositories in DEFAULT mode.
2026-08-05T12:07:18.011+02:00  INFO 12808 --- [simpleFetchData] [main] .s.d.r.c.RepositoryConfigurationDelegate : Finished Spring Data repository scanning in 19 ms. Found 0 JPA repository interfaces.
2026-08-05T12:07:18.715+02:00  INFO 12808 --- [simpleFetchData] [main] o.s.boot.tomcat.TomcatWebServer          : Tomcat initialized with port 8080 (http)
2026-08-05T12:07:18.740+02:00  INFO 12808 --- [simpleFetchData] [main] o.apache.catalina.core.StandardService   : Starting service [Tomcat]
2026-08-05T12:07:18.741+02:00  INFO 12808 --- [simpleFetchData] [main] o.apache.catalina.core.StandardEngine    : Starting Servlet engine: [Apache Tomcat/11.0.22]
2026-08-05T12:07:18.858+02:00  INFO 12808 --- [simpleFetchData] [main] b.w.c.s.WebApplicationContextInitializer : Root WebApplicationContext: initialization completed in 2163 ms
2026-08-05T12:07:19.175+02:00  INFO 12808 --- [simpleFetchData] [main] org.hibernate.orm.jpa                    : HHH008540: Processing PersistenceUnitInfo [name: default]
2026-08-05T12:07:19.260+02:00  INFO 12808 --- [simpleFetchData] [main] org.hibernate.orm.core                   : HHH000001: Hibernate ORM core version 7.4.1.Final
2026-08-05T12:07:19.891+02:00  INFO 12808 --- [simpleFetchData] [main] o.s.o.j.p.SpringPersistenceUnitInfo      : No LoadTimeWeaver setup: ignoring JPA class transformer
2026-08-05T12:07:19.930+02:00  INFO 12808 --- [simpleFetchData] [main] com.zaxxer.hikari.HikariDataSource       : HikariPool-1 - Starting...
2026-08-05T12:07:20.171+02:00  INFO 12808 --- [simpleFetchData] [main] com.zaxxer.hikari.pool.HikariPool        : HikariPool-1 - Added connection conn0: url=jdbc:h2:C:/TEMP/test_db/result user=SA
2026-08-05T12:07:20.173+02:00  INFO 12808 --- [simpleFetchData] [main] com.zaxxer.hikari.HikariDataSource       : HikariPool-1 - Start completed.
2026-08-05T12:07:20.255+02:00  INFO 12808 --- [simpleFetchData] [main] org.hibernate.orm.connections.pooling    : HHH10001005: Database info:
	Database JDBC URL [jdbc:h2:C:/TEMP/test_db/result]
	Database driver: H2 JDBC Driver
	Database dialect: H2Dialect
	Database version: 2.4.240
	Default catalog/schema: RESULT/PUBLIC
	Autocommit mode: undefined/unknown
	Isolation level: READ_COMMITTED [default READ_COMMITTED]
	JDBC fetch size: 100
	Pool: DataSourceConnectionProvider
	Minimum pool size: undefined/unknown
	Maximum pool size: undefined/unknown
2026-08-05T12:07:20.748+02:00  INFO 12808 --- [simpleFetchData] [main] org.hibernate.orm.core                   : HHH000489: No JTA platform available (set 'hibernate.transaction.jta.platform' to enable JTA platform integration)
2026-08-05T12:07:20.813+02:00  INFO 12808 --- [simpleFetchData] [main] j.LocalContainerEntityManagerFactoryBean : Initialized JPA EntityManagerFactory for persistence unit 'default'
2026-08-05T12:07:21.031+02:00  WARN 12808 --- [simpleFetchData] [main] JpaBaseConfiguration$JpaWebConfiguration : spring.jpa.open-in-view is enabled by default. Therefore, database queries may be performed during view rendering. Explicitly configure spring.jpa.open-in-view to disable this warning
2026-08-05T12:07:21.658+02:00  INFO 12808 --- [simpleFetchData] [main] o.s.b.h.a.H2ConsoleAutoConfiguration     : H2 console available at '/h2-console'. Database available at 'jdbc:h2:C:/TEMP/test_db/result'
2026-08-05T12:07:21.777+02:00  INFO 12808 --- [simpleFetchData] [main] o.s.boot.tomcat.TomcatWebServer          : Tomcat started on port 8080 (http) with context path '/'
2026-08-05T12:07:21.790+02:00  INFO 12808 --- [simpleFetchData] [main] it.eng.spring.demo.DemoApplication       : Started DemoApplication in 5.858 seconds (process running for 6.473)
2026-08-05T12:07:44.218+02:00  INFO 12808 --- [simpleFetchData] [http-nio-8080-exec-6] o.a.c.c.C.[Tomcat].[localhost].[/]       : Initializing Spring DispatcherServlet 'dispatcherServlet'
2026-08-05T12:07:44.220+02:00  INFO 12808 --- [simpleFetchData] [http-nio-8080-exec-6] o.s.web.servlet.DispatcherServlet        : Initializing Servlet 'dispatcherServlet'
2026-08-05T12:07:44.222+02:00  INFO 12808 --- [simpleFetchData] [http-nio-8080-exec-6] o.s.web.servlet.DispatcherServlet        : Completed initialization in 2 ms
2026-08-05T12:21:46.940+02:00  INFO 15992 --- [simpleFetchData] [main] it.eng.spring.demo.DemoApplication       : Starting DemoApplication using Java 21.0.11 with PID 15992 (C:\Users\soliveri\workspace\BE\simple-fetch-data\target\classes started by soliveri in C:\Users\soliveri\workspace\BE\simple-fetch-data)
2026-08-05T12:21:46.947+02:00  INFO 15992 --- [simpleFetchData] [main] it.eng.spring.demo.DemoApplication       : No active profile set, falling back to 1 default profile: "default"
2026-08-05T12:21:48.523+02:00  INFO 15992 --- [simpleFetchData] [main] .s.d.r.c.RepositoryConfigurationDelegate : Bootstrapping Spring Data JPA repositories in DEFAULT mode.
2026-08-05T12:21:48.559+02:00  INFO 15992 --- [simpleFetchData] [main] .s.d.r.c.RepositoryConfigurationDelegate : Finished Spring Data repository scanning in 20 ms. Found 0 JPA repository interfaces.
2026-08-05T12:21:49.304+02:00  INFO 15992 --- [simpleFetchData] [main] o.s.boot.tomcat.TomcatWebServer          : Tomcat initialized with port 8080 (http)
2026-08-05T12:21:49.330+02:00  INFO 15992 --- [simpleFetchData] [main] o.apache.catalina.core.StandardService   : Starting service [Tomcat]
2026-08-05T12:21:49.330+02:00  INFO 15992 --- [simpleFetchData] [main] o.apache.catalina.core.StandardEngine    : Starting Servlet engine: [Apache Tomcat/11.0.22]
2026-08-05T12:21:49.450+02:00  INFO 15992 --- [simpleFetchData] [main] b.w.c.s.WebApplicationContextInitializer : Root WebApplicationContext: initialization completed in 2415 ms
2026-08-05T12:21:49.732+02:00  INFO 15992 --- [simpleFetchData] [main] org.hibernate.orm.jpa                    : HHH008540: Processing PersistenceUnitInfo [name: default]
2026-08-05T12:21:49.816+02:00  INFO 15992 --- [simpleFetchData] [main] org.hibernate.orm.core                   : HHH000001: Hibernate ORM core version 7.4.1.Final
2026-08-05T12:21:50.488+02:00  INFO 15992 --- [simpleFetchData] [main] o.s.o.j.p.SpringPersistenceUnitInfo      : No LoadTimeWeaver setup: ignoring JPA class transformer
2026-08-05T12:21:50.523+02:00  INFO 15992 --- [simpleFetchData] [main] com.zaxxer.hikari.HikariDataSource       : HikariPool-1 - Starting...
2026-08-05T12:21:50.810+02:00  INFO 15992 --- [simpleFetchData] [main] com.zaxxer.hikari.pool.HikariPool        : HikariPool-1 - Added connection conn0: url=jdbc:h2:C:/TEMP/test_db/result user=SA
2026-08-05T12:21:50.812+02:00  INFO 15992 --- [simpleFetchData] [main] com.zaxxer.hikari.HikariDataSource       : HikariPool-1 - Start completed.
2026-08-05T12:21:50.880+02:00  INFO 15992 --- [simpleFetchData] [main] org.hibernate.orm.connections.pooling    : HHH10001005: Database info:
	Database JDBC URL [jdbc:h2:C:/TEMP/test_db/result]
	Database driver: H2 JDBC Driver
	Database dialect: H2Dialect
	Database version: 2.4.240
	Default catalog/schema: RESULT/PUBLIC
	Autocommit mode: undefined/unknown
	Isolation level: READ_COMMITTED [default READ_COMMITTED]
	JDBC fetch size: 100
	Pool: DataSourceConnectionProvider
	Minimum pool size: undefined/unknown
	Maximum pool size: undefined/unknown
2026-08-05T12:21:51.902+02:00  INFO 15992 --- [simpleFetchData] [main] org.hibernate.orm.core                   : HHH000489: No JTA platform available (set 'hibernate.transaction.jta.platform' to enable JTA platform integration)
2026-08-05T12:21:51.981+02:00  INFO 15992 --- [simpleFetchData] [main] j.LocalContainerEntityManagerFactoryBean : Initialized JPA EntityManagerFactory for persistence unit 'default'
2026-08-05T12:21:52.179+02:00  WARN 15992 --- [simpleFetchData] [main] JpaBaseConfiguration$JpaWebConfiguration : spring.jpa.open-in-view is enabled by default. Therefore, database queries may be performed during view rendering. Explicitly configure spring.jpa.open-in-view to disable this warning
2026-08-05T12:21:52.804+02:00  INFO 15992 --- [simpleFetchData] [main] o.s.b.h.a.H2ConsoleAutoConfiguration     : H2 console available at '/h2-console'. Database available at 'jdbc:h2:C:/TEMP/test_db/result'
2026-08-05T12:21:52.915+02:00  INFO 15992 --- [simpleFetchData] [main] o.s.boot.tomcat.TomcatWebServer          : Tomcat started on port 8080 (http) with context path '/'
2026-08-05T12:21:52.927+02:00  INFO 15992 --- [simpleFetchData] [main] it.eng.spring.demo.DemoApplication       : Started DemoApplication in 6.633 seconds (process running for 7.195)
2026-08-05T14:43:11.939+02:00  INFO 35784 --- [simpleFetchData] [main] it.eng.spring.demo.DemoApplication       : Starting DemoApplication using Java 21.0.11 with PID 35784 (C:\Users\y.cimmino\Desktop\BackEnd\simple-fetch-data\target\classes started by y.cimmino in C:\Users\y.cimmino\Desktop\BackEnd\simple-fetch-data)
2026-08-05T14:43:11.949+02:00  INFO 35784 --- [simpleFetchData] [main] it.eng.spring.demo.DemoApplication       : No active profile set, falling back to 1 default profile: "default"
2026-08-05T14:43:13.753+02:00  INFO 35784 --- [simpleFetchData] [main] .s.d.r.c.RepositoryConfigurationDelegate : Bootstrapping Spring Data JPA repositories in DEFAULT mode.
2026-08-05T14:43:13.873+02:00  INFO 35784 --- [simpleFetchData] [main] .s.d.r.c.RepositoryConfigurationDelegate : Finished Spring Data repository scanning in 98 ms. Found 1 JPA repository interface.
2026-08-05T14:43:14.822+02:00  INFO 35784 --- [simpleFetchData] [main] o.s.boot.tomcat.TomcatWebServer          : Tomcat initialized with port 8080 (http)
2026-08-05T14:43:14.845+02:00  INFO 35784 --- [simpleFetchData] [main] o.apache.catalina.core.StandardService   : Starting service [Tomcat]
2026-08-05T14:43:14.845+02:00  INFO 35784 --- [simpleFetchData] [main] o.apache.catalina.core.StandardEngine    : Starting Servlet engine: [Apache Tomcat/11.0.22]
2026-08-05T14:43:14.962+02:00  INFO 35784 --- [simpleFetchData] [main] b.w.c.s.WebApplicationContextInitializer : Root WebApplicationContext: initialization completed in 2886 ms
2026-08-05T14:43:15.390+02:00  INFO 35784 --- [simpleFetchData] [main] org.hibernate.orm.jpa                    : HHH008540: Processing PersistenceUnitInfo [name: default]
2026-08-05T14:43:15.570+02:00  INFO 35784 --- [simpleFetchData] [main] org.hibernate.orm.core                   : HHH000001: Hibernate ORM core version 7.4.1.Final
2026-08-05T14:43:16.544+02:00  INFO 35784 --- [simpleFetchData] [main] o.s.o.j.p.SpringPersistenceUnitInfo      : No LoadTimeWeaver setup: ignoring JPA class transformer
2026-08-05T14:43:16.596+02:00  INFO 35784 --- [simpleFetchData] [main] com.zaxxer.hikari.HikariDataSource       : HikariPool-1 - Starting...
2026-08-05T14:43:16.852+02:00  INFO 35784 --- [simpleFetchData] [main] com.zaxxer.hikari.pool.HikariPool        : HikariPool-1 - Added connection conn0: url=jdbc:h2:mem:9cfb0ddd-d703-4ef4-a90a-a7c6aafbf8a8 user=SA
2026-08-05T14:43:16.855+02:00  INFO 35784 --- [simpleFetchData] [main] com.zaxxer.hikari.HikariDataSource       : HikariPool-1 - Start completed.
2026-08-05T14:43:16.970+02:00  INFO 35784 --- [simpleFetchData] [main] org.hibernate.orm.connections.pooling    : HHH10001005: Database info:
	Database JDBC URL [jdbc:h2:mem:9cfb0ddd-d703-4ef4-a90a-a7c6aafbf8a8]
	Database driver: H2 JDBC Driver
	Database dialect: H2Dialect
	Database version: 2.4.240
	Default catalog/schema: 9CFB0DDD-D703-4EF4-A90A-A7C6AAFBF8A8/PUBLIC
	Autocommit mode: undefined/unknown
	Isolation level: READ_COMMITTED [default READ_COMMITTED]
	JDBC fetch size: 100
	Pool: DataSourceConnectionProvider
	Minimum pool size: undefined/unknown
	Maximum pool size: undefined/unknown
2026-08-05T14:43:18.291+02:00  INFO 35784 --- [simpleFetchData] [main] org.hibernate.orm.core                   : HHH000489: No JTA platform available (set 'hibernate.transaction.jta.platform' to enable JTA platform integration)
2026-08-05T14:43:18.373+02:00  INFO 35784 --- [simpleFetchData] [main] j.LocalContainerEntityManagerFactoryBean : Initialized JPA EntityManagerFactory for persistence unit 'default'
2026-08-05T14:43:18.528+02:00  INFO 35784 --- [simpleFetchData] [main] o.s.d.j.r.query.QueryEnhancerFactories   : Hibernate is in classpath; If applicable, HQL parser will be used.
2026-08-05T14:43:19.008+02:00  WARN 35784 --- [simpleFetchData] [main] JpaBaseConfiguration$JpaWebConfiguration : spring.jpa.open-in-view is enabled by default. Therefore, database queries may be performed during view rendering. Explicitly configure spring.jpa.open-in-view to disable this warning
2026-08-05T14:43:19.791+02:00  INFO 35784 --- [simpleFetchData] [main] o.s.b.h.a.H2ConsoleAutoConfiguration     : H2 console available at '/h2-console'. Database available at 'jdbc:h2:mem:9cfb0ddd-d703-4ef4-a90a-a7c6aafbf8a8'
2026-08-05T14:43:19.936+02:00  INFO 35784 --- [simpleFetchData] [main] o.s.boot.tomcat.TomcatWebServer          : Tomcat started on port 8080 (http) with context path '/'
2026-08-05T14:43:19.947+02:00  INFO 35784 --- [simpleFetchData] [main] it.eng.spring.demo.DemoApplication       : Started DemoApplication in 8.984 seconds (process running for 9.769)
2026-08-05T14:44:20.646+02:00  INFO 42532 --- [simpleFetchData] [main] it.eng.spring.demo.DemoApplication       : Starting DemoApplication using Java 21.0.11 with PID 42532 (C:\Users\y.cimmino\Desktop\BackEnd\simple-fetch-data\target\classes started by y.cimmino in C:\Users\y.cimmino\Desktop\BackEnd\simple-fetch-data)
2026-08-05T14:44:20.658+02:00  INFO 42532 --- [simpleFetchData] [main] it.eng.spring.demo.DemoApplication       : No active profile set, falling back to 1 default profile: "default"
2026-08-05T14:44:23.310+02:00  INFO 42532 --- [simpleFetchData] [main] .s.d.r.c.RepositoryConfigurationDelegate : Bootstrapping Spring Data JPA repositories in DEFAULT mode.
2026-08-05T14:44:23.485+02:00  INFO 42532 --- [simpleFetchData] [main] .s.d.r.c.RepositoryConfigurationDelegate : Finished Spring Data repository scanning in 147 ms. Found 1 JPA repository interface.
2026-08-05T14:44:24.920+02:00  INFO 42532 --- [simpleFetchData] [main] o.s.boot.tomcat.TomcatWebServer          : Tomcat initialized with port 8080 (http)
2026-08-05T14:44:24.955+02:00  INFO 42532 --- [simpleFetchData] [main] o.apache.catalina.core.StandardService   : Starting service [Tomcat]
2026-08-05T14:44:24.955+02:00  INFO 42532 --- [simpleFetchData] [main] o.apache.catalina.core.StandardEngine    : Starting Servlet engine: [Apache Tomcat/11.0.22]
2026-08-05T14:44:25.168+02:00  INFO 42532 --- [simpleFetchData] [main] b.w.c.s.WebApplicationContextInitializer : Root WebApplicationContext: initialization completed in 4382 ms
2026-08-05T14:44:25.606+02:00  INFO 42532 --- [simpleFetchData] [main] org.hibernate.orm.jpa                    : HHH008540: Processing PersistenceUnitInfo [name: default]
2026-08-05T14:44:25.767+02:00  INFO 42532 --- [simpleFetchData] [main] org.hibernate.orm.core                   : HHH000001: Hibernate ORM core version 7.4.1.Final
2026-08-05T14:44:26.713+02:00  INFO 42532 --- [simpleFetchData] [main] o.s.o.j.p.SpringPersistenceUnitInfo      : No LoadTimeWeaver setup: ignoring JPA class transformer
2026-08-05T14:44:26.772+02:00  INFO 42532 --- [simpleFetchData] [main] com.zaxxer.hikari.HikariDataSource       : HikariPool-1 - Starting...
2026-08-05T14:44:27.011+02:00  INFO 42532 --- [simpleFetchData] [main] com.zaxxer.hikari.pool.HikariPool        : HikariPool-1 - Added connection conn0: url=jdbc:h2:mem:c0d7c7be-998c-4a69-9f13-3b8afd4ae6c1 user=SA
2026-08-05T14:44:27.012+02:00  INFO 42532 --- [simpleFetchData] [main] com.zaxxer.hikari.HikariDataSource       : HikariPool-1 - Start completed.
2026-08-05T14:44:27.118+02:00  INFO 42532 --- [simpleFetchData] [main] org.hibernate.orm.connections.pooling    : HHH10001005: Database info:
	Database JDBC URL [jdbc:h2:mem:c0d7c7be-998c-4a69-9f13-3b8afd4ae6c1]
	Database driver: H2 JDBC Driver
	Database dialect: H2Dialect
	Database version: 2.4.240
	Default catalog/schema: C0D7C7BE-998C-4A69-9F13-3B8AFD4AE6C1/PUBLIC
	Autocommit mode: undefined/unknown
	Isolation level: READ_COMMITTED [default READ_COMMITTED]
	JDBC fetch size: 100
	Pool: DataSourceConnectionProvider
	Minimum pool size: undefined/unknown
	Maximum pool size: undefined/unknown
2026-08-05T14:44:28.363+02:00  INFO 42532 --- [simpleFetchData] [main] org.hibernate.orm.core                   : HHH000489: No JTA platform available (set 'hibernate.transaction.jta.platform' to enable JTA platform integration)
2026-08-05T14:44:28.481+02:00  INFO 42532 --- [simpleFetchData] [main] j.LocalContainerEntityManagerFactoryBean : Initialized JPA EntityManagerFactory for persistence unit 'default'
2026-08-05T14:44:28.652+02:00  INFO 42532 --- [simpleFetchData] [main] o.s.d.j.r.query.QueryEnhancerFactories   : Hibernate is in classpath; If applicable, HQL parser will be used.
2026-08-05T14:44:29.095+02:00  WARN 42532 --- [simpleFetchData] [main] JpaBaseConfiguration$JpaWebConfiguration : spring.jpa.open-in-view is enabled by default. Therefore, database queries may be performed during view rendering. Explicitly configure spring.jpa.open-in-view to disable this warning
2026-08-05T14:44:29.900+02:00  INFO 42532 --- [simpleFetchData] [main] o.s.b.h.a.H2ConsoleAutoConfiguration     : H2 console available at '/h2-console'. Database available at 'jdbc:h2:mem:c0d7c7be-998c-4a69-9f13-3b8afd4ae6c1'
2026-08-05T14:44:30.029+02:00  INFO 42532 --- [simpleFetchData] [main] o.s.boot.tomcat.TomcatWebServer          : Tomcat started on port 8080 (http) with context path '/'
2026-08-05T14:44:30.044+02:00  INFO 42532 --- [simpleFetchData] [main] it.eng.spring.demo.DemoApplication       : Started DemoApplication in 10.556 seconds (process running for 11.539)
2026-08-05T14:45:05.093+02:00  INFO 20212 --- [simpleFetchData] [main] it.eng.spring.demo.DemoApplication       : Starting DemoApplication using Java 21.0.11 with PID 20212 (C:\Users\y.cimmino\Desktop\BackEnd\simple-fetch-data\target\classes started by y.cimmino in C:\Users\y.cimmino\Desktop\BackEnd\simple-fetch-data)
2026-08-05T14:45:05.104+02:00  INFO 20212 --- [simpleFetchData] [main] it.eng.spring.demo.DemoApplication       : No active profile set, falling back to 1 default profile: "default"
2026-08-05T14:45:07.169+02:00  INFO 20212 --- [simpleFetchData] [main] .s.d.r.c.RepositoryConfigurationDelegate : Bootstrapping Spring Data JPA repositories in DEFAULT mode.
2026-08-05T14:45:07.316+02:00  INFO 20212 --- [simpleFetchData] [main] .s.d.r.c.RepositoryConfigurationDelegate : Finished Spring Data repository scanning in 116 ms. Found 1 JPA repository interface.
2026-08-05T14:45:08.518+02:00  INFO 20212 --- [simpleFetchData] [main] o.s.boot.tomcat.TomcatWebServer          : Tomcat initialized with port 8080 (http)
2026-08-05T14:45:08.543+02:00  INFO 20212 --- [simpleFetchData] [main] o.apache.catalina.core.StandardService   : Starting service [Tomcat]
2026-08-05T14:45:08.544+02:00  INFO 20212 --- [simpleFetchData] [main] o.apache.catalina.core.StandardEngine    : Starting Servlet engine: [Apache Tomcat/11.0.22]
2026-08-05T14:45:08.694+02:00  INFO 20212 --- [simpleFetchData] [main] b.w.c.s.WebApplicationContextInitializer : Root WebApplicationContext: initialization completed in 3472 ms
2026-08-05T14:45:09.175+02:00  INFO 20212 --- [simpleFetchData] [main] org.hibernate.orm.jpa                    : HHH008540: Processing PersistenceUnitInfo [name: default]
2026-08-05T14:45:09.384+02:00  INFO 20212 --- [simpleFetchData] [main] org.hibernate.orm.core                   : HHH000001: Hibernate ORM core version 7.4.1.Final
2026-08-05T14:45:10.574+02:00  INFO 20212 --- [simpleFetchData] [main] o.s.o.j.p.SpringPersistenceUnitInfo      : No LoadTimeWeaver setup: ignoring JPA class transformer
2026-08-05T14:45:10.650+02:00  INFO 20212 --- [simpleFetchData] [main] com.zaxxer.hikari.HikariDataSource       : HikariPool-1 - Starting...
2026-08-05T14:45:10.985+02:00  INFO 20212 --- [simpleFetchData] [main] com.zaxxer.hikari.pool.HikariPool        : HikariPool-1 - Added connection conn0: url=jdbc:h2:mem:03edf240-07df-403b-a254-f6f28e1c335c user=SA
2026-08-05T14:45:10.988+02:00  INFO 20212 --- [simpleFetchData] [main] com.zaxxer.hikari.HikariDataSource       : HikariPool-1 - Start completed.
2026-08-05T14:45:11.090+02:00  INFO 20212 --- [simpleFetchData] [main] org.hibernate.orm.connections.pooling    : HHH10001005: Database info:
	Database JDBC URL [jdbc:h2:mem:03edf240-07df-403b-a254-f6f28e1c335c]
	Database driver: H2 JDBC Driver
	Database dialect: H2Dialect
	Database version: 2.4.240
	Default catalog/schema: 03EDF240-07DF-403B-A254-F6F28E1C335C/PUBLIC
	Autocommit mode: undefined/unknown
	Isolation level: READ_COMMITTED [default READ_COMMITTED]
	JDBC fetch size: 100
	Pool: DataSourceConnectionProvider
	Minimum pool size: undefined/unknown
	Maximum pool size: undefined/unknown
2026-08-05T14:45:12.525+02:00  INFO 20212 --- [simpleFetchData] [main] org.hibernate.orm.core                   : HHH000489: No JTA platform available (set 'hibernate.transaction.jta.platform' to enable JTA platform integration)
2026-08-05T14:45:12.610+02:00  INFO 20212 --- [simpleFetchData] [main] j.LocalContainerEntityManagerFactoryBean : Initialized JPA EntityManagerFactory for persistence unit 'default'
2026-08-05T14:45:12.782+02:00  INFO 20212 --- [simpleFetchData] [main] o.s.d.j.r.query.QueryEnhancerFactories   : Hibernate is in classpath; If applicable, HQL parser will be used.
2026-08-05T14:45:13.222+02:00  WARN 20212 --- [simpleFetchData] [main] JpaBaseConfiguration$JpaWebConfiguration : spring.jpa.open-in-view is enabled by default. Therefore, database queries may be performed during view rendering. Explicitly configure spring.jpa.open-in-view to disable this warning
2026-08-05T14:45:14.677+02:00  INFO 20212 --- [simpleFetchData] [main] o.s.b.h.a.H2ConsoleAutoConfiguration     : H2 console available at '/h2-console'. Database available at 'jdbc:h2:mem:03edf240-07df-403b-a254-f6f28e1c335c'
2026-08-05T14:45:14.881+02:00  INFO 20212 --- [simpleFetchData] [main] o.s.boot.tomcat.TomcatWebServer          : Tomcat started on port 8080 (http) with context path '/'
2026-08-05T14:45:14.903+02:00  INFO 20212 --- [simpleFetchData] [main] it.eng.spring.demo.DemoApplication       : Started DemoApplication in 10.824 seconds (process running for 11.732)
2026-08-05T14:45:34.939+02:00  INFO 50748 --- [simpleFetchData] [main] it.eng.spring.demo.DemoApplication       : Starting DemoApplication using Java 21.0.11 with PID 50748 (C:\Users\y.cimmino\Desktop\BackEnd\simple-fetch-data\target\classes started by y.cimmino in C:\Users\y.cimmino\Desktop\BackEnd\simple-fetch-data)
2026-08-05T14:45:34.944+02:00  INFO 50748 --- [simpleFetchData] [main] it.eng.spring.demo.DemoApplication       : No active profile set, falling back to 1 default profile: "default"
2026-08-05T14:45:37.637+02:00  INFO 50748 --- [simpleFetchData] [main] .s.d.r.c.RepositoryConfigurationDelegate : Bootstrapping Spring Data JPA repositories in DEFAULT mode.
2026-08-05T14:45:37.737+02:00  INFO 50748 --- [simpleFetchData] [main] .s.d.r.c.RepositoryConfigurationDelegate : Finished Spring Data repository scanning in 73 ms. Found 1 JPA repository interface.
2026-08-05T14:45:38.800+02:00  INFO 50748 --- [simpleFetchData] [main] o.s.boot.tomcat.TomcatWebServer          : Tomcat initialized with port 8080 (http)
2026-08-05T14:45:38.831+02:00  INFO 50748 --- [simpleFetchData] [main] o.apache.catalina.core.StandardService   : Starting service [Tomcat]
2026-08-05T14:45:38.831+02:00  INFO 50748 --- [simpleFetchData] [main] o.apache.catalina.core.StandardEngine    : Starting Servlet engine: [Apache Tomcat/11.0.22]
2026-08-05T14:45:38.955+02:00  INFO 50748 --- [simpleFetchData] [main] b.w.c.s.WebApplicationContextInitializer : Root WebApplicationContext: initialization completed in 3912 ms
2026-08-05T14:45:39.352+02:00  INFO 50748 --- [simpleFetchData] [main] org.hibernate.orm.jpa                    : HHH008540: Processing PersistenceUnitInfo [name: default]
2026-08-05T14:45:39.497+02:00  INFO 50748 --- [simpleFetchData] [main] org.hibernate.orm.core                   : HHH000001: Hibernate ORM core version 7.4.1.Final
2026-08-05T14:45:40.427+02:00  INFO 50748 --- [simpleFetchData] [main] o.s.o.j.p.SpringPersistenceUnitInfo      : No LoadTimeWeaver setup: ignoring JPA class transformer
2026-08-05T14:45:40.476+02:00  INFO 50748 --- [simpleFetchData] [main] com.zaxxer.hikari.HikariDataSource       : HikariPool-1 - Starting...
2026-08-05T14:45:40.710+02:00  INFO 50748 --- [simpleFetchData] [main] com.zaxxer.hikari.pool.HikariPool        : HikariPool-1 - Added connection conn0: url=jdbc:h2:mem:03706933-d5c5-4140-a95e-6039c035fa8c user=SA
2026-08-05T14:45:40.715+02:00  INFO 50748 --- [simpleFetchData] [main] com.zaxxer.hikari.HikariDataSource       : HikariPool-1 - Start completed.
2026-08-05T14:45:40.828+02:00  INFO 50748 --- [simpleFetchData] [main] org.hibernate.orm.connections.pooling    : HHH10001005: Database info:
	Database JDBC URL [jdbc:h2:mem:03706933-d5c5-4140-a95e-6039c035fa8c]
	Database driver: H2 JDBC Driver
	Database dialect: H2Dialect
	Database version: 2.4.240
	Default catalog/schema: 03706933-D5C5-4140-A95E-6039C035FA8C/PUBLIC
	Autocommit mode: undefined/unknown
	Isolation level: READ_COMMITTED [default READ_COMMITTED]
	JDBC fetch size: 100
	Pool: DataSourceConnectionProvider
	Minimum pool size: undefined/unknown
	Maximum pool size: undefined/unknown
2026-08-05T14:45:42.045+02:00  INFO 50748 --- [simpleFetchData] [main] org.hibernate.orm.core                   : HHH000489: No JTA platform available (set 'hibernate.transaction.jta.platform' to enable JTA platform integration)
2026-08-05T14:45:42.140+02:00  INFO 50748 --- [simpleFetchData] [main] j.LocalContainerEntityManagerFactoryBean : Initialized JPA EntityManagerFactory for persistence unit 'default'
2026-08-05T14:45:42.292+02:00  INFO 50748 --- [simpleFetchData] [main] o.s.d.j.r.query.QueryEnhancerFactories   : Hibernate is in classpath; If applicable, HQL parser will be used.
2026-08-05T14:45:42.815+02:00  WARN 50748 --- [simpleFetchData] [main] JpaBaseConfiguration$JpaWebConfiguration : spring.jpa.open-in-view is enabled by default. Therefore, database queries may be performed during view rendering. Explicitly configure spring.jpa.open-in-view to disable this warning
2026-08-05T14:45:44.202+02:00  INFO 50748 --- [simpleFetchData] [main] o.s.b.h.a.H2ConsoleAutoConfiguration     : H2 console available at '/h2-console'. Database available at 'jdbc:h2:mem:03706933-d5c5-4140-a95e-6039c035fa8c'
2026-08-05T14:45:44.352+02:00  INFO 50748 --- [simpleFetchData] [main] o.s.boot.tomcat.TomcatWebServer          : Tomcat started on port 8080 (http) with context path '/'
2026-08-05T14:45:44.364+02:00  INFO 50748 --- [simpleFetchData] [main] it.eng.spring.demo.DemoApplication       : Started DemoApplication in 10.571 seconds (process running for 11.725)
2026-08-05T14:46:43.755+02:00  INFO 43192 --- [simpleFetchData] [main] it.eng.spring.demo.DemoApplication       : Starting DemoApplication using Java 21.0.11 with PID 43192 (C:\Users\y.cimmino\Desktop\BackEnd\simple-fetch-data\target\classes started by y.cimmino in C:\Users\y.cimmino\Desktop\BackEnd\simple-fetch-data)
2026-08-05T14:46:43.763+02:00  INFO 43192 --- [simpleFetchData] [main] it.eng.spring.demo.DemoApplication       : No active profile set, falling back to 1 default profile: "default"
2026-08-05T14:46:45.719+02:00  INFO 43192 --- [simpleFetchData] [main] .s.d.r.c.RepositoryConfigurationDelegate : Bootstrapping Spring Data JPA repositories in DEFAULT mode.
2026-08-05T14:46:45.866+02:00  INFO 43192 --- [simpleFetchData] [main] .s.d.r.c.RepositoryConfigurationDelegate : Finished Spring Data repository scanning in 118 ms. Found 1 JPA repository interface.
2026-08-05T14:46:47.099+02:00  INFO 43192 --- [simpleFetchData] [main] o.s.boot.tomcat.TomcatWebServer          : Tomcat initialized with port 8080 (http)
2026-08-05T14:46:47.134+02:00  INFO 43192 --- [simpleFetchData] [main] o.apache.catalina.core.StandardService   : Starting service [Tomcat]
2026-08-05T14:46:47.135+02:00  INFO 43192 --- [simpleFetchData] [main] o.apache.catalina.core.StandardEngine    : Starting Servlet engine: [Apache Tomcat/11.0.22]
2026-08-05T14:46:47.362+02:00  INFO 43192 --- [simpleFetchData] [main] b.w.c.s.WebApplicationContextInitializer : Root WebApplicationContext: initialization completed in 3492 ms
2026-08-05T14:46:47.872+02:00  INFO 43192 --- [simpleFetchData] [main] org.hibernate.orm.jpa                    : HHH008540: Processing PersistenceUnitInfo [name: default]
2026-08-05T14:46:48.009+02:00  INFO 43192 --- [simpleFetchData] [main] org.hibernate.orm.core                   : HHH000001: Hibernate ORM core version 7.4.1.Final
2026-08-05T14:46:49.237+02:00  INFO 43192 --- [simpleFetchData] [main] o.s.o.j.p.SpringPersistenceUnitInfo      : No LoadTimeWeaver setup: ignoring JPA class transformer
2026-08-05T14:46:49.301+02:00  INFO 43192 --- [simpleFetchData] [main] com.zaxxer.hikari.HikariDataSource       : HikariPool-1 - Starting...
2026-08-05T14:46:49.650+02:00  INFO 43192 --- [simpleFetchData] [main] com.zaxxer.hikari.pool.HikariPool        : HikariPool-1 - Added connection conn0: url=jdbc:h2:mem:3c29d453-c53a-455e-99de-f3c43ce6f7e3 user=SA
2026-08-05T14:46:49.653+02:00  INFO 43192 --- [simpleFetchData] [main] com.zaxxer.hikari.HikariDataSource       : HikariPool-1 - Start completed.
2026-08-05T14:46:49.771+02:00  INFO 43192 --- [simpleFetchData] [main] org.hibernate.orm.connections.pooling    : HHH10001005: Database info:
	Database JDBC URL [jdbc:h2:mem:3c29d453-c53a-455e-99de-f3c43ce6f7e3]
	Database driver: H2 JDBC Driver
	Database dialect: H2Dialect
	Database version: 2.4.240
	Default catalog/schema: 3C29D453-C53A-455E-99DE-F3C43CE6F7E3/PUBLIC
	Autocommit mode: undefined/unknown
	Isolation level: READ_COMMITTED [default READ_COMMITTED]
	JDBC fetch size: 100
	Pool: DataSourceConnectionProvider
	Minimum pool size: undefined/unknown
	Maximum pool size: undefined/unknown
2026-08-05T14:46:51.100+02:00  INFO 43192 --- [simpleFetchData] [main] org.hibernate.orm.core                   : HHH000489: No JTA platform available (set 'hibernate.transaction.jta.platform' to enable JTA platform integration)
2026-08-05T14:46:51.195+02:00  INFO 43192 --- [simpleFetchData] [main] j.LocalContainerEntityManagerFactoryBean : Initialized JPA EntityManagerFactory for persistence unit 'default'
2026-08-05T14:46:51.357+02:00  INFO 43192 --- [simpleFetchData] [main] o.s.d.j.r.query.QueryEnhancerFactories   : Hibernate is in classpath; If applicable, HQL parser will be used.
2026-08-05T14:46:51.870+02:00  WARN 43192 --- [simpleFetchData] [main] JpaBaseConfiguration$JpaWebConfiguration : spring.jpa.open-in-view is enabled by default. Therefore, database queries may be performed during view rendering. Explicitly configure spring.jpa.open-in-view to disable this warning
2026-08-05T14:46:52.779+02:00  INFO 43192 --- [simpleFetchData] [main] o.s.b.h.a.H2ConsoleAutoConfiguration     : H2 console available at '/h2-console'. Database available at 'jdbc:h2:mem:3c29d453-c53a-455e-99de-f3c43ce6f7e3'
2026-08-05T14:46:52.930+02:00  INFO 43192 --- [simpleFetchData] [main] o.s.boot.tomcat.TomcatWebServer          : Tomcat started on port 8080 (http) with context path '/'
2026-08-05T14:46:52.945+02:00  INFO 43192 --- [simpleFetchData] [main] it.eng.spring.demo.DemoApplication       : Started DemoApplication in 10.146 seconds (process running for 10.954)
2026-08-05T14:47:54.554+02:00  INFO 43192 --- [simpleFetchData] [http-nio-8080-exec-8] o.a.c.c.C.[Tomcat].[localhost].[/]       : Initializing Spring DispatcherServlet 'dispatcherServlet'
2026-08-05T14:47:54.555+02:00  INFO 43192 --- [simpleFetchData] [http-nio-8080-exec-8] o.s.web.servlet.DispatcherServlet        : Initializing Servlet 'dispatcherServlet'
2026-08-05T14:47:54.560+02:00  INFO 43192 --- [simpleFetchData] [http-nio-8080-exec-8] o.s.web.servlet.DispatcherServlet        : Completed initialization in 4 ms
2026-08-05T14:49:39.994+02:00  INFO 10792 --- [simpleFetchData] [main] it.eng.spring.demo.DemoApplication       : Starting DemoApplication using Java 21.0.11 with PID 10792 (C:\Users\y.cimmino\Desktop\BackEnd\simple-fetch-data\target\classes started by y.cimmino in C:\Users\y.cimmino\Desktop\BackEnd\simple-fetch-data)
2026-08-05T14:49:40.010+02:00  INFO 10792 --- [simpleFetchData] [main] it.eng.spring.demo.DemoApplication       : No active profile set, falling back to 1 default profile: "default"
2026-08-05T14:49:41.644+02:00  INFO 10792 --- [simpleFetchData] [main] .s.d.r.c.RepositoryConfigurationDelegate : Bootstrapping Spring Data JPA repositories in DEFAULT mode.
2026-08-05T14:49:41.726+02:00  INFO 10792 --- [simpleFetchData] [main] .s.d.r.c.RepositoryConfigurationDelegate : Finished Spring Data repository scanning in 67 ms. Found 1 JPA repository interface.
2026-08-05T14:49:42.640+02:00  INFO 10792 --- [simpleFetchData] [main] o.s.boot.tomcat.TomcatWebServer          : Tomcat initialized with port 8080 (http)
2026-08-05T14:49:42.663+02:00  INFO 10792 --- [simpleFetchData] [main] o.apache.catalina.core.StandardService   : Starting service [Tomcat]
2026-08-05T14:49:42.663+02:00  INFO 10792 --- [simpleFetchData] [main] o.apache.catalina.core.StandardEngine    : Starting Servlet engine: [Apache Tomcat/11.0.22]
2026-08-05T14:49:42.774+02:00  INFO 10792 --- [simpleFetchData] [main] b.w.c.s.WebApplicationContextInitializer : Root WebApplicationContext: initialization completed in 2632 ms
2026-08-05T14:49:43.207+02:00  INFO 10792 --- [simpleFetchData] [main] org.hibernate.orm.jpa                    : HHH008540: Processing PersistenceUnitInfo [name: default]
2026-08-05T14:49:43.318+02:00  INFO 10792 --- [simpleFetchData] [main] org.hibernate.orm.core                   : HHH000001: Hibernate ORM core version 7.4.1.Final
2026-08-05T14:49:44.240+02:00  INFO 10792 --- [simpleFetchData] [main] o.s.o.j.p.SpringPersistenceUnitInfo      : No LoadTimeWeaver setup: ignoring JPA class transformer
2026-08-05T14:49:44.293+02:00  INFO 10792 --- [simpleFetchData] [main] com.zaxxer.hikari.HikariDataSource       : HikariPool-1 - Starting...
2026-08-05T14:49:44.536+02:00  INFO 10792 --- [simpleFetchData] [main] com.zaxxer.hikari.pool.HikariPool        : HikariPool-1 - Added connection conn0: url=jdbc:h2:mem:00acd5b4-65cc-4cae-aa49-164bdfa79af7 user=SA
2026-08-05T14:49:44.539+02:00  INFO 10792 --- [simpleFetchData] [main] com.zaxxer.hikari.HikariDataSource       : HikariPool-1 - Start completed.
2026-08-05T14:49:44.634+02:00  INFO 10792 --- [simpleFetchData] [main] org.hibernate.orm.connections.pooling    : HHH10001005: Database info:
	Database JDBC URL [jdbc:h2:mem:00acd5b4-65cc-4cae-aa49-164bdfa79af7]
	Database driver: H2 JDBC Driver
	Database dialect: H2Dialect
	Database version: 2.4.240
	Default catalog/schema: 00ACD5B4-65CC-4CAE-AA49-164BDFA79AF7/PUBLIC
	Autocommit mode: undefined/unknown
	Isolation level: READ_COMMITTED [default READ_COMMITTED]
	JDBC fetch size: 100
	Pool: DataSourceConnectionProvider
	Minimum pool size: undefined/unknown
	Maximum pool size: undefined/unknown
2026-08-05T14:49:45.799+02:00  INFO 10792 --- [simpleFetchData] [main] org.hibernate.orm.core                   : HHH000489: No JTA platform available (set 'hibernate.transaction.jta.platform' to enable JTA platform integration)
2026-08-05T14:49:45.879+02:00  INFO 10792 --- [simpleFetchData] [main] j.LocalContainerEntityManagerFactoryBean : Initialized JPA EntityManagerFactory for persistence unit 'default'
2026-08-05T14:49:46.056+02:00  INFO 10792 --- [simpleFetchData] [main] o.s.d.j.r.query.QueryEnhancerFactories   : Hibernate is in classpath; If applicable, HQL parser will be used.
2026-08-05T14:49:46.489+02:00  WARN 10792 --- [simpleFetchData] [main] JpaBaseConfiguration$JpaWebConfiguration : spring.jpa.open-in-view is enabled by default. Therefore, database queries may be performed during view rendering. Explicitly configure spring.jpa.open-in-view to disable this warning
2026-08-05T14:49:47.394+02:00  INFO 10792 --- [simpleFetchData] [main] o.s.b.h.a.H2ConsoleAutoConfiguration     : H2 console available at '/h2-console'. Database available at 'jdbc:h2:mem:00acd5b4-65cc-4cae-aa49-164bdfa79af7'
2026-08-05T14:49:47.533+02:00  INFO 10792 --- [simpleFetchData] [main] o.s.boot.tomcat.TomcatWebServer          : Tomcat started on port 8080 (http) with context path '/'
2026-08-05T14:49:47.543+02:00  INFO 10792 --- [simpleFetchData] [main] it.eng.spring.demo.DemoApplication       : Started DemoApplication in 8.521 seconds (process running for 9.301)
2026-08-05T14:49:54.863+02:00  INFO 10792 --- [simpleFetchData] [http-nio-8080-exec-5] o.a.c.c.C.[Tomcat].[localhost].[/]       : Initializing Spring DispatcherServlet 'dispatcherServlet'
2026-08-05T14:49:54.864+02:00  INFO 10792 --- [simpleFetchData] [http-nio-8080-exec-5] o.s.web.servlet.DispatcherServlet        : Initializing Servlet 'dispatcherServlet'
2026-08-05T14:49:54.869+02:00  INFO 10792 --- [simpleFetchData] [http-nio-8080-exec-5] o.s.web.servlet.DispatcherServlet        : Completed initialization in 4 ms
2026-08-05T14:52:10.060+02:00  INFO 43060 --- [simpleFetchData] [main] it.eng.spring.demo.DemoApplication       : Starting DemoApplication using Java 21.0.11 with PID 43060 (C:\Users\y.cimmino\Desktop\BackEnd\simple-fetch-data\target\classes started by y.cimmino in C:\Users\y.cimmino\Desktop\BackEnd\simple-fetch-data)
2026-08-05T14:52:10.067+02:00  INFO 43060 --- [simpleFetchData] [main] it.eng.spring.demo.DemoApplication       : No active profile set, falling back to 1 default profile: "default"
2026-08-05T14:52:11.949+02:00  INFO 43060 --- [simpleFetchData] [main] .s.d.r.c.RepositoryConfigurationDelegate : Bootstrapping Spring Data JPA repositories in DEFAULT mode.
2026-08-05T14:52:12.108+02:00  INFO 43060 --- [simpleFetchData] [main] .s.d.r.c.RepositoryConfigurationDelegate : Finished Spring Data repository scanning in 131 ms. Found 1 JPA repository interface.
2026-08-05T14:52:13.852+02:00  INFO 43060 --- [simpleFetchData] [main] o.s.boot.tomcat.TomcatWebServer          : Tomcat initialized with port 8080 (http)
2026-08-05T14:52:13.901+02:00  INFO 43060 --- [simpleFetchData] [main] o.apache.catalina.core.StandardService   : Starting service [Tomcat]
2026-08-05T14:52:13.902+02:00  INFO 43060 --- [simpleFetchData] [main] o.apache.catalina.core.StandardEngine    : Starting Servlet engine: [Apache Tomcat/11.0.22]
2026-08-05T14:52:14.137+02:00  INFO 43060 --- [simpleFetchData] [main] b.w.c.s.WebApplicationContextInitializer : Root WebApplicationContext: initialization completed in 3937 ms
2026-08-05T14:52:14.654+02:00  INFO 43060 --- [simpleFetchData] [main] org.hibernate.orm.jpa                    : HHH008540: Processing PersistenceUnitInfo [name: default]
2026-08-05T14:52:14.896+02:00  INFO 43060 --- [simpleFetchData] [main] org.hibernate.orm.core                   : HHH000001: Hibernate ORM core version 7.4.1.Final
2026-08-05T14:52:16.153+02:00  INFO 43060 --- [simpleFetchData] [main] o.s.o.j.p.SpringPersistenceUnitInfo      : No LoadTimeWeaver setup: ignoring JPA class transformer
2026-08-05T14:52:16.203+02:00  INFO 43060 --- [simpleFetchData] [main] com.zaxxer.hikari.HikariDataSource       : HikariPool-1 - Starting...
2026-08-05T14:52:16.522+02:00  INFO 43060 --- [simpleFetchData] [main] com.zaxxer.hikari.pool.HikariPool        : HikariPool-1 - Added connection conn0: url=jdbc:h2:mem:7af6faa3-197c-4c41-892e-e75f56867c15 user=SA
2026-08-05T14:52:16.524+02:00  INFO 43060 --- [simpleFetchData] [main] com.zaxxer.hikari.HikariDataSource       : HikariPool-1 - Start completed.
2026-08-05T14:52:16.619+02:00  INFO 43060 --- [simpleFetchData] [main] org.hibernate.orm.connections.pooling    : HHH10001005: Database info:
	Database JDBC URL [jdbc:h2:mem:7af6faa3-197c-4c41-892e-e75f56867c15]
	Database driver: H2 JDBC Driver
	Database dialect: H2Dialect
	Database version: 2.4.240
	Default catalog/schema: 7AF6FAA3-197C-4C41-892E-E75F56867C15/PUBLIC
	Autocommit mode: undefined/unknown
	Isolation level: READ_COMMITTED [default READ_COMMITTED]
	JDBC fetch size: 100
	Pool: DataSourceConnectionProvider
	Minimum pool size: undefined/unknown
	Maximum pool size: undefined/unknown
2026-08-05T14:52:17.894+02:00  INFO 43060 --- [simpleFetchData] [main] org.hibernate.orm.core                   : HHH000489: No JTA platform available (set 'hibernate.transaction.jta.platform' to enable JTA platform integration)
2026-08-05T14:52:17.978+02:00  INFO 43060 --- [simpleFetchData] [main] j.LocalContainerEntityManagerFactoryBean : Initialized JPA EntityManagerFactory for persistence unit 'default'
2026-08-05T14:52:18.144+02:00  INFO 43060 --- [simpleFetchData] [main] o.s.d.j.r.query.QueryEnhancerFactories   : Hibernate is in classpath; If applicable, HQL parser will be used.
2026-08-05T14:52:18.599+02:00  WARN 43060 --- [simpleFetchData] [main] JpaBaseConfiguration$JpaWebConfiguration : spring.jpa.open-in-view is enabled by default. Therefore, database queries may be performed during view rendering. Explicitly configure spring.jpa.open-in-view to disable this warning
2026-08-05T14:52:19.420+02:00  INFO 43060 --- [simpleFetchData] [main] o.s.b.h.a.H2ConsoleAutoConfiguration     : H2 console available at '/h2-console'. Database available at 'jdbc:h2:mem:7af6faa3-197c-4c41-892e-e75f56867c15'
2026-08-05T14:52:19.556+02:00  INFO 43060 --- [simpleFetchData] [main] o.s.boot.tomcat.TomcatWebServer          : Tomcat started on port 8080 (http) with context path '/'
2026-08-05T14:52:19.567+02:00  INFO 43060 --- [simpleFetchData] [main] it.eng.spring.demo.DemoApplication       : Started DemoApplication in 10.482 seconds (process running for 11.266)
2026-08-05T14:52:24.442+02:00  INFO 43060 --- [simpleFetchData] [http-nio-8080-exec-4] o.a.c.c.C.[Tomcat].[localhost].[/]       : Initializing Spring DispatcherServlet 'dispatcherServlet'
2026-08-05T14:52:24.448+02:00  INFO 43060 --- [simpleFetchData] [http-nio-8080-exec-4] o.s.web.servlet.DispatcherServlet        : Initializing Servlet 'dispatcherServlet'
2026-08-05T14:52:24.455+02:00  INFO 43060 --- [simpleFetchData] [http-nio-8080-exec-4] o.s.web.servlet.DispatcherServlet        : Completed initialization in 5 ms
2026-08-05T14:53:42.322+02:00  INFO 47120 --- [simpleFetchData] [main] it.eng.spring.demo.DemoApplication       : Starting DemoApplication using Java 21.0.11 with PID 47120 (C:\Users\y.cimmino\Desktop\BackEnd\simple-fetch-data\target\classes started by y.cimmino in C:\Users\y.cimmino\Desktop\BackEnd\simple-fetch-data)
2026-08-05T14:53:42.329+02:00  INFO 47120 --- [simpleFetchData] [main] it.eng.spring.demo.DemoApplication       : No active profile set, falling back to 1 default profile: "default"
2026-08-05T14:53:44.270+02:00  INFO 47120 --- [simpleFetchData] [main] .s.d.r.c.RepositoryConfigurationDelegate : Bootstrapping Spring Data JPA repositories in DEFAULT mode.
2026-08-05T14:53:44.371+02:00  INFO 47120 --- [simpleFetchData] [main] .s.d.r.c.RepositoryConfigurationDelegate : Finished Spring Data repository scanning in 79 ms. Found 1 JPA repository interface.
2026-08-05T14:53:45.334+02:00  INFO 47120 --- [simpleFetchData] [main] o.s.boot.tomcat.TomcatWebServer          : Tomcat initialized with port 8080 (http)
2026-08-05T14:53:45.359+02:00  INFO 47120 --- [simpleFetchData] [main] o.apache.catalina.core.StandardService   : Starting service [Tomcat]
2026-08-05T14:53:45.359+02:00  INFO 47120 --- [simpleFetchData] [main] o.apache.catalina.core.StandardEngine    : Starting Servlet engine: [Apache Tomcat/11.0.22]
2026-08-05T14:53:45.490+02:00  INFO 47120 --- [simpleFetchData] [main] b.w.c.s.WebApplicationContextInitializer : Root WebApplicationContext: initialization completed in 3043 ms
2026-08-05T14:53:46.056+02:00  INFO 47120 --- [simpleFetchData] [main] org.hibernate.orm.jpa                    : HHH008540: Processing PersistenceUnitInfo [name: default]
2026-08-05T14:53:46.258+02:00  INFO 47120 --- [simpleFetchData] [main] org.hibernate.orm.core                   : HHH000001: Hibernate ORM core version 7.4.1.Final
2026-08-05T14:53:47.351+02:00  INFO 47120 --- [simpleFetchData] [main] o.s.o.j.p.SpringPersistenceUnitInfo      : No LoadTimeWeaver setup: ignoring JPA class transformer
2026-08-05T14:53:47.399+02:00  INFO 47120 --- [simpleFetchData] [main] com.zaxxer.hikari.HikariDataSource       : HikariPool-1 - Starting...
2026-08-05T14:53:47.664+02:00  INFO 47120 --- [simpleFetchData] [main] com.zaxxer.hikari.pool.HikariPool        : HikariPool-1 - Added connection conn0: url=jdbc:h2:mem:ff2d1df0-ff60-4f9b-8dca-c7ea59210030 user=SA
2026-08-05T14:53:47.667+02:00  INFO 47120 --- [simpleFetchData] [main] com.zaxxer.hikari.HikariDataSource       : HikariPool-1 - Start completed.
2026-08-05T14:53:47.765+02:00  INFO 47120 --- [simpleFetchData] [main] org.hibernate.orm.connections.pooling    : HHH10001005: Database info:
	Database JDBC URL [jdbc:h2:mem:ff2d1df0-ff60-4f9b-8dca-c7ea59210030]
	Database driver: H2 JDBC Driver
	Database dialect: H2Dialect
	Database version: 2.4.240
	Default catalog/schema: FF2D1DF0-FF60-4F9B-8DCA-C7EA59210030/PUBLIC
	Autocommit mode: undefined/unknown
	Isolation level: READ_COMMITTED [default READ_COMMITTED]
	JDBC fetch size: 100
	Pool: DataSourceConnectionProvider
	Minimum pool size: undefined/unknown
	Maximum pool size: undefined/unknown
2026-08-05T14:53:49.130+02:00  INFO 47120 --- [simpleFetchData] [main] org.hibernate.orm.core                   : HHH000489: No JTA platform available (set 'hibernate.transaction.jta.platform' to enable JTA platform integration)
2026-08-05T14:53:49.217+02:00  INFO 47120 --- [simpleFetchData] [main] j.LocalContainerEntityManagerFactoryBean : Initialized JPA EntityManagerFactory for persistence unit 'default'
2026-08-05T14:53:49.361+02:00  INFO 47120 --- [simpleFetchData] [main] o.s.d.j.r.query.QueryEnhancerFactories   : Hibernate is in classpath; If applicable, HQL parser will be used.
2026-08-05T14:53:49.734+02:00  WARN 47120 --- [simpleFetchData] [main] JpaBaseConfiguration$JpaWebConfiguration : spring.jpa.open-in-view is enabled by default. Therefore, database queries may be performed during view rendering. Explicitly configure spring.jpa.open-in-view to disable this warning
2026-08-05T14:53:50.510+02:00  INFO 47120 --- [simpleFetchData] [main] o.s.b.h.a.H2ConsoleAutoConfiguration     : H2 console available at '/h2-console'. Database available at 'jdbc:h2:mem:ff2d1df0-ff60-4f9b-8dca-c7ea59210030'
2026-08-05T14:53:50.647+02:00  INFO 47120 --- [simpleFetchData] [main] o.s.boot.tomcat.TomcatWebServer          : Tomcat started on port 8080 (http) with context path '/'
2026-08-05T14:53:50.660+02:00  INFO 47120 --- [simpleFetchData] [main] it.eng.spring.demo.DemoApplication       : Started DemoApplication in 9.319 seconds (process running for 10.17)
2026-08-05T14:53:56.804+02:00  INFO 47120 --- [simpleFetchData] [http-nio-8080-exec-3] o.a.c.c.C.[Tomcat].[localhost].[/]       : Initializing Spring DispatcherServlet 'dispatcherServlet'
2026-08-05T14:53:56.807+02:00  INFO 47120 --- [simpleFetchData] [http-nio-8080-exec-3] o.s.web.servlet.DispatcherServlet        : Initializing Servlet 'dispatcherServlet'
2026-08-05T14:53:56.812+02:00  INFO 47120 --- [simpleFetchData] [http-nio-8080-exec-3] o.s.web.servlet.DispatcherServlet        : Completed initialization in 4 ms
2026-08-05T14:58:51.449+02:00  INFO 16408 --- [simpleFetchData] [main] it.eng.spring.demo.DemoApplication       : Starting DemoApplication using Java 21.0.11 with PID 16408 (C:\Users\y.cimmino\Desktop\BackEnd\simple-fetch-data\target\classes started by y.cimmino in C:\Users\y.cimmino\Desktop\BackEnd\simple-fetch-data)
2026-08-05T14:58:51.461+02:00  INFO 16408 --- [simpleFetchData] [main] it.eng.spring.demo.DemoApplication       : No active profile set, falling back to 1 default profile: "default"
2026-08-05T14:58:53.238+02:00  INFO 16408 --- [simpleFetchData] [main] .s.d.r.c.RepositoryConfigurationDelegate : Bootstrapping Spring Data JPA repositories in DEFAULT mode.
2026-08-05T14:58:53.352+02:00  INFO 16408 --- [simpleFetchData] [main] .s.d.r.c.RepositoryConfigurationDelegate : Finished Spring Data repository scanning in 93 ms. Found 1 JPA repository interface.
2026-08-05T14:58:54.268+02:00  INFO 16408 --- [simpleFetchData] [main] o.s.boot.tomcat.TomcatWebServer          : Tomcat initialized with port 8080 (http)
2026-08-05T14:58:54.285+02:00  INFO 16408 --- [simpleFetchData] [main] o.apache.catalina.core.StandardService   : Starting service [Tomcat]
2026-08-05T14:58:54.286+02:00  INFO 16408 --- [simpleFetchData] [main] o.apache.catalina.core.StandardEngine    : Starting Servlet engine: [Apache Tomcat/11.0.22]
2026-08-05T14:58:54.397+02:00  INFO 16408 --- [simpleFetchData] [main] b.w.c.s.WebApplicationContextInitializer : Root WebApplicationContext: initialization completed in 2812 ms
2026-08-05T14:58:54.828+02:00  INFO 16408 --- [simpleFetchData] [main] org.hibernate.orm.jpa                    : HHH008540: Processing PersistenceUnitInfo [name: default]
2026-08-05T14:58:54.982+02:00  INFO 16408 --- [simpleFetchData] [main] org.hibernate.orm.core                   : HHH000001: Hibernate ORM core version 7.4.1.Final
2026-08-05T14:58:55.878+02:00  INFO 16408 --- [simpleFetchData] [main] o.s.o.j.p.SpringPersistenceUnitInfo      : No LoadTimeWeaver setup: ignoring JPA class transformer
2026-08-05T14:58:55.926+02:00  INFO 16408 --- [simpleFetchData] [main] com.zaxxer.hikari.HikariDataSource       : HikariPool-1 - Starting...
2026-08-05T14:58:56.138+02:00  INFO 16408 --- [simpleFetchData] [main] com.zaxxer.hikari.pool.HikariPool        : HikariPool-1 - Added connection conn0: url=jdbc:h2:mem:b13c178b-6cf2-438d-89b9-759f80df31de user=SA
2026-08-05T14:58:56.140+02:00  INFO 16408 --- [simpleFetchData] [main] com.zaxxer.hikari.HikariDataSource       : HikariPool-1 - Start completed.
2026-08-05T14:58:56.227+02:00  INFO 16408 --- [simpleFetchData] [main] org.hibernate.orm.connections.pooling    : HHH10001005: Database info:
	Database JDBC URL [jdbc:h2:mem:b13c178b-6cf2-438d-89b9-759f80df31de]
	Database driver: H2 JDBC Driver
	Database dialect: H2Dialect
	Database version: 2.4.240
	Default catalog/schema: B13C178B-6CF2-438D-89B9-759F80DF31DE/PUBLIC
	Autocommit mode: undefined/unknown
	Isolation level: READ_COMMITTED [default READ_COMMITTED]
	JDBC fetch size: 100
	Pool: DataSourceConnectionProvider
	Minimum pool size: undefined/unknown
	Maximum pool size: undefined/unknown
2026-08-05T14:58:57.412+02:00  INFO 16408 --- [simpleFetchData] [main] org.hibernate.orm.core                   : HHH000489: No JTA platform available (set 'hibernate.transaction.jta.platform' to enable JTA platform integration)
2026-08-05T14:58:57.501+02:00  INFO 16408 --- [simpleFetchData] [main] j.LocalContainerEntityManagerFactoryBean : Initialized JPA EntityManagerFactory for persistence unit 'default'
2026-08-05T14:58:57.641+02:00  INFO 16408 --- [simpleFetchData] [main] o.s.d.j.r.query.QueryEnhancerFactories   : Hibernate is in classpath; If applicable, HQL parser will be used.
2026-08-05T14:58:58.061+02:00  WARN 16408 --- [simpleFetchData] [main] JpaBaseConfiguration$JpaWebConfiguration : spring.jpa.open-in-view is enabled by default. Therefore, database queries may be performed during view rendering. Explicitly configure spring.jpa.open-in-view to disable this warning
2026-08-05T14:58:58.896+02:00  INFO 16408 --- [simpleFetchData] [main] o.s.b.h.a.H2ConsoleAutoConfiguration     : H2 console available at '/h2-console'. Database available at 'jdbc:h2:mem:b13c178b-6cf2-438d-89b9-759f80df31de'
2026-08-05T14:58:59.018+02:00  INFO 16408 --- [simpleFetchData] [main] o.s.boot.tomcat.TomcatWebServer          : Tomcat started on port 8080 (http) with context path '/'
2026-08-05T14:58:59.029+02:00  INFO 16408 --- [simpleFetchData] [main] it.eng.spring.demo.DemoApplication       : Started DemoApplication in 8.542 seconds (process running for 9.404)
2026-08-05T14:59:52.730+02:00  INFO 16408 --- [simpleFetchData] [http-nio-8080-exec-9] o.a.c.c.C.[Tomcat].[localhost].[/]       : Initializing Spring DispatcherServlet 'dispatcherServlet'
2026-08-05T14:59:52.733+02:00  INFO 16408 --- [simpleFetchData] [http-nio-8080-exec-9] o.s.web.servlet.DispatcherServlet        : Initializing Servlet 'dispatcherServlet'
2026-08-05T14:59:52.737+02:00  INFO 16408 --- [simpleFetchData] [http-nio-8080-exec-9] o.s.web.servlet.DispatcherServlet        : Completed initialization in 3 ms
2026-08-05T15:04:41.065+02:00  INFO 53856 --- [simpleFetchData] [main] it.eng.spring.demo.DemoApplication       : Starting DemoApplication using Java 21.0.11 with PID 53856 (C:\Users\y.cimmino\Desktop\BackEnd\simple-fetch-data\target\classes started by y.cimmino in C:\Users\y.cimmino\Desktop\BackEnd\simple-fetch-data)
2026-08-05T15:04:41.077+02:00  INFO 53856 --- [simpleFetchData] [main] it.eng.spring.demo.DemoApplication       : No active profile set, falling back to 1 default profile: "default"
2026-08-05T15:04:42.778+02:00  INFO 53856 --- [simpleFetchData] [main] .s.d.r.c.RepositoryConfigurationDelegate : Bootstrapping Spring Data JPA repositories in DEFAULT mode.
2026-08-05T15:04:42.864+02:00  INFO 53856 --- [simpleFetchData] [main] .s.d.r.c.RepositoryConfigurationDelegate : Finished Spring Data repository scanning in 62 ms. Found 1 JPA repository interface.
2026-08-05T15:04:43.750+02:00  INFO 53856 --- [simpleFetchData] [main] o.s.boot.tomcat.TomcatWebServer          : Tomcat initialized with port 8080 (http)
2026-08-05T15:04:43.771+02:00  INFO 53856 --- [simpleFetchData] [main] o.apache.catalina.core.StandardService   : Starting service [Tomcat]
2026-08-05T15:04:43.772+02:00  INFO 53856 --- [simpleFetchData] [main] o.apache.catalina.core.StandardEngine    : Starting Servlet engine: [Apache Tomcat/11.0.22]
2026-08-05T15:04:43.878+02:00  INFO 53856 --- [simpleFetchData] [main] b.w.c.s.WebApplicationContextInitializer : Root WebApplicationContext: initialization completed in 2680 ms
2026-08-05T15:04:44.262+02:00  INFO 53856 --- [simpleFetchData] [main] org.hibernate.orm.jpa                    : HHH008540: Processing PersistenceUnitInfo [name: default]
2026-08-05T15:04:44.431+02:00  INFO 53856 --- [simpleFetchData] [main] org.hibernate.orm.core                   : HHH000001: Hibernate ORM core version 7.4.1.Final
2026-08-05T15:04:45.420+02:00  INFO 53856 --- [simpleFetchData] [main] o.s.o.j.p.SpringPersistenceUnitInfo      : No LoadTimeWeaver setup: ignoring JPA class transformer
2026-08-05T15:04:45.471+02:00  INFO 53856 --- [simpleFetchData] [main] com.zaxxer.hikari.HikariDataSource       : HikariPool-1 - Starting...
2026-08-05T15:04:45.760+02:00  INFO 53856 --- [simpleFetchData] [main] com.zaxxer.hikari.pool.HikariPool        : HikariPool-1 - Added connection conn0: url=jdbc:h2:mem:6736ba29-82b1-49a4-a509-18a90b0a44e5 user=SA
2026-08-05T15:04:45.764+02:00  INFO 53856 --- [simpleFetchData] [main] com.zaxxer.hikari.HikariDataSource       : HikariPool-1 - Start completed.
2026-08-05T15:04:45.858+02:00  INFO 53856 --- [simpleFetchData] [main] org.hibernate.orm.connections.pooling    : HHH10001005: Database info:
	Database JDBC URL [jdbc:h2:mem:6736ba29-82b1-49a4-a509-18a90b0a44e5]
	Database driver: H2 JDBC Driver
	Database dialect: H2Dialect
	Database version: 2.4.240
	Default catalog/schema: 6736BA29-82B1-49A4-A509-18A90B0A44E5/PUBLIC
	Autocommit mode: undefined/unknown
	Isolation level: READ_COMMITTED [default READ_COMMITTED]
	JDBC fetch size: 100
	Pool: DataSourceConnectionProvider
	Minimum pool size: undefined/unknown
	Maximum pool size: undefined/unknown
2026-08-05T15:04:47.284+02:00  INFO 53856 --- [simpleFetchData] [main] org.hibernate.orm.core                   : HHH000489: No JTA platform available (set 'hibernate.transaction.jta.platform' to enable JTA platform integration)
2026-08-05T15:04:47.371+02:00  INFO 53856 --- [simpleFetchData] [main] j.LocalContainerEntityManagerFactoryBean : Initialized JPA EntityManagerFactory for persistence unit 'default'
2026-08-05T15:04:47.544+02:00  INFO 53856 --- [simpleFetchData] [main] o.s.d.j.r.query.QueryEnhancerFactories   : Hibernate is in classpath; If applicable, HQL parser will be used.
2026-08-05T15:04:48.017+02:00  WARN 53856 --- [simpleFetchData] [main] JpaBaseConfiguration$JpaWebConfiguration : spring.jpa.open-in-view is enabled by default. Therefore, database queries may be performed during view rendering. Explicitly configure spring.jpa.open-in-view to disable this warning
2026-08-05T15:04:49.013+02:00  INFO 53856 --- [simpleFetchData] [main] o.s.b.h.a.H2ConsoleAutoConfiguration     : H2 console available at '/h2-console'. Database available at 'jdbc:h2:mem:6736ba29-82b1-49a4-a509-18a90b0a44e5'
2026-08-05T15:04:49.181+02:00  INFO 53856 --- [simpleFetchData] [main] o.s.boot.tomcat.TomcatWebServer          : Tomcat started on port 8080 (http) with context path '/'
2026-08-05T15:04:49.197+02:00  INFO 53856 --- [simpleFetchData] [main] it.eng.spring.demo.DemoApplication       : Started DemoApplication in 9.115 seconds (process running for 9.93)
2026-08-05T15:04:55.466+02:00  INFO 53856 --- [simpleFetchData] [http-nio-8080-exec-1] o.a.c.c.C.[Tomcat].[localhost].[/]       : Initializing Spring DispatcherServlet 'dispatcherServlet'
2026-08-05T15:04:55.467+02:00  INFO 53856 --- [simpleFetchData] [http-nio-8080-exec-1] o.s.web.servlet.DispatcherServlet        : Initializing Servlet 'dispatcherServlet'
2026-08-05T15:04:55.473+02:00  INFO 53856 --- [simpleFetchData] [http-nio-8080-exec-1] o.s.web.servlet.DispatcherServlet        : Completed initialization in 4 ms
2026-08-05T15:04:56.339+02:00  INFO 53856 --- [simpleFetchData] [http-nio-8080-exec-1] i.e.spring.demo.services.ClienteService  : 1
2026-08-05T15:05:03.677+02:00  INFO 53856 --- [simpleFetchData] [http-nio-8080-exec-2] i.e.spring.demo.services.ClienteService  : 2
2026-08-05T15:05:07.640+02:00  INFO 53856 --- [simpleFetchData] [http-nio-8080-exec-3] i.e.spring.demo.services.ClienteService  : 3
2026-08-05T15:05:08.097+02:00  INFO 53856 --- [simpleFetchData] [http-nio-8080-exec-4] i.e.spring.demo.services.ClienteService  : 4
2026-08-05T15:05:08.499+02:00  INFO 53856 --- [simpleFetchData] [http-nio-8080-exec-5] i.e.spring.demo.services.ClienteService  : 5
2026-08-05T15:05:08.967+02:00  INFO 53856 --- [simpleFetchData] [http-nio-8080-exec-6] i.e.spring.demo.services.ClienteService  : 6
2026-08-05T15:08:38.211+02:00  INFO 26080 --- [simpleFetchData] [main] it.eng.spring.demo.DemoApplication       : Starting DemoApplication using Java 21.0.11 with PID 26080 (C:\Users\y.cimmino\Desktop\BackEnd\simple-fetch-data\target\classes started by y.cimmino in C:\Users\y.cimmino\Desktop\BackEnd\simple-fetch-data)
2026-08-05T15:08:38.224+02:00  INFO 26080 --- [simpleFetchData] [main] it.eng.spring.demo.DemoApplication       : No active profile set, falling back to 1 default profile: "default"
2026-08-05T15:08:40.090+02:00  INFO 26080 --- [simpleFetchData] [main] .s.d.r.c.RepositoryConfigurationDelegate : Bootstrapping Spring Data JPA repositories in DEFAULT mode.
2026-08-05T15:08:40.183+02:00  INFO 26080 --- [simpleFetchData] [main] .s.d.r.c.RepositoryConfigurationDelegate : Finished Spring Data repository scanning in 72 ms. Found 1 JPA repository interface.
2026-08-05T15:08:41.051+02:00  INFO 26080 --- [simpleFetchData] [main] o.s.boot.tomcat.TomcatWebServer          : Tomcat initialized with port 8080 (http)
2026-08-05T15:08:41.072+02:00  INFO 26080 --- [simpleFetchData] [main] o.apache.catalina.core.StandardService   : Starting service [Tomcat]
2026-08-05T15:08:41.072+02:00  INFO 26080 --- [simpleFetchData] [main] o.apache.catalina.core.StandardEngine    : Starting Servlet engine: [Apache Tomcat/11.0.22]
2026-08-05T15:08:41.179+02:00  INFO 26080 --- [simpleFetchData] [main] b.w.c.s.WebApplicationContextInitializer : Root WebApplicationContext: initialization completed in 2830 ms
2026-08-05T15:08:41.639+02:00  INFO 26080 --- [simpleFetchData] [main] org.hibernate.orm.jpa                    : HHH008540: Processing PersistenceUnitInfo [name: default]
2026-08-05T15:08:41.813+02:00  INFO 26080 --- [simpleFetchData] [main] org.hibernate.orm.core                   : HHH000001: Hibernate ORM core version 7.4.1.Final
2026-08-05T15:08:42.769+02:00  INFO 26080 --- [simpleFetchData] [main] o.s.o.j.p.SpringPersistenceUnitInfo      : No LoadTimeWeaver setup: ignoring JPA class transformer
2026-08-05T15:08:42.825+02:00  INFO 26080 --- [simpleFetchData] [main] com.zaxxer.hikari.HikariDataSource       : HikariPool-1 - Starting...
2026-08-05T15:08:43.056+02:00  INFO 26080 --- [simpleFetchData] [main] com.zaxxer.hikari.pool.HikariPool        : HikariPool-1 - Added connection conn0: url=jdbc:h2:mem:ac6360e6-5660-44e2-8864-c3c22fa3969c user=SA
2026-08-05T15:08:43.060+02:00  INFO 26080 --- [simpleFetchData] [main] com.zaxxer.hikari.HikariDataSource       : HikariPool-1 - Start completed.
2026-08-05T15:08:43.152+02:00  INFO 26080 --- [simpleFetchData] [main] org.hibernate.orm.connections.pooling    : HHH10001005: Database info:
	Database JDBC URL [jdbc:h2:mem:ac6360e6-5660-44e2-8864-c3c22fa3969c]
	Database driver: H2 JDBC Driver
	Database dialect: H2Dialect
	Database version: 2.4.240
	Default catalog/schema: AC6360E6-5660-44E2-8864-C3C22FA3969C/PUBLIC
	Autocommit mode: undefined/unknown
	Isolation level: READ_COMMITTED [default READ_COMMITTED]
	JDBC fetch size: 100
	Pool: DataSourceConnectionProvider
	Minimum pool size: undefined/unknown
	Maximum pool size: undefined/unknown
2026-08-05T15:08:44.354+02:00  INFO 26080 --- [simpleFetchData] [main] org.hibernate.orm.core                   : HHH000489: No JTA platform available (set 'hibernate.transaction.jta.platform' to enable JTA platform integration)
2026-08-05T15:08:44.441+02:00  INFO 26080 --- [simpleFetchData] [main] j.LocalContainerEntityManagerFactoryBean : Initialized JPA EntityManagerFactory for persistence unit 'default'
2026-08-05T15:08:44.592+02:00  INFO 26080 --- [simpleFetchData] [main] o.s.d.j.r.query.QueryEnhancerFactories   : Hibernate is in classpath; If applicable, HQL parser will be used.
2026-08-05T15:08:44.988+02:00  WARN 26080 --- [simpleFetchData] [main] JpaBaseConfiguration$JpaWebConfiguration : spring.jpa.open-in-view is enabled by default. Therefore, database queries may be performed during view rendering. Explicitly configure spring.jpa.open-in-view to disable this warning
2026-08-05T15:08:45.786+02:00  INFO 26080 --- [simpleFetchData] [main] o.s.b.h.a.H2ConsoleAutoConfiguration     : H2 console available at '/h2-console'. Database available at 'jdbc:h2:mem:ac6360e6-5660-44e2-8864-c3c22fa3969c'
2026-08-05T15:08:45.908+02:00  INFO 26080 --- [simpleFetchData] [main] o.s.boot.tomcat.TomcatWebServer          : Tomcat started on port 8080 (http) with context path '/'
2026-08-05T15:08:45.921+02:00  INFO 26080 --- [simpleFetchData] [main] it.eng.spring.demo.DemoApplication       : Started DemoApplication in 8.691 seconds (process running for 9.471)
2026-08-05T15:09:09.588+02:00  INFO 26080 --- [simpleFetchData] [http-nio-8080-exec-9] o.a.c.c.C.[Tomcat].[localhost].[/]       : Initializing Spring DispatcherServlet 'dispatcherServlet'
2026-08-05T15:09:09.589+02:00  INFO 26080 --- [simpleFetchData] [http-nio-8080-exec-9] o.s.web.servlet.DispatcherServlet        : Initializing Servlet 'dispatcherServlet'
2026-08-05T15:09:09.592+02:00  INFO 26080 --- [simpleFetchData] [http-nio-8080-exec-9] o.s.web.servlet.DispatcherServlet        : Completed initialization in 2 ms
2026-08-05T15:09:10.515+02:00  INFO 26080 --- [simpleFetchData] [http-nio-8080-exec-9] i.e.spring.demo.services.ClienteService  : 1
2026-08-05T15:11:19.730+02:00  INFO 48404 --- [simpleFetchData] [main] it.eng.spring.demo.DemoApplication       : Starting DemoApplication using Java 21.0.11 with PID 48404 (C:\Users\y.cimmino\Desktop\BackEnd\simple-fetch-data\target\classes started by y.cimmino in C:\Users\y.cimmino\Desktop\BackEnd\simple-fetch-data)
2026-08-05T15:11:19.741+02:00  INFO 48404 --- [simpleFetchData] [main] it.eng.spring.demo.DemoApplication       : No active profile set, falling back to 1 default profile: "default"
2026-08-05T15:11:22.354+02:00  INFO 48404 --- [simpleFetchData] [main] .s.d.r.c.RepositoryConfigurationDelegate : Bootstrapping Spring Data JPA repositories in DEFAULT mode.
2026-08-05T15:11:22.448+02:00  INFO 48404 --- [simpleFetchData] [main] .s.d.r.c.RepositoryConfigurationDelegate : Finished Spring Data repository scanning in 72 ms. Found 1 JPA repository interface.
2026-08-05T15:11:23.321+02:00  INFO 48404 --- [simpleFetchData] [main] o.s.boot.tomcat.TomcatWebServer          : Tomcat initialized with port 8080 (http)
2026-08-05T15:11:23.340+02:00  INFO 48404 --- [simpleFetchData] [main] o.apache.catalina.core.StandardService   : Starting service [Tomcat]
2026-08-05T15:11:23.340+02:00  INFO 48404 --- [simpleFetchData] [main] o.apache.catalina.core.StandardEngine    : Starting Servlet engine: [Apache Tomcat/11.0.22]
2026-08-05T15:11:23.448+02:00  INFO 48404 --- [simpleFetchData] [main] b.w.c.s.WebApplicationContextInitializer : Root WebApplicationContext: initialization completed in 3593 ms
2026-08-05T15:11:23.869+02:00  INFO 48404 --- [simpleFetchData] [main] org.hibernate.orm.jpa                    : HHH008540: Processing PersistenceUnitInfo [name: default]
2026-08-05T15:11:24.027+02:00  INFO 48404 --- [simpleFetchData] [main] org.hibernate.orm.core                   : HHH000001: Hibernate ORM core version 7.4.1.Final
2026-08-05T15:11:24.937+02:00  INFO 48404 --- [simpleFetchData] [main] o.s.o.j.p.SpringPersistenceUnitInfo      : No LoadTimeWeaver setup: ignoring JPA class transformer
2026-08-05T15:11:24.983+02:00  INFO 48404 --- [simpleFetchData] [main] com.zaxxer.hikari.HikariDataSource       : HikariPool-1 - Starting...
2026-08-05T15:11:25.218+02:00  INFO 48404 --- [simpleFetchData] [main] com.zaxxer.hikari.pool.HikariPool        : HikariPool-1 - Added connection conn0: url=jdbc:h2:mem:5b200714-011d-4d66-893c-05668f441ea7 user=SA
2026-08-05T15:11:25.220+02:00  INFO 48404 --- [simpleFetchData] [main] com.zaxxer.hikari.HikariDataSource       : HikariPool-1 - Start completed.
2026-08-05T15:11:25.299+02:00  INFO 48404 --- [simpleFetchData] [main] org.hibernate.orm.connections.pooling    : HHH10001005: Database info:
	Database JDBC URL [jdbc:h2:mem:5b200714-011d-4d66-893c-05668f441ea7]
	Database driver: H2 JDBC Driver
	Database dialect: H2Dialect
	Database version: 2.4.240
	Default catalog/schema: 5B200714-011D-4D66-893C-05668F441EA7/PUBLIC
	Autocommit mode: undefined/unknown
	Isolation level: READ_COMMITTED [default READ_COMMITTED]
	JDBC fetch size: 100
	Pool: DataSourceConnectionProvider
	Minimum pool size: undefined/unknown
	Maximum pool size: undefined/unknown
2026-08-05T15:11:26.498+02:00  INFO 48404 --- [simpleFetchData] [main] org.hibernate.orm.core                   : HHH000489: No JTA platform available (set 'hibernate.transaction.jta.platform' to enable JTA platform integration)
2026-08-05T15:11:26.650+02:00  INFO 48404 --- [simpleFetchData] [main] j.LocalContainerEntityManagerFactoryBean : Initialized JPA EntityManagerFactory for persistence unit 'default'
2026-08-05T15:11:26.853+02:00  INFO 48404 --- [simpleFetchData] [main] o.s.d.j.r.query.QueryEnhancerFactories   : Hibernate is in classpath; If applicable, HQL parser will be used.
2026-08-05T15:11:27.258+02:00  WARN 48404 --- [simpleFetchData] [main] JpaBaseConfiguration$JpaWebConfiguration : spring.jpa.open-in-view is enabled by default. Therefore, database queries may be performed during view rendering. Explicitly configure spring.jpa.open-in-view to disable this warning
2026-08-05T15:11:28.041+02:00  INFO 48404 --- [simpleFetchData] [main] o.s.b.h.a.H2ConsoleAutoConfiguration     : H2 console available at '/h2-console'. Database available at 'jdbc:h2:mem:5b200714-011d-4d66-893c-05668f441ea7'
2026-08-05T15:11:28.179+02:00  INFO 48404 --- [simpleFetchData] [main] o.s.boot.tomcat.TomcatWebServer          : Tomcat started on port 8080 (http) with context path '/'
2026-08-05T15:11:28.192+02:00  INFO 48404 --- [simpleFetchData] [main] it.eng.spring.demo.DemoApplication       : Started DemoApplication in 9.454 seconds (process running for 10.318)
2026-08-05T15:12:35.164+02:00  INFO 15248 --- [simpleFetchData] [main] it.eng.spring.demo.DemoApplication       : Starting DemoApplication using Java 21.0.11 with PID 15248 (C:\Users\y.cimmino\Desktop\BackEnd\simple-fetch-data\target\classes started by y.cimmino in C:\Users\y.cimmino\Desktop\BackEnd\simple-fetch-data)
2026-08-05T15:12:35.177+02:00  INFO 15248 --- [simpleFetchData] [main] it.eng.spring.demo.DemoApplication       : No active profile set, falling back to 1 default profile: "default"
2026-08-05T15:12:36.924+02:00  INFO 15248 --- [simpleFetchData] [main] .s.d.r.c.RepositoryConfigurationDelegate : Bootstrapping Spring Data JPA repositories in DEFAULT mode.
2026-08-05T15:12:37.010+02:00  INFO 15248 --- [simpleFetchData] [main] .s.d.r.c.RepositoryConfigurationDelegate : Finished Spring Data repository scanning in 59 ms. Found 1 JPA repository interface.
2026-08-05T15:12:38.030+02:00  INFO 15248 --- [simpleFetchData] [main] o.s.boot.tomcat.TomcatWebServer          : Tomcat initialized with port 8080 (http)
2026-08-05T15:12:38.065+02:00  INFO 15248 --- [simpleFetchData] [main] o.apache.catalina.core.StandardService   : Starting service [Tomcat]
2026-08-05T15:12:38.066+02:00  INFO 15248 --- [simpleFetchData] [main] o.apache.catalina.core.StandardEngine    : Starting Servlet engine: [Apache Tomcat/11.0.22]
2026-08-05T15:12:38.232+02:00  INFO 15248 --- [simpleFetchData] [main] b.w.c.s.WebApplicationContextInitializer : Root WebApplicationContext: initialization completed in 2935 ms
2026-08-05T15:12:38.699+02:00  INFO 15248 --- [simpleFetchData] [main] org.hibernate.orm.jpa                    : HHH008540: Processing PersistenceUnitInfo [name: default]
2026-08-05T15:12:38.934+02:00  INFO 15248 --- [simpleFetchData] [main] org.hibernate.orm.core                   : HHH000001: Hibernate ORM core version 7.4.1.Final
2026-08-05T15:12:39.932+02:00  INFO 15248 --- [simpleFetchData] [main] o.s.o.j.p.SpringPersistenceUnitInfo      : No LoadTimeWeaver setup: ignoring JPA class transformer
2026-08-05T15:12:39.980+02:00  INFO 15248 --- [simpleFetchData] [main] com.zaxxer.hikari.HikariDataSource       : HikariPool-1 - Starting...
2026-08-05T15:12:40.199+02:00  INFO 15248 --- [simpleFetchData] [main] com.zaxxer.hikari.pool.HikariPool        : HikariPool-1 - Added connection conn0: url=jdbc:h2:mem:b69a6d4a-5f26-42cc-8d38-91045a50bc98 user=SA
2026-08-05T15:12:40.201+02:00  INFO 15248 --- [simpleFetchData] [main] com.zaxxer.hikari.HikariDataSource       : HikariPool-1 - Start completed.
2026-08-05T15:12:40.297+02:00  INFO 15248 --- [simpleFetchData] [main] org.hibernate.orm.connections.pooling    : HHH10001005: Database info:
	Database JDBC URL [jdbc:h2:mem:b69a6d4a-5f26-42cc-8d38-91045a50bc98]
	Database driver: H2 JDBC Driver
	Database dialect: H2Dialect
	Database version: 2.4.240
	Default catalog/schema: B69A6D4A-5F26-42CC-8D38-91045A50BC98/PUBLIC
	Autocommit mode: undefined/unknown
	Isolation level: READ_COMMITTED [default READ_COMMITTED]
	JDBC fetch size: 100
	Pool: DataSourceConnectionProvider
	Minimum pool size: undefined/unknown
	Maximum pool size: undefined/unknown
2026-08-05T15:12:41.427+02:00  INFO 15248 --- [simpleFetchData] [main] org.hibernate.orm.core                   : HHH000489: No JTA platform available (set 'hibernate.transaction.jta.platform' to enable JTA platform integration)
2026-08-05T15:12:41.514+02:00  INFO 15248 --- [simpleFetchData] [main] j.LocalContainerEntityManagerFactoryBean : Initialized JPA EntityManagerFactory for persistence unit 'default'
2026-08-05T15:12:41.661+02:00  INFO 15248 --- [simpleFetchData] [main] o.s.d.j.r.query.QueryEnhancerFactories   : Hibernate is in classpath; If applicable, HQL parser will be used.
2026-08-05T15:12:42.082+02:00  WARN 15248 --- [simpleFetchData] [main] JpaBaseConfiguration$JpaWebConfiguration : spring.jpa.open-in-view is enabled by default. Therefore, database queries may be performed during view rendering. Explicitly configure spring.jpa.open-in-view to disable this warning
2026-08-05T15:12:42.813+02:00  INFO 15248 --- [simpleFetchData] [main] o.s.b.h.a.H2ConsoleAutoConfiguration     : H2 console available at '/h2-console'. Database available at 'jdbc:h2:mem:b69a6d4a-5f26-42cc-8d38-91045a50bc98'
2026-08-05T15:12:42.951+02:00  INFO 15248 --- [simpleFetchData] [main] o.s.boot.tomcat.TomcatWebServer          : Tomcat started on port 8080 (http) with context path '/'
2026-08-05T15:12:42.961+02:00  INFO 15248 --- [simpleFetchData] [main] it.eng.spring.demo.DemoApplication       : Started DemoApplication in 8.708 seconds (process running for 9.506)
2026-08-05T15:13:04.282+02:00  INFO 15248 --- [simpleFetchData] [http-nio-8080-exec-8] o.a.c.c.C.[Tomcat].[localhost].[/]       : Initializing Spring DispatcherServlet 'dispatcherServlet'
2026-08-05T15:13:04.283+02:00  INFO 15248 --- [simpleFetchData] [http-nio-8080-exec-8] o.s.web.servlet.DispatcherServlet        : Initializing Servlet 'dispatcherServlet'
2026-08-05T15:13:04.287+02:00  INFO 15248 --- [simpleFetchData] [http-nio-8080-exec-8] o.s.web.servlet.DispatcherServlet        : Completed initialization in 4 ms
2026-08-05T15:13:05.453+02:00  INFO 15248 --- [simpleFetchData] [http-nio-8080-exec-8] i.e.spring.demo.services.ClienteService  : 1
2026-08-05T15:13:08.323+02:00  INFO 15248 --- [simpleFetchData] [http-nio-8080-exec-9] i.e.spring.demo.services.ClienteService  : 2
2026-08-05T15:13:16.835+02:00  INFO 15248 --- [simpleFetchData] [http-nio-8080-exec-10] i.e.spring.demo.services.ClienteService  : 3
2026-08-05T15:13:17.210+02:00  INFO 15248 --- [simpleFetchData] [http-nio-8080-exec-7] i.e.spring.demo.services.ClienteService  : 4
2026-08-05T15:13:17.321+02:00  INFO 15248 --- [simpleFetchData] [http-nio-8080-exec-8] i.e.spring.demo.services.ClienteService  : 5
2026-08-05T15:13:17.459+02:00  INFO 15248 --- [simpleFetchData] [http-nio-8080-exec-9] i.e.spring.demo.services.ClienteService  : 6
2026-08-05T15:13:17.599+02:00  INFO 15248 --- [simpleFetchData] [http-nio-8080-exec-2] i.e.spring.demo.services.ClienteService  : 7
2026-08-05T15:13:17.753+02:00  INFO 15248 --- [simpleFetchData] [http-nio-8080-exec-6] i.e.spring.demo.services.ClienteService  : 8
2026-08-05T15:13:17.892+02:00  INFO 15248 --- [simpleFetchData] [http-nio-8080-exec-5] i.e.spring.demo.services.ClienteService  : 9
2026-08-05T15:13:18.014+02:00  INFO 15248 --- [simpleFetchData] [http-nio-8080-exec-4] i.e.spring.demo.services.ClienteService  : 10
2026-08-05T15:13:18.142+02:00  INFO 15248 --- [simpleFetchData] [http-nio-8080-exec-1] i.e.spring.demo.services.ClienteService  : 11
2026-08-05T15:15:08.788+02:00  INFO 60764 --- [simpleFetchData] [main] it.eng.spring.demo.DemoApplication       : Starting DemoApplication using Java 21.0.11 with PID 60764 (C:\Users\y.cimmino\Desktop\BackEnd\simple-fetch-data\target\classes started by y.cimmino in C:\Users\y.cimmino\Desktop\BackEnd\simple-fetch-data)
2026-08-05T15:15:08.798+02:00  INFO 60764 --- [simpleFetchData] [main] it.eng.spring.demo.DemoApplication       : No active profile set, falling back to 1 default profile: "default"
2026-08-05T15:15:10.642+02:00  INFO 60764 --- [simpleFetchData] [main] .s.d.r.c.RepositoryConfigurationDelegate : Bootstrapping Spring Data JPA repositories in DEFAULT mode.
2026-08-05T15:15:10.732+02:00  INFO 60764 --- [simpleFetchData] [main] .s.d.r.c.RepositoryConfigurationDelegate : Finished Spring Data repository scanning in 74 ms. Found 1 JPA repository interface.
2026-08-05T15:15:11.641+02:00  INFO 60764 --- [simpleFetchData] [main] o.s.boot.tomcat.TomcatWebServer          : Tomcat initialized with port 8080 (http)
2026-08-05T15:15:11.662+02:00  INFO 60764 --- [simpleFetchData] [main] o.apache.catalina.core.StandardService   : Starting service [Tomcat]
2026-08-05T15:15:11.663+02:00  INFO 60764 --- [simpleFetchData] [main] o.apache.catalina.core.StandardEngine    : Starting Servlet engine: [Apache Tomcat/11.0.22]
2026-08-05T15:15:11.764+02:00  INFO 60764 --- [simpleFetchData] [main] b.w.c.s.WebApplicationContextInitializer : Root WebApplicationContext: initialization completed in 2857 ms
2026-08-05T15:15:12.159+02:00  INFO 60764 --- [simpleFetchData] [main] org.hibernate.orm.jpa                    : HHH008540: Processing PersistenceUnitInfo [name: default]
2026-08-05T15:15:12.339+02:00  INFO 60764 --- [simpleFetchData] [main] org.hibernate.orm.core                   : HHH000001: Hibernate ORM core version 7.4.1.Final
2026-08-05T15:15:13.269+02:00  INFO 60764 --- [simpleFetchData] [main] o.s.o.j.p.SpringPersistenceUnitInfo      : No LoadTimeWeaver setup: ignoring JPA class transformer
2026-08-05T15:15:13.317+02:00  INFO 60764 --- [simpleFetchData] [main] com.zaxxer.hikari.HikariDataSource       : HikariPool-1 - Starting...
2026-08-05T15:15:13.556+02:00  INFO 60764 --- [simpleFetchData] [main] com.zaxxer.hikari.pool.HikariPool        : HikariPool-1 - Added connection conn0: url=jdbc:h2:mem:d0a2f404-a6d3-47f4-96ad-51fbf7af455f user=SA
2026-08-05T15:15:13.560+02:00  INFO 60764 --- [simpleFetchData] [main] com.zaxxer.hikari.HikariDataSource       : HikariPool-1 - Start completed.
2026-08-05T15:15:13.655+02:00  INFO 60764 --- [simpleFetchData] [main] org.hibernate.orm.connections.pooling    : HHH10001005: Database info:
	Database JDBC URL [jdbc:h2:mem:d0a2f404-a6d3-47f4-96ad-51fbf7af455f]
	Database driver: H2 JDBC Driver
	Database dialect: H2Dialect
	Database version: 2.4.240
	Default catalog/schema: D0A2F404-A6D3-47F4-96AD-51FBF7AF455F/PUBLIC
	Autocommit mode: undefined/unknown
	Isolation level: READ_COMMITTED [default READ_COMMITTED]
	JDBC fetch size: 100
	Pool: DataSourceConnectionProvider
	Minimum pool size: undefined/unknown
	Maximum pool size: undefined/unknown
2026-08-05T15:15:14.840+02:00  INFO 60764 --- [simpleFetchData] [main] org.hibernate.orm.core                   : HHH000489: No JTA platform available (set 'hibernate.transaction.jta.platform' to enable JTA platform integration)
2026-08-05T15:15:14.921+02:00  INFO 60764 --- [simpleFetchData] [main] j.LocalContainerEntityManagerFactoryBean : Initialized JPA EntityManagerFactory for persistence unit 'default'
2026-08-05T15:15:15.094+02:00  INFO 60764 --- [simpleFetchData] [main] o.s.d.j.r.query.QueryEnhancerFactories   : Hibernate is in classpath; If applicable, HQL parser will be used.
2026-08-05T15:15:15.518+02:00  WARN 60764 --- [simpleFetchData] [main] JpaBaseConfiguration$JpaWebConfiguration : spring.jpa.open-in-view is enabled by default. Therefore, database queries may be performed during view rendering. Explicitly configure spring.jpa.open-in-view to disable this warning
2026-08-05T15:15:16.241+02:00  INFO 60764 --- [simpleFetchData] [main] o.s.b.h.a.H2ConsoleAutoConfiguration     : H2 console available at '/h2-console'. Database available at 'jdbc:h2:mem:d0a2f404-a6d3-47f4-96ad-51fbf7af455f'
2026-08-05T15:15:16.381+02:00  INFO 60764 --- [simpleFetchData] [main] o.s.boot.tomcat.TomcatWebServer          : Tomcat started on port 8080 (http) with context path '/'
2026-08-05T15:15:16.394+02:00  INFO 60764 --- [simpleFetchData] [main] it.eng.spring.demo.DemoApplication       : Started DemoApplication in 8.543 seconds (process running for 9.412)
2026-08-05T15:16:42.911+02:00  INFO 60036 --- [simpleFetchData] [main] it.eng.spring.demo.DemoApplication       : Starting DemoApplication using Java 21.0.11 with PID 60036 (C:\Users\y.cimmino\Desktop\BackEnd\simple-fetch-data\target\classes started by y.cimmino in C:\Users\y.cimmino\Desktop\BackEnd\simple-fetch-data)
2026-08-05T15:16:42.924+02:00  INFO 60036 --- [simpleFetchData] [main] it.eng.spring.demo.DemoApplication       : No active profile set, falling back to 1 default profile: "default"
2026-08-05T15:16:44.751+02:00  INFO 60036 --- [simpleFetchData] [main] .s.d.r.c.RepositoryConfigurationDelegate : Bootstrapping Spring Data JPA repositories in DEFAULT mode.
2026-08-05T15:16:44.851+02:00  INFO 60036 --- [simpleFetchData] [main] .s.d.r.c.RepositoryConfigurationDelegate : Finished Spring Data repository scanning in 72 ms. Found 1 JPA repository interface.
2026-08-05T15:16:45.724+02:00  INFO 60036 --- [simpleFetchData] [main] o.s.boot.tomcat.TomcatWebServer          : Tomcat initialized with port 8080 (http)
2026-08-05T15:16:45.750+02:00  INFO 60036 --- [simpleFetchData] [main] o.apache.catalina.core.StandardService   : Starting service [Tomcat]
2026-08-05T15:16:45.751+02:00  INFO 60036 --- [simpleFetchData] [main] o.apache.catalina.core.StandardEngine    : Starting Servlet engine: [Apache Tomcat/11.0.22]
2026-08-05T15:16:45.856+02:00  INFO 60036 --- [simpleFetchData] [main] b.w.c.s.WebApplicationContextInitializer : Root WebApplicationContext: initialization completed in 2815 ms
2026-08-05T15:16:46.253+02:00  INFO 60036 --- [simpleFetchData] [main] org.hibernate.orm.jpa                    : HHH008540: Processing PersistenceUnitInfo [name: default]
2026-08-05T15:16:46.451+02:00  INFO 60036 --- [simpleFetchData] [main] org.hibernate.orm.core                   : HHH000001: Hibernate ORM core version 7.4.1.Final
2026-08-05T15:16:47.370+02:00  INFO 60036 --- [simpleFetchData] [main] o.s.o.j.p.SpringPersistenceUnitInfo      : No LoadTimeWeaver setup: ignoring JPA class transformer
2026-08-05T15:16:47.428+02:00  INFO 60036 --- [simpleFetchData] [main] com.zaxxer.hikari.HikariDataSource       : HikariPool-1 - Starting...
2026-08-05T15:16:48.506+02:00  WARN 60036 --- [simpleFetchData] [main] org.hibernate.orm.jdbc.error             : HHH000247: ErrorCode: 90011, SQLState: 90011
2026-08-05T15:16:48.508+02:00  WARN 60036 --- [simpleFetchData] [main] org.hibernate.orm.jdbc.error             : A file path that is implicitly relative to the current working directory is not allowed in the database URL "jdbc:h2:file:.db/clienti". Use an absolute path, ~/name, ./name, or the baseDir setting instead. [90011-240]
2026-08-05T15:16:48.508+02:00  WARN 60036 --- [simpleFetchData] [main] org.hibernate.orm.jdbc                   : HHH100046: Could not obtain connection to query JDBC database metadata

org.hibernate.exception.GenericJDBCException: Unable to obtain isolated JDBC connection [A file path that is implicitly relative to the current working directory is not allowed in the database URL "jdbc:h2:file:.db/clienti". Use an absolute path, ~/name, ./name, or the baseDir setting instead. [90011-240]] [n/a]
	at org.hibernate.exception.internal.StandardSQLExceptionConverter.convert(StandardSQLExceptionConverter.java:39) ~[hibernate-core-7.4.1.Final.jar:7.4.1.Final]
	at org.hibernate.engine.jdbc.spi.SqlExceptionHelper.convert(SqlExceptionHelper.java:115) ~[hibernate-core-7.4.1.Final.jar:7.4.1.Final]
	at org.hibernate.engine.jdbc.spi.SqlExceptionHelper.convert(SqlExceptionHelper.java:101) ~[hibernate-core-7.4.1.Final.jar:7.4.1.Final]
	at org.hibernate.resource.transaction.backend.jdbc.internal.JdbcIsolationDelegate.delegateWork(JdbcIsolationDelegate.java:51) ~[hibernate-core-7.4.1.Final.jar:7.4.1.Final]
	at org.hibernate.engine.jdbc.env.internal.JdbcEnvironmentInitiator.getJdbcEnvironmentUsingJdbcMetadata(JdbcEnvironmentInitiator.java:366) ~[hibernate-core-7.4.1.Final.jar:7.4.1.Final]
	at org.hibernate.engine.jdbc.env.internal.JdbcEnvironmentInitiator.getJdbcEnvironment(JdbcEnvironmentInitiator.java:143) ~[hibernate-core-7.4.1.Final.jar:7.4.1.Final]
	at org.hibernate.engine.jdbc.env.internal.JdbcEnvironmentInitiator.initiateService(JdbcEnvironmentInitiator.java:120) ~[hibernate-core-7.4.1.Final.jar:7.4.1.Final]
	at org.hibernate.engine.jdbc.env.internal.JdbcEnvironmentInitiator.initiateService(JdbcEnvironmentInitiator.java:80) ~[hibernate-core-7.4.1.Final.jar:7.4.1.Final]
	at org.hibernate.boot.registry.internal.StandardServiceRegistryImpl.initiateService(StandardServiceRegistryImpl.java:133) ~[hibernate-core-7.4.1.Final.jar:7.4.1.Final]
	at org.hibernate.service.internal.AbstractServiceRegistryImpl.createService(AbstractServiceRegistryImpl.java:260) ~[hibernate-core-7.4.1.Final.jar:7.4.1.Final]
	at org.hibernate.service.internal.AbstractServiceRegistryImpl.initializeService(AbstractServiceRegistryImpl.java:235) ~[hibernate-core-7.4.1.Final.jar:7.4.1.Final]
	at org.hibernate.service.internal.AbstractServiceRegistryImpl.getService(AbstractServiceRegistryImpl.java:212) ~[hibernate-core-7.4.1.Final.jar:7.4.1.Final]
	at org.hibernate.boot.model.relational.Database.<init>(Database.java:44) ~[hibernate-core-7.4.1.Final.jar:7.4.1.Final]
	at org.hibernate.boot.internal.InFlightMetadataCollectorImpl.getDatabase(InFlightMetadataCollectorImpl.java:251) ~[hibernate-core-7.4.1.Final.jar:7.4.1.Final]
	at org.hibernate.boot.internal.InFlightMetadataCollectorImpl.<init>(InFlightMetadataCollectorImpl.java:203) ~[hibernate-core-7.4.1.Final.jar:7.4.1.Final]
	at org.hibernate.boot.model.process.spi.MetadataBuildingProcess.complete(MetadataBuildingProcess.java:180) ~[hibernate-core-7.4.1.Final.jar:7.4.1.Final]
	at org.hibernate.jpa.boot.internal.EntityManagerFactoryBuilderImpl.metadata(EntityManagerFactoryBuilderImpl.java:1388) ~[hibernate-core-7.4.1.Final.jar:7.4.1.Final]
	at org.hibernate.jpa.boot.internal.EntityManagerFactoryBuilderImpl.populateSessionFactoryBuilder(EntityManagerFactoryBuilderImpl.java:1468) ~[hibernate-core-7.4.1.Final.jar:7.4.1.Final]
	at org.hibernate.jpa.boot.internal.EntityManagerFactoryBuilderImpl.build(EntityManagerFactoryBuilderImpl.java:1450) ~[hibernate-core-7.4.1.Final.jar:7.4.1.Final]
	at org.springframework.orm.jpa.vendor.SpringHibernateJpaPersistenceProvider.createContainerEntityManagerFactory(SpringHibernateJpaPersistenceProvider.java:93) ~[spring-orm-7.0.8.jar:7.0.8]
	at org.springframework.orm.jpa.LocalContainerEntityManagerFactoryBean.createNativeEntityManagerFactory(LocalContainerEntityManagerFactoryBean.java:443) ~[spring-orm-7.0.8.jar:7.0.8]
	at org.springframework.orm.jpa.AbstractEntityManagerFactoryBean.buildNativeEntityManagerFactory(AbstractEntityManagerFactoryBean.java:436) ~[spring-orm-7.0.8.jar:7.0.8]
	at org.springframework.orm.jpa.AbstractEntityManagerFactoryBean.afterPropertiesSet(AbstractEntityManagerFactoryBean.java:411) ~[spring-orm-7.0.8.jar:7.0.8]
	at org.springframework.orm.jpa.LocalContainerEntityManagerFactoryBean.afterPropertiesSet(LocalContainerEntityManagerFactoryBean.java:419) ~[spring-orm-7.0.8.jar:7.0.8]
	at org.springframework.beans.factory.support.AbstractAutowireCapableBeanFactory.invokeInitMethods(AbstractAutowireCapableBeanFactory.java:1862) ~[spring-beans-7.0.8.jar:7.0.8]
	at org.springframework.beans.factory.support.AbstractAutowireCapableBeanFactory.initializeBean(AbstractAutowireCapableBeanFactory.java:1811) ~[spring-beans-7.0.8.jar:7.0.8]
	at org.springframework.beans.factory.support.AbstractAutowireCapableBeanFactory.doCreateBean(AbstractAutowireCapableBeanFactory.java:603) ~[spring-beans-7.0.8.jar:7.0.8]
	at org.springframework.beans.factory.support.AbstractAutowireCapableBeanFactory.createBean(AbstractAutowireCapableBeanFactory.java:525) ~[spring-beans-7.0.8.jar:7.0.8]
	at org.springframework.beans.factory.support.AbstractBeanFactory.lambda$doGetBean$0(AbstractBeanFactory.java:333) ~[spring-beans-7.0.8.jar:7.0.8]
	at org.springframework.beans.factory.support.DefaultSingletonBeanRegistry.getSingleton(DefaultSingletonBeanRegistry.java:371) ~[spring-beans-7.0.8.jar:7.0.8]
	at org.springframework.beans.factory.support.AbstractBeanFactory.doGetBean(AbstractBeanFactory.java:331) ~[spring-beans-7.0.8.jar:7.0.8]
	at org.springframework.beans.factory.support.AbstractBeanFactory.getBean(AbstractBeanFactory.java:201) ~[spring-beans-7.0.8.jar:7.0.8]
	at org.springframework.context.support.AbstractApplicationContext.finishBeanFactoryInitialization(AbstractApplicationContext.java:977) ~[spring-context-7.0.8.jar:7.0.8]
	at org.springframework.context.support.AbstractApplicationContext.refresh(AbstractApplicationContext.java:621) ~[spring-context-7.0.8.jar:7.0.8]
	at org.springframework.boot.web.server.servlet.context.ServletWebServerApplicationContext.refresh(ServletWebServerApplicationContext.java:143) ~[spring-boot-web-server-4.1.0.jar:4.1.0]
	at org.springframework.boot.SpringApplication.refresh(SpringApplication.java:756) ~[spring-boot-4.1.0.jar:4.1.0]
	at org.springframework.boot.SpringApplication.refreshContext(SpringApplication.java:445) ~[spring-boot-4.1.0.jar:4.1.0]
	at org.springframework.boot.SpringApplication.run(SpringApplication.java:321) ~[spring-boot-4.1.0.jar:4.1.0]
	at org.springframework.boot.SpringApplication.run(SpringApplication.java:1365) ~[spring-boot-4.1.0.jar:4.1.0]
	at org.springframework.boot.SpringApplication.run(SpringApplication.java:1354) ~[spring-boot-4.1.0.jar:4.1.0]
	at it.eng.spring.demo.DemoApplication.main(DemoApplication.java:10) ~[classes/:na]
Caused by: org.h2.jdbc.JdbcSQLNonTransientConnectionException: A file path that is implicitly relative to the current working directory is not allowed in the database URL "jdbc:h2:file:.db/clienti". Use an absolute path, ~/name, ./name, or the baseDir setting instead. [90011-240]
	at org.h2.message.DbException.getJdbcSQLException(DbException.java:690) ~[h2-2.4.240.jar:2.4.240]
	at org.h2.message.DbException.getJdbcSQLException(DbException.java:489) ~[h2-2.4.240.jar:2.4.240]
	at org.h2.message.DbException.get(DbException.java:223) ~[h2-2.4.240.jar:2.4.240]
	at org.h2.message.DbException.get(DbException.java:199) ~[h2-2.4.240.jar:2.4.240]
	at org.h2.engine.ConnectionInfo.getName(ConnectionInfo.java:462) ~[h2-2.4.240.jar:2.4.240]
	at org.h2.engine.Engine.openSession(Engine.java:49) ~[h2-2.4.240.jar:2.4.240]
	at org.h2.engine.Engine.openSession(Engine.java:222) ~[h2-2.4.240.jar:2.4.240]
	at org.h2.engine.Engine.createSession(Engine.java:201) ~[h2-2.4.240.jar:2.4.240]
	at org.h2.engine.SessionRemote.connectEmbeddedOrServer(SessionRemote.java:350) ~[h2-2.4.240.jar:2.4.240]
	at org.h2.jdbc.JdbcConnection.<init>(JdbcConnection.java:124) ~[h2-2.4.240.jar:2.4.240]
	at org.h2.Driver.connect(Driver.java:59) ~[h2-2.4.240.jar:2.4.240]
	at com.zaxxer.hikari.util.DriverDataSource.getConnection(DriverDataSource.java:144) ~[HikariCP-7.0.2.jar:na]
	at com.zaxxer.hikari.pool.PoolBase.newConnection(PoolBase.java:373) ~[HikariCP-7.0.2.jar:na]
	at com.zaxxer.hikari.pool.PoolBase.newPoolEntry(PoolBase.java:210) ~[HikariCP-7.0.2.jar:na]
	at com.zaxxer.hikari.pool.HikariPool.createPoolEntry(HikariPool.java:488) ~[HikariCP-7.0.2.jar:na]
	at com.zaxxer.hikari.pool.HikariPool.checkFailFast(HikariPool.java:576) ~[HikariCP-7.0.2.jar:na]
	at com.zaxxer.hikari.pool.HikariPool.<init>(HikariPool.java:97) ~[HikariCP-7.0.2.jar:na]
	at com.zaxxer.hikari.HikariDataSource.getConnection(HikariDataSource.java:111) ~[HikariCP-7.0.2.jar:na]
	at org.hibernate.engine.jdbc.connections.internal.DataSourceConnectionProvider.getConnection(DataSourceConnectionProvider.java:149) ~[hibernate-core-7.4.1.Final.jar:7.4.1.Final]
	at org.hibernate.engine.jdbc.env.internal.JdbcEnvironmentInitiator$ConnectionProviderJdbcConnectionAccess.obtainConnection(JdbcEnvironmentInitiator.java:508) ~[hibernate-core-7.4.1.Final.jar:7.4.1.Final]
	at org.hibernate.resource.transaction.backend.jdbc.internal.JdbcIsolationDelegate.delegateWork(JdbcIsolationDelegate.java:48) ~[hibernate-core-7.4.1.Final.jar:7.4.1.Final]
	... 37 common frames omitted

2026-08-05T15:16:48.517+02:00 ERROR 60036 --- [simpleFetchData] [main] j.LocalContainerEntityManagerFactoryBean : Failed to initialize JPA EntityManagerFactory: Unable to create requested service [org.hibernate.engine.jdbc.env.spi.JdbcEnvironment] due to: Unable to determine Dialect without JDBC metadata (please set 'jakarta.persistence.jdbc.url' for common cases or 'hibernate.dialect' when a custom Dialect implementation must be provided)
2026-08-05T15:16:48.519+02:00  WARN 60036 --- [simpleFetchData] [main] ConfigServletWebServerApplicationContext : Exception encountered during context initialization - cancelling refresh attempt: org.springframework.beans.factory.BeanCreationException: Error creating bean with name 'entityManagerFactory' defined in class path resource [org/springframework/boot/hibernate/autoconfigure/HibernateJpaConfiguration.class]: Unable to create requested service [org.hibernate.engine.jdbc.env.spi.JdbcEnvironment] due to: Unable to determine Dialect without JDBC metadata (please set 'jakarta.persistence.jdbc.url' for common cases or 'hibernate.dialect' when a custom Dialect implementation must be provided)
2026-08-05T15:16:48.525+02:00  INFO 60036 --- [simpleFetchData] [main] o.apache.catalina.core.StandardService   : Stopping service [Tomcat]
2026-08-05T15:16:48.545+02:00  INFO 60036 --- [simpleFetchData] [main] .s.b.a.l.ConditionEvaluationReportLogger : 

Error starting ApplicationContext. To display the condition evaluation report re-run your application with 'debug' enabled.
2026-08-05T15:16:48.572+02:00 ERROR 60036 --- [simpleFetchData] [main] o.s.boot.SpringApplication               : Application run failed

org.springframework.beans.factory.BeanCreationException: Error creating bean with name 'entityManagerFactory' defined in class path resource [org/springframework/boot/hibernate/autoconfigure/HibernateJpaConfiguration.class]: Unable to create requested service [org.hibernate.engine.jdbc.env.spi.JdbcEnvironment] due to: Unable to determine Dialect without JDBC metadata (please set 'jakarta.persistence.jdbc.url' for common cases or 'hibernate.dialect' when a custom Dialect implementation must be provided)
	at org.springframework.beans.factory.support.AbstractAutowireCapableBeanFactory.initializeBean(AbstractAutowireCapableBeanFactory.java:1815) ~[spring-beans-7.0.8.jar:7.0.8]
	at org.springframework.beans.factory.support.AbstractAutowireCapableBeanFactory.doCreateBean(AbstractAutowireCapableBeanFactory.java:603) ~[spring-beans-7.0.8.jar:7.0.8]
	at org.springframework.beans.factory.support.AbstractAutowireCapableBeanFactory.createBean(AbstractAutowireCapableBeanFactory.java:525) ~[spring-beans-7.0.8.jar:7.0.8]
	at org.springframework.beans.factory.support.AbstractBeanFactory.lambda$doGetBean$0(AbstractBeanFactory.java:333) ~[spring-beans-7.0.8.jar:7.0.8]
	at org.springframework.beans.factory.support.DefaultSingletonBeanRegistry.getSingleton(DefaultSingletonBeanRegistry.java:371) ~[spring-beans-7.0.8.jar:7.0.8]
	at org.springframework.beans.factory.support.AbstractBeanFactory.doGetBean(AbstractBeanFactory.java:331) ~[spring-beans-7.0.8.jar:7.0.8]
	at org.springframework.beans.factory.support.AbstractBeanFactory.getBean(AbstractBeanFactory.java:201) ~[spring-beans-7.0.8.jar:7.0.8]
	at org.springframework.context.support.AbstractApplicationContext.finishBeanFactoryInitialization(AbstractApplicationContext.java:977) ~[spring-context-7.0.8.jar:7.0.8]
	at org.springframework.context.support.AbstractApplicationContext.refresh(AbstractApplicationContext.java:621) ~[spring-context-7.0.8.jar:7.0.8]
	at org.springframework.boot.web.server.servlet.context.ServletWebServerApplicationContext.refresh(ServletWebServerApplicationContext.java:143) ~[spring-boot-web-server-4.1.0.jar:4.1.0]
	at org.springframework.boot.SpringApplication.refresh(SpringApplication.java:756) ~[spring-boot-4.1.0.jar:4.1.0]
	at org.springframework.boot.SpringApplication.refreshContext(SpringApplication.java:445) ~[spring-boot-4.1.0.jar:4.1.0]
	at org.springframework.boot.SpringApplication.run(SpringApplication.java:321) ~[spring-boot-4.1.0.jar:4.1.0]
	at org.springframework.boot.SpringApplication.run(SpringApplication.java:1365) ~[spring-boot-4.1.0.jar:4.1.0]
	at org.springframework.boot.SpringApplication.run(SpringApplication.java:1354) ~[spring-boot-4.1.0.jar:4.1.0]
	at it.eng.spring.demo.DemoApplication.main(DemoApplication.java:10) ~[classes/:na]
Caused by: org.hibernate.service.spi.ServiceException: Unable to create requested service [org.hibernate.engine.jdbc.env.spi.JdbcEnvironment] due to: Unable to determine Dialect without JDBC metadata (please set 'jakarta.persistence.jdbc.url' for common cases or 'hibernate.dialect' when a custom Dialect implementation must be provided)
	at org.hibernate.service.internal.AbstractServiceRegistryImpl.createService(AbstractServiceRegistryImpl.java:273) ~[hibernate-core-7.4.1.Final.jar:7.4.1.Final]
	at org.hibernate.service.internal.AbstractServiceRegistryImpl.initializeService(AbstractServiceRegistryImpl.java:235) ~[hibernate-core-7.4.1.Final.jar:7.4.1.Final]
	at org.hibernate.service.internal.AbstractServiceRegistryImpl.getService(AbstractServiceRegistryImpl.java:212) ~[hibernate-core-7.4.1.Final.jar:7.4.1.Final]
	at org.hibernate.boot.model.relational.Database.<init>(Database.java:44) ~[hibernate-core-7.4.1.Final.jar:7.4.1.Final]
	at org.hibernate.boot.internal.InFlightMetadataCollectorImpl.getDatabase(InFlightMetadataCollectorImpl.java:251) ~[hibernate-core-7.4.1.Final.jar:7.4.1.Final]
	at org.hibernate.boot.internal.InFlightMetadataCollectorImpl.<init>(InFlightMetadataCollectorImpl.java:203) ~[hibernate-core-7.4.1.Final.jar:7.4.1.Final]
	at org.hibernate.boot.model.process.spi.MetadataBuildingProcess.complete(MetadataBuildingProcess.java:180) ~[hibernate-core-7.4.1.Final.jar:7.4.1.Final]
	at org.hibernate.jpa.boot.internal.EntityManagerFactoryBuilderImpl.metadata(EntityManagerFactoryBuilderImpl.java:1388) ~[hibernate-core-7.4.1.Final.jar:7.4.1.Final]
	at org.hibernate.jpa.boot.internal.EntityManagerFactoryBuilderImpl.populateSessionFactoryBuilder(EntityManagerFactoryBuilderImpl.java:1468) ~[hibernate-core-7.4.1.Final.jar:7.4.1.Final]
	at org.hibernate.jpa.boot.internal.EntityManagerFactoryBuilderImpl.build(EntityManagerFactoryBuilderImpl.java:1450) ~[hibernate-core-7.4.1.Final.jar:7.4.1.Final]
	at org.springframework.orm.jpa.vendor.SpringHibernateJpaPersistenceProvider.createContainerEntityManagerFactory(SpringHibernateJpaPersistenceProvider.java:93) ~[spring-orm-7.0.8.jar:7.0.8]
	at org.springframework.orm.jpa.LocalContainerEntityManagerFactoryBean.createNativeEntityManagerFactory(LocalContainerEntityManagerFactoryBean.java:443) ~[spring-orm-7.0.8.jar:7.0.8]
	at org.springframework.orm.jpa.AbstractEntityManagerFactoryBean.buildNativeEntityManagerFactory(AbstractEntityManagerFactoryBean.java:436) ~[spring-orm-7.0.8.jar:7.0.8]
	at org.springframework.orm.jpa.AbstractEntityManagerFactoryBean.afterPropertiesSet(AbstractEntityManagerFactoryBean.java:411) ~[spring-orm-7.0.8.jar:7.0.8]
	at org.springframework.orm.jpa.LocalContainerEntityManagerFactoryBean.afterPropertiesSet(LocalContainerEntityManagerFactoryBean.java:419) ~[spring-orm-7.0.8.jar:7.0.8]
	at org.springframework.beans.factory.support.AbstractAutowireCapableBeanFactory.invokeInitMethods(AbstractAutowireCapableBeanFactory.java:1862) ~[spring-beans-7.0.8.jar:7.0.8]
	at org.springframework.beans.factory.support.AbstractAutowireCapableBeanFactory.initializeBean(AbstractAutowireCapableBeanFactory.java:1811) ~[spring-beans-7.0.8.jar:7.0.8]
	... 15 common frames omitted
Caused by: org.hibernate.HibernateException: Unable to determine Dialect without JDBC metadata (please set 'jakarta.persistence.jdbc.url' for common cases or 'hibernate.dialect' when a custom Dialect implementation must be provided)
	at org.hibernate.engine.jdbc.dialect.internal.DialectFactoryImpl.determineDialect(DialectFactoryImpl.java:190) ~[hibernate-core-7.4.1.Final.jar:7.4.1.Final]
	at org.hibernate.engine.jdbc.dialect.internal.DialectFactoryImpl.buildDialect(DialectFactoryImpl.java:86) ~[hibernate-core-7.4.1.Final.jar:7.4.1.Final]
	at org.hibernate.engine.jdbc.env.internal.JdbcEnvironmentInitiator.getJdbcEnvironmentWithDefaults(JdbcEnvironmentInitiator.java:200) ~[hibernate-core-7.4.1.Final.jar:7.4.1.Final]
	at org.hibernate.engine.jdbc.env.internal.JdbcEnvironmentInitiator.getJdbcEnvironmentUsingJdbcMetadata(JdbcEnvironmentInitiator.java:452) ~[hibernate-core-7.4.1.Final.jar:7.4.1.Final]
	at org.hibernate.engine.jdbc.env.internal.JdbcEnvironmentInitiator.getJdbcEnvironment(JdbcEnvironmentInitiator.java:143) ~[hibernate-core-7.4.1.Final.jar:7.4.1.Final]
	at org.hibernate.engine.jdbc.env.internal.JdbcEnvironmentInitiator.initiateService(JdbcEnvironmentInitiator.java:120) ~[hibernate-core-7.4.1.Final.jar:7.4.1.Final]
	at org.hibernate.engine.jdbc.env.internal.JdbcEnvironmentInitiator.initiateService(JdbcEnvironmentInitiator.java:80) ~[hibernate-core-7.4.1.Final.jar:7.4.1.Final]
	at org.hibernate.boot.registry.internal.StandardServiceRegistryImpl.initiateService(StandardServiceRegistryImpl.java:133) ~[hibernate-core-7.4.1.Final.jar:7.4.1.Final]
	at org.hibernate.service.internal.AbstractServiceRegistryImpl.createService(AbstractServiceRegistryImpl.java:260) ~[hibernate-core-7.4.1.Final.jar:7.4.1.Final]
	... 31 common frames omitted

2026-08-05T15:19:17.065+02:00  INFO 61516 --- [simpleFetchData] [main] it.eng.spring.demo.DemoApplication       : Starting DemoApplication using Java 21.0.11 with PID 61516 (C:\Users\y.cimmino\Desktop\BackEnd\simple-fetch-data\target\classes started by y.cimmino in C:\Users\y.cimmino\Desktop\BackEnd\simple-fetch-data)
2026-08-05T15:19:17.073+02:00  INFO 61516 --- [simpleFetchData] [main] it.eng.spring.demo.DemoApplication       : No active profile set, falling back to 1 default profile: "default"
2026-08-05T15:19:18.822+02:00  INFO 61516 --- [simpleFetchData] [main] .s.d.r.c.RepositoryConfigurationDelegate : Bootstrapping Spring Data JPA repositories in DEFAULT mode.
2026-08-05T15:19:18.888+02:00  INFO 61516 --- [simpleFetchData] [main] .s.d.r.c.RepositoryConfigurationDelegate : Finished Spring Data repository scanning in 53 ms. Found 1 JPA repository interface.
2026-08-05T15:19:19.784+02:00  INFO 61516 --- [simpleFetchData] [main] o.s.boot.tomcat.TomcatWebServer          : Tomcat initialized with port 8080 (http)
2026-08-05T15:19:19.806+02:00  INFO 61516 --- [simpleFetchData] [main] o.apache.catalina.core.StandardService   : Starting service [Tomcat]
2026-08-05T15:19:19.807+02:00  INFO 61516 --- [simpleFetchData] [main] o.apache.catalina.core.StandardEngine    : Starting Servlet engine: [Apache Tomcat/11.0.22]
2026-08-05T15:19:19.906+02:00  INFO 61516 --- [simpleFetchData] [main] b.w.c.s.WebApplicationContextInitializer : Root WebApplicationContext: initialization completed in 2724 ms
2026-08-05T15:19:20.280+02:00  INFO 61516 --- [simpleFetchData] [main] org.hibernate.orm.jpa                    : HHH008540: Processing PersistenceUnitInfo [name: default]
2026-08-05T15:19:20.464+02:00  INFO 61516 --- [simpleFetchData] [main] org.hibernate.orm.core                   : HHH000001: Hibernate ORM core version 7.4.1.Final
2026-08-05T15:19:21.454+02:00  INFO 61516 --- [simpleFetchData] [main] o.s.o.j.p.SpringPersistenceUnitInfo      : No LoadTimeWeaver setup: ignoring JPA class transformer
2026-08-05T15:19:21.509+02:00  INFO 61516 --- [simpleFetchData] [main] com.zaxxer.hikari.HikariDataSource       : HikariPool-1 - Starting...
2026-08-05T15:19:22.609+02:00  WARN 61516 --- [simpleFetchData] [main] org.hibernate.orm.jdbc.error             : HHH000247: ErrorCode: 90011, SQLState: 90011
2026-08-05T15:19:22.611+02:00  WARN 61516 --- [simpleFetchData] [main] org.hibernate.orm.jdbc.error             : A file path that is implicitly relative to the current working directory is not allowed in the database URL "jdbc:h2:file:.db/clienti". Use an absolute path, ~/name, ./name, or the baseDir setting instead. [90011-240]
2026-08-05T15:19:22.614+02:00  WARN 61516 --- [simpleFetchData] [main] org.hibernate.orm.jdbc                   : HHH100046: Could not obtain connection to query JDBC database metadata

org.hibernate.exception.GenericJDBCException: Unable to obtain isolated JDBC connection [A file path that is implicitly relative to the current working directory is not allowed in the database URL "jdbc:h2:file:.db/clienti". Use an absolute path, ~/name, ./name, or the baseDir setting instead. [90011-240]] [n/a]
	at org.hibernate.exception.internal.StandardSQLExceptionConverter.convert(StandardSQLExceptionConverter.java:39) ~[hibernate-core-7.4.1.Final.jar:7.4.1.Final]
	at org.hibernate.engine.jdbc.spi.SqlExceptionHelper.convert(SqlExceptionHelper.java:115) ~[hibernate-core-7.4.1.Final.jar:7.4.1.Final]
	at org.hibernate.engine.jdbc.spi.SqlExceptionHelper.convert(SqlExceptionHelper.java:101) ~[hibernate-core-7.4.1.Final.jar:7.4.1.Final]
	at org.hibernate.resource.transaction.backend.jdbc.internal.JdbcIsolationDelegate.delegateWork(JdbcIsolationDelegate.java:51) ~[hibernate-core-7.4.1.Final.jar:7.4.1.Final]
	at org.hibernate.engine.jdbc.env.internal.JdbcEnvironmentInitiator.getJdbcEnvironmentUsingJdbcMetadata(JdbcEnvironmentInitiator.java:366) ~[hibernate-core-7.4.1.Final.jar:7.4.1.Final]
	at org.hibernate.engine.jdbc.env.internal.JdbcEnvironmentInitiator.getJdbcEnvironment(JdbcEnvironmentInitiator.java:143) ~[hibernate-core-7.4.1.Final.jar:7.4.1.Final]
	at org.hibernate.engine.jdbc.env.internal.JdbcEnvironmentInitiator.initiateService(JdbcEnvironmentInitiator.java:120) ~[hibernate-core-7.4.1.Final.jar:7.4.1.Final]
	at org.hibernate.engine.jdbc.env.internal.JdbcEnvironmentInitiator.initiateService(JdbcEnvironmentInitiator.java:80) ~[hibernate-core-7.4.1.Final.jar:7.4.1.Final]
	at org.hibernate.boot.registry.internal.StandardServiceRegistryImpl.initiateService(StandardServiceRegistryImpl.java:133) ~[hibernate-core-7.4.1.Final.jar:7.4.1.Final]
	at org.hibernate.service.internal.AbstractServiceRegistryImpl.createService(AbstractServiceRegistryImpl.java:260) ~[hibernate-core-7.4.1.Final.jar:7.4.1.Final]
	at org.hibernate.service.internal.AbstractServiceRegistryImpl.initializeService(AbstractServiceRegistryImpl.java:235) ~[hibernate-core-7.4.1.Final.jar:7.4.1.Final]
	at org.hibernate.service.internal.AbstractServiceRegistryImpl.getService(AbstractServiceRegistryImpl.java:212) ~[hibernate-core-7.4.1.Final.jar:7.4.1.Final]
	at org.hibernate.boot.model.relational.Database.<init>(Database.java:44) ~[hibernate-core-7.4.1.Final.jar:7.4.1.Final]
	at org.hibernate.boot.internal.InFlightMetadataCollectorImpl.getDatabase(InFlightMetadataCollectorImpl.java:251) ~[hibernate-core-7.4.1.Final.jar:7.4.1.Final]
	at org.hibernate.boot.internal.InFlightMetadataCollectorImpl.<init>(InFlightMetadataCollectorImpl.java:203) ~[hibernate-core-7.4.1.Final.jar:7.4.1.Final]
	at org.hibernate.boot.model.process.spi.MetadataBuildingProcess.complete(MetadataBuildingProcess.java:180) ~[hibernate-core-7.4.1.Final.jar:7.4.1.Final]
	at org.hibernate.jpa.boot.internal.EntityManagerFactoryBuilderImpl.metadata(EntityManagerFactoryBuilderImpl.java:1388) ~[hibernate-core-7.4.1.Final.jar:7.4.1.Final]
	at org.hibernate.jpa.boot.internal.EntityManagerFactoryBuilderImpl.populateSessionFactoryBuilder(EntityManagerFactoryBuilderImpl.java:1468) ~[hibernate-core-7.4.1.Final.jar:7.4.1.Final]
	at org.hibernate.jpa.boot.internal.EntityManagerFactoryBuilderImpl.build(EntityManagerFactoryBuilderImpl.java:1450) ~[hibernate-core-7.4.1.Final.jar:7.4.1.Final]
	at org.springframework.orm.jpa.vendor.SpringHibernateJpaPersistenceProvider.createContainerEntityManagerFactory(SpringHibernateJpaPersistenceProvider.java:93) ~[spring-orm-7.0.8.jar:7.0.8]
	at org.springframework.orm.jpa.LocalContainerEntityManagerFactoryBean.createNativeEntityManagerFactory(LocalContainerEntityManagerFactoryBean.java:443) ~[spring-orm-7.0.8.jar:7.0.8]
	at org.springframework.orm.jpa.AbstractEntityManagerFactoryBean.buildNativeEntityManagerFactory(AbstractEntityManagerFactoryBean.java:436) ~[spring-orm-7.0.8.jar:7.0.8]
	at org.springframework.orm.jpa.AbstractEntityManagerFactoryBean.afterPropertiesSet(AbstractEntityManagerFactoryBean.java:411) ~[spring-orm-7.0.8.jar:7.0.8]
	at org.springframework.orm.jpa.LocalContainerEntityManagerFactoryBean.afterPropertiesSet(LocalContainerEntityManagerFactoryBean.java:419) ~[spring-orm-7.0.8.jar:7.0.8]
	at org.springframework.beans.factory.support.AbstractAutowireCapableBeanFactory.invokeInitMethods(AbstractAutowireCapableBeanFactory.java:1862) ~[spring-beans-7.0.8.jar:7.0.8]
	at org.springframework.beans.factory.support.AbstractAutowireCapableBeanFactory.initializeBean(AbstractAutowireCapableBeanFactory.java:1811) ~[spring-beans-7.0.8.jar:7.0.8]
	at org.springframework.beans.factory.support.AbstractAutowireCapableBeanFactory.doCreateBean(AbstractAutowireCapableBeanFactory.java:603) ~[spring-beans-7.0.8.jar:7.0.8]
	at org.springframework.beans.factory.support.AbstractAutowireCapableBeanFactory.createBean(AbstractAutowireCapableBeanFactory.java:525) ~[spring-beans-7.0.8.jar:7.0.8]
	at org.springframework.beans.factory.support.AbstractBeanFactory.lambda$doGetBean$0(AbstractBeanFactory.java:333) ~[spring-beans-7.0.8.jar:7.0.8]
	at org.springframework.beans.factory.support.DefaultSingletonBeanRegistry.getSingleton(DefaultSingletonBeanRegistry.java:371) ~[spring-beans-7.0.8.jar:7.0.8]
	at org.springframework.beans.factory.support.AbstractBeanFactory.doGetBean(AbstractBeanFactory.java:331) ~[spring-beans-7.0.8.jar:7.0.8]
	at org.springframework.beans.factory.support.AbstractBeanFactory.getBean(AbstractBeanFactory.java:201) ~[spring-beans-7.0.8.jar:7.0.8]
	at org.springframework.context.support.AbstractApplicationContext.finishBeanFactoryInitialization(AbstractApplicationContext.java:977) ~[spring-context-7.0.8.jar:7.0.8]
	at org.springframework.context.support.AbstractApplicationContext.refresh(AbstractApplicationContext.java:621) ~[spring-context-7.0.8.jar:7.0.8]
	at org.springframework.boot.web.server.servlet.context.ServletWebServerApplicationContext.refresh(ServletWebServerApplicationContext.java:143) ~[spring-boot-web-server-4.1.0.jar:4.1.0]
	at org.springframework.boot.SpringApplication.refresh(SpringApplication.java:756) ~[spring-boot-4.1.0.jar:4.1.0]
	at org.springframework.boot.SpringApplication.refreshContext(SpringApplication.java:445) ~[spring-boot-4.1.0.jar:4.1.0]
	at org.springframework.boot.SpringApplication.run(SpringApplication.java:321) ~[spring-boot-4.1.0.jar:4.1.0]
	at org.springframework.boot.SpringApplication.run(SpringApplication.java:1365) ~[spring-boot-4.1.0.jar:4.1.0]
	at org.springframework.boot.SpringApplication.run(SpringApplication.java:1354) ~[spring-boot-4.1.0.jar:4.1.0]
	at it.eng.spring.demo.DemoApplication.main(DemoApplication.java:10) ~[classes/:na]
Caused by: org.h2.jdbc.JdbcSQLNonTransientConnectionException: A file path that is implicitly relative to the current working directory is not allowed in the database URL "jdbc:h2:file:.db/clienti". Use an absolute path, ~/name, ./name, or the baseDir setting instead. [90011-240]
	at org.h2.message.DbException.getJdbcSQLException(DbException.java:690) ~[h2-2.4.240.jar:2.4.240]
	at org.h2.message.DbException.getJdbcSQLException(DbException.java:489) ~[h2-2.4.240.jar:2.4.240]
	at org.h2.message.DbException.get(DbException.java:223) ~[h2-2.4.240.jar:2.4.240]
	at org.h2.message.DbException.get(DbException.java:199) ~[h2-2.4.240.jar:2.4.240]
	at org.h2.engine.ConnectionInfo.getName(ConnectionInfo.java:462) ~[h2-2.4.240.jar:2.4.240]
	at org.h2.engine.Engine.openSession(Engine.java:49) ~[h2-2.4.240.jar:2.4.240]
	at org.h2.engine.Engine.openSession(Engine.java:222) ~[h2-2.4.240.jar:2.4.240]
	at org.h2.engine.Engine.createSession(Engine.java:201) ~[h2-2.4.240.jar:2.4.240]
	at org.h2.engine.SessionRemote.connectEmbeddedOrServer(SessionRemote.java:350) ~[h2-2.4.240.jar:2.4.240]
	at org.h2.jdbc.JdbcConnection.<init>(JdbcConnection.java:124) ~[h2-2.4.240.jar:2.4.240]
	at org.h2.Driver.connect(Driver.java:59) ~[h2-2.4.240.jar:2.4.240]
	at com.zaxxer.hikari.util.DriverDataSource.getConnection(DriverDataSource.java:144) ~[HikariCP-7.0.2.jar:na]
	at com.zaxxer.hikari.pool.PoolBase.newConnection(PoolBase.java:373) ~[HikariCP-7.0.2.jar:na]
	at com.zaxxer.hikari.pool.PoolBase.newPoolEntry(PoolBase.java:210) ~[HikariCP-7.0.2.jar:na]
	at com.zaxxer.hikari.pool.HikariPool.createPoolEntry(HikariPool.java:488) ~[HikariCP-7.0.2.jar:na]
	at com.zaxxer.hikari.pool.HikariPool.checkFailFast(HikariPool.java:576) ~[HikariCP-7.0.2.jar:na]
	at com.zaxxer.hikari.pool.HikariPool.<init>(HikariPool.java:97) ~[HikariCP-7.0.2.jar:na]
	at com.zaxxer.hikari.HikariDataSource.getConnection(HikariDataSource.java:111) ~[HikariCP-7.0.2.jar:na]
	at org.hibernate.engine.jdbc.connections.internal.DataSourceConnectionProvider.getConnection(DataSourceConnectionProvider.java:149) ~[hibernate-core-7.4.1.Final.jar:7.4.1.Final]
	at org.hibernate.engine.jdbc.env.internal.JdbcEnvironmentInitiator$ConnectionProviderJdbcConnectionAccess.obtainConnection(JdbcEnvironmentInitiator.java:508) ~[hibernate-core-7.4.1.Final.jar:7.4.1.Final]
	at org.hibernate.resource.transaction.backend.jdbc.internal.JdbcIsolationDelegate.delegateWork(JdbcIsolationDelegate.java:48) ~[hibernate-core-7.4.1.Final.jar:7.4.1.Final]
	... 37 common frames omitted

2026-08-05T15:19:22.630+02:00 ERROR 61516 --- [simpleFetchData] [main] j.LocalContainerEntityManagerFactoryBean : Failed to initialize JPA EntityManagerFactory: Unable to create requested service [org.hibernate.engine.jdbc.env.spi.JdbcEnvironment] due to: Unable to determine Dialect without JDBC metadata (please set 'jakarta.persistence.jdbc.url' for common cases or 'hibernate.dialect' when a custom Dialect implementation must be provided)
2026-08-05T15:19:22.631+02:00  WARN 61516 --- [simpleFetchData] [main] ConfigServletWebServerApplicationContext : Exception encountered during context initialization - cancelling refresh attempt: org.springframework.beans.factory.BeanCreationException: Error creating bean with name 'entityManagerFactory' defined in class path resource [org/springframework/boot/hibernate/autoconfigure/HibernateJpaConfiguration.class]: Unable to create requested service [org.hibernate.engine.jdbc.env.spi.JdbcEnvironment] due to: Unable to determine Dialect without JDBC metadata (please set 'jakarta.persistence.jdbc.url' for common cases or 'hibernate.dialect' when a custom Dialect implementation must be provided)
2026-08-05T15:19:22.635+02:00  INFO 61516 --- [simpleFetchData] [main] o.apache.catalina.core.StandardService   : Stopping service [Tomcat]
2026-08-05T15:19:22.650+02:00  INFO 61516 --- [simpleFetchData] [main] .s.b.a.l.ConditionEvaluationReportLogger : 

Error starting ApplicationContext. To display the condition evaluation report re-run your application with 'debug' enabled.
2026-08-05T15:19:22.675+02:00 ERROR 61516 --- [simpleFetchData] [main] o.s.boot.SpringApplication               : Application run failed

org.springframework.beans.factory.BeanCreationException: Error creating bean with name 'entityManagerFactory' defined in class path resource [org/springframework/boot/hibernate/autoconfigure/HibernateJpaConfiguration.class]: Unable to create requested service [org.hibernate.engine.jdbc.env.spi.JdbcEnvironment] due to: Unable to determine Dialect without JDBC metadata (please set 'jakarta.persistence.jdbc.url' for common cases or 'hibernate.dialect' when a custom Dialect implementation must be provided)
	at org.springframework.beans.factory.support.AbstractAutowireCapableBeanFactory.initializeBean(AbstractAutowireCapableBeanFactory.java:1815) ~[spring-beans-7.0.8.jar:7.0.8]
	at org.springframework.beans.factory.support.AbstractAutowireCapableBeanFactory.doCreateBean(AbstractAutowireCapableBeanFactory.java:603) ~[spring-beans-7.0.8.jar:7.0.8]
	at org.springframework.beans.factory.support.AbstractAutowireCapableBeanFactory.createBean(AbstractAutowireCapableBeanFactory.java:525) ~[spring-beans-7.0.8.jar:7.0.8]
	at org.springframework.beans.factory.support.AbstractBeanFactory.lambda$doGetBean$0(AbstractBeanFactory.java:333) ~[spring-beans-7.0.8.jar:7.0.8]
	at org.springframework.beans.factory.support.DefaultSingletonBeanRegistry.getSingleton(DefaultSingletonBeanRegistry.java:371) ~[spring-beans-7.0.8.jar:7.0.8]
	at org.springframework.beans.factory.support.AbstractBeanFactory.doGetBean(AbstractBeanFactory.java:331) ~[spring-beans-7.0.8.jar:7.0.8]
	at org.springframework.beans.factory.support.AbstractBeanFactory.getBean(AbstractBeanFactory.java:201) ~[spring-beans-7.0.8.jar:7.0.8]
	at org.springframework.context.support.AbstractApplicationContext.finishBeanFactoryInitialization(AbstractApplicationContext.java:977) ~[spring-context-7.0.8.jar:7.0.8]
	at org.springframework.context.support.AbstractApplicationContext.refresh(AbstractApplicationContext.java:621) ~[spring-context-7.0.8.jar:7.0.8]
	at org.springframework.boot.web.server.servlet.context.ServletWebServerApplicationContext.refresh(ServletWebServerApplicationContext.java:143) ~[spring-boot-web-server-4.1.0.jar:4.1.0]
	at org.springframework.boot.SpringApplication.refresh(SpringApplication.java:756) ~[spring-boot-4.1.0.jar:4.1.0]
	at org.springframework.boot.SpringApplication.refreshContext(SpringApplication.java:445) ~[spring-boot-4.1.0.jar:4.1.0]
	at org.springframework.boot.SpringApplication.run(SpringApplication.java:321) ~[spring-boot-4.1.0.jar:4.1.0]
	at org.springframework.boot.SpringApplication.run(SpringApplication.java:1365) ~[spring-boot-4.1.0.jar:4.1.0]
	at org.springframework.boot.SpringApplication.run(SpringApplication.java:1354) ~[spring-boot-4.1.0.jar:4.1.0]
	at it.eng.spring.demo.DemoApplication.main(DemoApplication.java:10) ~[classes/:na]
Caused by: org.hibernate.service.spi.ServiceException: Unable to create requested service [org.hibernate.engine.jdbc.env.spi.JdbcEnvironment] due to: Unable to determine Dialect without JDBC metadata (please set 'jakarta.persistence.jdbc.url' for common cases or 'hibernate.dialect' when a custom Dialect implementation must be provided)
	at org.hibernate.service.internal.AbstractServiceRegistryImpl.createService(AbstractServiceRegistryImpl.java:273) ~[hibernate-core-7.4.1.Final.jar:7.4.1.Final]
	at org.hibernate.service.internal.AbstractServiceRegistryImpl.initializeService(AbstractServiceRegistryImpl.java:235) ~[hibernate-core-7.4.1.Final.jar:7.4.1.Final]
	at org.hibernate.service.internal.AbstractServiceRegistryImpl.getService(AbstractServiceRegistryImpl.java:212) ~[hibernate-core-7.4.1.Final.jar:7.4.1.Final]
	at org.hibernate.boot.model.relational.Database.<init>(Database.java:44) ~[hibernate-core-7.4.1.Final.jar:7.4.1.Final]
	at org.hibernate.boot.internal.InFlightMetadataCollectorImpl.getDatabase(InFlightMetadataCollectorImpl.java:251) ~[hibernate-core-7.4.1.Final.jar:7.4.1.Final]
	at org.hibernate.boot.internal.InFlightMetadataCollectorImpl.<init>(InFlightMetadataCollectorImpl.java:203) ~[hibernate-core-7.4.1.Final.jar:7.4.1.Final]
	at org.hibernate.boot.model.process.spi.MetadataBuildingProcess.complete(MetadataBuildingProcess.java:180) ~[hibernate-core-7.4.1.Final.jar:7.4.1.Final]
	at org.hibernate.jpa.boot.internal.EntityManagerFactoryBuilderImpl.metadata(EntityManagerFactoryBuilderImpl.java:1388) ~[hibernate-core-7.4.1.Final.jar:7.4.1.Final]
	at org.hibernate.jpa.boot.internal.EntityManagerFactoryBuilderImpl.populateSessionFactoryBuilder(EntityManagerFactoryBuilderImpl.java:1468) ~[hibernate-core-7.4.1.Final.jar:7.4.1.Final]
	at org.hibernate.jpa.boot.internal.EntityManagerFactoryBuilderImpl.build(EntityManagerFactoryBuilderImpl.java:1450) ~[hibernate-core-7.4.1.Final.jar:7.4.1.Final]
	at org.springframework.orm.jpa.vendor.SpringHibernateJpaPersistenceProvider.createContainerEntityManagerFactory(SpringHibernateJpaPersistenceProvider.java:93) ~[spring-orm-7.0.8.jar:7.0.8]
	at org.springframework.orm.jpa.LocalContainerEntityManagerFactoryBean.createNativeEntityManagerFactory(LocalContainerEntityManagerFactoryBean.java:443) ~[spring-orm-7.0.8.jar:7.0.8]
	at org.springframework.orm.jpa.AbstractEntityManagerFactoryBean.buildNativeEntityManagerFactory(AbstractEntityManagerFactoryBean.java:436) ~[spring-orm-7.0.8.jar:7.0.8]
	at org.springframework.orm.jpa.AbstractEntityManagerFactoryBean.afterPropertiesSet(AbstractEntityManagerFactoryBean.java:411) ~[spring-orm-7.0.8.jar:7.0.8]
	at org.springframework.orm.jpa.LocalContainerEntityManagerFactoryBean.afterPropertiesSet(LocalContainerEntityManagerFactoryBean.java:419) ~[spring-orm-7.0.8.jar:7.0.8]
	at org.springframework.beans.factory.support.AbstractAutowireCapableBeanFactory.invokeInitMethods(AbstractAutowireCapableBeanFactory.java:1862) ~[spring-beans-7.0.8.jar:7.0.8]
	at org.springframework.beans.factory.support.AbstractAutowireCapableBeanFactory.initializeBean(AbstractAutowireCapableBeanFactory.java:1811) ~[spring-beans-7.0.8.jar:7.0.8]
	... 15 common frames omitted
Caused by: org.hibernate.HibernateException: Unable to determine Dialect without JDBC metadata (please set 'jakarta.persistence.jdbc.url' for common cases or 'hibernate.dialect' when a custom Dialect implementation must be provided)
	at org.hibernate.engine.jdbc.dialect.internal.DialectFactoryImpl.determineDialect(DialectFactoryImpl.java:190) ~[hibernate-core-7.4.1.Final.jar:7.4.1.Final]
	at org.hibernate.engine.jdbc.dialect.internal.DialectFactoryImpl.buildDialect(DialectFactoryImpl.java:86) ~[hibernate-core-7.4.1.Final.jar:7.4.1.Final]
	at org.hibernate.engine.jdbc.env.internal.JdbcEnvironmentInitiator.getJdbcEnvironmentWithDefaults(JdbcEnvironmentInitiator.java:200) ~[hibernate-core-7.4.1.Final.jar:7.4.1.Final]
	at org.hibernate.engine.jdbc.env.internal.JdbcEnvironmentInitiator.getJdbcEnvironmentUsingJdbcMetadata(JdbcEnvironmentInitiator.java:452) ~[hibernate-core-7.4.1.Final.jar:7.4.1.Final]
	at org.hibernate.engine.jdbc.env.internal.JdbcEnvironmentInitiator.getJdbcEnvironment(JdbcEnvironmentInitiator.java:143) ~[hibernate-core-7.4.1.Final.jar:7.4.1.Final]
	at org.hibernate.engine.jdbc.env.internal.JdbcEnvironmentInitiator.initiateService(JdbcEnvironmentInitiator.java:120) ~[hibernate-core-7.4.1.Final.jar:7.4.1.Final]
	at org.hibernate.engine.jdbc.env.internal.JdbcEnvironmentInitiator.initiateService(JdbcEnvironmentInitiator.java:80) ~[hibernate-core-7.4.1.Final.jar:7.4.1.Final]
	at org.hibernate.boot.registry.internal.StandardServiceRegistryImpl.initiateService(StandardServiceRegistryImpl.java:133) ~[hibernate-core-7.4.1.Final.jar:7.4.1.Final]
	at org.hibernate.service.internal.AbstractServiceRegistryImpl.createService(AbstractServiceRegistryImpl.java:260) ~[hibernate-core-7.4.1.Final.jar:7.4.1.Final]
	... 31 common frames omitted

2026-08-05T15:21:59.406+02:00  INFO 15912 --- [simpleFetchData] [main] it.eng.spring.demo.DemoApplication       : Starting DemoApplication using Java 21.0.11 with PID 15912 (C:\Users\y.cimmino\Desktop\BackEnd\simple-fetch-data\target\classes started by y.cimmino in C:\Users\y.cimmino\Desktop\BackEnd\simple-fetch-data)
2026-08-05T15:21:59.417+02:00  INFO 15912 --- [simpleFetchData] [main] it.eng.spring.demo.DemoApplication       : No active profile set, falling back to 1 default profile: "default"
2026-08-05T15:22:01.174+02:00  INFO 15912 --- [simpleFetchData] [main] .s.d.r.c.RepositoryConfigurationDelegate : Bootstrapping Spring Data JPA repositories in DEFAULT mode.
2026-08-05T15:22:01.274+02:00  INFO 15912 --- [simpleFetchData] [main] .s.d.r.c.RepositoryConfigurationDelegate : Finished Spring Data repository scanning in 73 ms. Found 1 JPA repository interface.
2026-08-05T15:22:03.214+02:00  INFO 15912 --- [simpleFetchData] [main] o.s.boot.tomcat.TomcatWebServer          : Tomcat initialized with port 8080 (http)
2026-08-05T15:22:03.262+02:00  INFO 15912 --- [simpleFetchData] [main] o.apache.catalina.core.StandardService   : Starting service [Tomcat]
2026-08-05T15:22:03.263+02:00  INFO 15912 --- [simpleFetchData] [main] o.apache.catalina.core.StandardEngine    : Starting Servlet engine: [Apache Tomcat/11.0.22]
2026-08-05T15:22:03.572+02:00  INFO 15912 --- [simpleFetchData] [main] b.w.c.s.WebApplicationContextInitializer : Root WebApplicationContext: initialization completed in 4064 ms
2026-08-05T15:22:04.715+02:00  INFO 15912 --- [simpleFetchData] [main] org.hibernate.orm.jpa                    : HHH008540: Processing PersistenceUnitInfo [name: default]
2026-08-05T15:22:05.060+02:00  INFO 15912 --- [simpleFetchData] [main] org.hibernate.orm.core                   : HHH000001: Hibernate ORM core version 7.4.1.Final
2026-08-05T15:22:07.560+02:00  INFO 15912 --- [simpleFetchData] [main] o.s.o.j.p.SpringPersistenceUnitInfo      : No LoadTimeWeaver setup: ignoring JPA class transformer
2026-08-05T15:22:07.721+02:00  INFO 15912 --- [simpleFetchData] [main] com.zaxxer.hikari.HikariDataSource       : HikariPool-1 - Starting...
2026-08-05T15:22:08.414+02:00  INFO 15912 --- [simpleFetchData] [main] com.zaxxer.hikari.pool.HikariPool        : HikariPool-1 - Added connection conn0: url=jdbc:h2:file:~/db/clienti user=SA
2026-08-05T15:22:08.421+02:00  INFO 15912 --- [simpleFetchData] [main] com.zaxxer.hikari.HikariDataSource       : HikariPool-1 - Start completed.
2026-08-05T15:22:08.645+02:00  INFO 15912 --- [simpleFetchData] [main] org.hibernate.orm.connections.pooling    : HHH10001005: Database info:
	Database JDBC URL [jdbc:h2:file:~/db/clienti]
	Database driver: H2 JDBC Driver
	Database dialect: H2Dialect
	Database version: 2.4.240
	Default catalog/schema: CLIENTI/PUBLIC
	Autocommit mode: undefined/unknown
	Isolation level: READ_COMMITTED [default READ_COMMITTED]
	JDBC fetch size: 100
	Pool: DataSourceConnectionProvider
	Minimum pool size: undefined/unknown
	Maximum pool size: undefined/unknown
2026-08-05T15:22:11.709+02:00  INFO 15912 --- [simpleFetchData] [main] org.hibernate.orm.core                   : HHH000489: No JTA platform available (set 'hibernate.transaction.jta.platform' to enable JTA platform integration)
2026-08-05T15:22:11.932+02:00  INFO 15912 --- [simpleFetchData] [main] j.LocalContainerEntityManagerFactoryBean : Initialized JPA EntityManagerFactory for persistence unit 'default'
2026-08-05T15:22:12.239+02:00  INFO 15912 --- [simpleFetchData] [main] o.s.d.j.r.query.QueryEnhancerFactories   : Hibernate is in classpath; If applicable, HQL parser will be used.
2026-08-05T15:22:13.052+02:00  WARN 15912 --- [simpleFetchData] [main] JpaBaseConfiguration$JpaWebConfiguration : spring.jpa.open-in-view is enabled by default. Therefore, database queries may be performed during view rendering. Explicitly configure spring.jpa.open-in-view to disable this warning
2026-08-05T15:22:15.150+02:00  INFO 15912 --- [simpleFetchData] [main] o.s.b.h.a.H2ConsoleAutoConfiguration     : H2 console available at '/h2-console'. Database available at 'jdbc:h2:file:~/db/clienti'
2026-08-05T15:22:15.422+02:00  INFO 15912 --- [simpleFetchData] [main] o.s.boot.tomcat.TomcatWebServer          : Tomcat started on port 8080 (http) with context path '/'
2026-08-05T15:22:15.439+02:00  INFO 15912 --- [simpleFetchData] [main] it.eng.spring.demo.DemoApplication       : Started DemoApplication in 16.95 seconds (process running for 17.859)
2026-08-05T15:22:53.378+02:00  INFO 15912 --- [simpleFetchData] [http-nio-8080-exec-8] o.a.c.c.C.[Tomcat].[localhost].[/]       : Initializing Spring DispatcherServlet 'dispatcherServlet'
2026-08-05T15:22:53.379+02:00  INFO 15912 --- [simpleFetchData] [http-nio-8080-exec-8] o.s.web.servlet.DispatcherServlet        : Initializing Servlet 'dispatcherServlet'
2026-08-05T15:22:53.384+02:00  INFO 15912 --- [simpleFetchData] [http-nio-8080-exec-8] o.s.web.servlet.DispatcherServlet        : Completed initialization in 4 ms
2026-08-05T15:22:54.681+02:00  INFO 15912 --- [simpleFetchData] [http-nio-8080-exec-8] i.e.spring.demo.services.ClienteService  : 1
2026-08-05T15:24:04.866+02:00  INFO 21304 --- [simpleFetchData] [main] it.eng.spring.demo.DemoApplication       : Starting DemoApplication using Java 21.0.11 with PID 21304 (C:\Users\y.cimmino\Desktop\BackEnd\simple-fetch-data\target\classes started by y.cimmino in C:\Users\y.cimmino\Desktop\BackEnd\simple-fetch-data)
2026-08-05T15:24:04.873+02:00  INFO 21304 --- [simpleFetchData] [main] it.eng.spring.demo.DemoApplication       : No active profile set, falling back to 1 default profile: "default"
2026-08-05T15:24:06.631+02:00  INFO 21304 --- [simpleFetchData] [main] .s.d.r.c.RepositoryConfigurationDelegate : Bootstrapping Spring Data JPA repositories in DEFAULT mode.
2026-08-05T15:24:06.739+02:00  INFO 21304 --- [simpleFetchData] [main] .s.d.r.c.RepositoryConfigurationDelegate : Finished Spring Data repository scanning in 87 ms. Found 1 JPA repository interface.
2026-08-05T15:24:07.845+02:00  INFO 21304 --- [simpleFetchData] [main] o.s.boot.tomcat.TomcatWebServer          : Tomcat initialized with port 8080 (http)
2026-08-05T15:24:07.886+02:00  INFO 21304 --- [simpleFetchData] [main] o.apache.catalina.core.StandardService   : Starting service [Tomcat]
2026-08-05T15:24:07.887+02:00  INFO 21304 --- [simpleFetchData] [main] o.apache.catalina.core.StandardEngine    : Starting Servlet engine: [Apache Tomcat/11.0.22]
2026-08-05T15:24:08.167+02:00  INFO 21304 --- [simpleFetchData] [main] b.w.c.s.WebApplicationContextInitializer : Root WebApplicationContext: initialization completed in 3183 ms
2026-08-05T15:24:08.915+02:00  INFO 21304 --- [simpleFetchData] [main] org.hibernate.orm.jpa                    : HHH008540: Processing PersistenceUnitInfo [name: default]
2026-08-05T15:24:09.281+02:00  INFO 21304 --- [simpleFetchData] [main] org.hibernate.orm.core                   : HHH000001: Hibernate ORM core version 7.4.1.Final
2026-08-05T15:24:10.743+02:00  INFO 21304 --- [simpleFetchData] [main] o.s.o.j.p.SpringPersistenceUnitInfo      : No LoadTimeWeaver setup: ignoring JPA class transformer
2026-08-05T15:24:10.795+02:00  INFO 21304 --- [simpleFetchData] [main] com.zaxxer.hikari.HikariDataSource       : HikariPool-1 - Starting...
2026-08-05T15:24:11.092+02:00  INFO 21304 --- [simpleFetchData] [main] com.zaxxer.hikari.pool.HikariPool        : HikariPool-1 - Added connection conn0: url=jdbc:h2:file:~/db user=SA
2026-08-05T15:24:11.094+02:00  INFO 21304 --- [simpleFetchData] [main] com.zaxxer.hikari.HikariDataSource       : HikariPool-1 - Start completed.
2026-08-05T15:24:11.181+02:00  INFO 21304 --- [simpleFetchData] [main] org.hibernate.orm.connections.pooling    : HHH10001005: Database info:
	Database JDBC URL [jdbc:h2:file:~/db]
	Database driver: H2 JDBC Driver
	Database dialect: H2Dialect
	Database version: 2.4.240
	Default catalog/schema: DB/PUBLIC
	Autocommit mode: undefined/unknown
	Isolation level: READ_COMMITTED [default READ_COMMITTED]
	JDBC fetch size: 100
	Pool: DataSourceConnectionProvider
	Minimum pool size: undefined/unknown
	Maximum pool size: undefined/unknown
2026-08-05T15:24:12.436+02:00  INFO 21304 --- [simpleFetchData] [main] org.hibernate.orm.core                   : HHH000489: No JTA platform available (set 'hibernate.transaction.jta.platform' to enable JTA platform integration)
2026-08-05T15:24:12.525+02:00  INFO 21304 --- [simpleFetchData] [main] j.LocalContainerEntityManagerFactoryBean : Initialized JPA EntityManagerFactory for persistence unit 'default'
2026-08-05T15:24:12.688+02:00  INFO 21304 --- [simpleFetchData] [main] o.s.d.j.r.query.QueryEnhancerFactories   : Hibernate is in classpath; If applicable, HQL parser will be used.
2026-08-05T15:24:13.119+02:00  WARN 21304 --- [simpleFetchData] [main] JpaBaseConfiguration$JpaWebConfiguration : spring.jpa.open-in-view is enabled by default. Therefore, database queries may be performed during view rendering. Explicitly configure spring.jpa.open-in-view to disable this warning
2026-08-05T15:24:14.105+02:00  INFO 21304 --- [simpleFetchData] [main] o.s.b.h.a.H2ConsoleAutoConfiguration     : H2 console available at '/h2-console'. Database available at 'jdbc:h2:file:~/db'
2026-08-05T15:24:14.261+02:00  INFO 21304 --- [simpleFetchData] [main] o.s.boot.tomcat.TomcatWebServer          : Tomcat started on port 8080 (http) with context path '/'
2026-08-05T15:24:14.275+02:00  INFO 21304 --- [simpleFetchData] [main] it.eng.spring.demo.DemoApplication       : Started DemoApplication in 10.326 seconds (process running for 11.152)
2026-08-05T15:24:37.408+02:00  INFO 21304 --- [simpleFetchData] [http-nio-8080-exec-3] o.a.c.c.C.[Tomcat].[localhost].[/]       : Initializing Spring DispatcherServlet 'dispatcherServlet'
2026-08-05T15:24:37.409+02:00  INFO 21304 --- [simpleFetchData] [http-nio-8080-exec-3] o.s.web.servlet.DispatcherServlet        : Initializing Servlet 'dispatcherServlet'
2026-08-05T15:24:37.413+02:00  INFO 21304 --- [simpleFetchData] [http-nio-8080-exec-3] o.s.web.servlet.DispatcherServlet        : Completed initialization in 4 ms
2026-08-05T15:24:38.557+02:00  INFO 21304 --- [simpleFetchData] [http-nio-8080-exec-3] i.e.spring.demo.services.ClienteService  : 1
2026-08-05T15:24:39.287+02:00  INFO 21304 --- [simpleFetchData] [http-nio-8080-exec-6] i.e.spring.demo.services.ClienteService  : 2
2026-08-05T15:24:39.802+02:00  INFO 21304 --- [simpleFetchData] [http-nio-8080-exec-9] i.e.spring.demo.services.ClienteService  : 3
2026-08-05T15:24:40.032+02:00  INFO 21304 --- [simpleFetchData] [http-nio-8080-exec-4] i.e.spring.demo.services.ClienteService  : 4
2026-08-05T15:24:40.171+02:00  INFO 21304 --- [simpleFetchData] [http-nio-8080-exec-7] i.e.spring.demo.services.ClienteService  : 5
2026-08-05T15:24:40.401+02:00  INFO 21304 --- [simpleFetchData] [http-nio-8080-exec-8] i.e.spring.demo.services.ClienteService  : 6
2026-08-05T15:24:40.594+02:00  INFO 21304 --- [simpleFetchData] [http-nio-8080-exec-10] i.e.spring.demo.services.ClienteService  : 7
2026-08-05T15:28:44.989+02:00  INFO 4548 --- [simpleFetchData] [main] it.eng.spring.demo.DemoApplication       : Starting DemoApplication using Java 21.0.11 with PID 4548 (C:\Users\y.cimmino\Desktop\BackEnd\simple-fetch-data\target\classes started by y.cimmino in C:\Users\y.cimmino\Desktop\BackEnd\simple-fetch-data)
2026-08-05T15:28:45.003+02:00  INFO 4548 --- [simpleFetchData] [main] it.eng.spring.demo.DemoApplication       : No active profile set, falling back to 1 default profile: "default"
2026-08-05T15:28:47.072+02:00  INFO 4548 --- [simpleFetchData] [main] .s.d.r.c.RepositoryConfigurationDelegate : Bootstrapping Spring Data JPA repositories in DEFAULT mode.
2026-08-05T15:28:47.162+02:00  INFO 4548 --- [simpleFetchData] [main] .s.d.r.c.RepositoryConfigurationDelegate : Finished Spring Data repository scanning in 72 ms. Found 1 JPA repository interface.
2026-08-05T15:28:48.603+02:00  INFO 4548 --- [simpleFetchData] [main] o.s.boot.tomcat.TomcatWebServer          : Tomcat initialized with port 8080 (http)
2026-08-05T15:28:48.666+02:00  INFO 4548 --- [simpleFetchData] [main] o.apache.catalina.core.StandardService   : Starting service [Tomcat]
2026-08-05T15:28:48.668+02:00  INFO 4548 --- [simpleFetchData] [main] o.apache.catalina.core.StandardEngine    : Starting Servlet engine: [Apache Tomcat/11.0.22]
2026-08-05T15:28:48.907+02:00  INFO 4548 --- [simpleFetchData] [main] b.w.c.s.WebApplicationContextInitializer : Root WebApplicationContext: initialization completed in 3775 ms
2026-08-05T15:28:49.340+02:00  INFO 4548 --- [simpleFetchData] [main] org.hibernate.orm.jpa                    : HHH008540: Processing PersistenceUnitInfo [name: default]
2026-08-05T15:28:49.502+02:00  INFO 4548 --- [simpleFetchData] [main] org.hibernate.orm.core                   : HHH000001: Hibernate ORM core version 7.4.1.Final
2026-08-05T15:28:50.485+02:00  INFO 4548 --- [simpleFetchData] [main] o.s.o.j.p.SpringPersistenceUnitInfo      : No LoadTimeWeaver setup: ignoring JPA class transformer
2026-08-05T15:28:50.544+02:00  INFO 4548 --- [simpleFetchData] [main] com.zaxxer.hikari.HikariDataSource       : HikariPool-1 - Starting...
2026-08-05T15:28:50.852+02:00  INFO 4548 --- [simpleFetchData] [main] com.zaxxer.hikari.pool.HikariPool        : HikariPool-1 - Added connection conn0: url=jdbc:h2:file:./db/prova user=SA
2026-08-05T15:28:50.855+02:00  INFO 4548 --- [simpleFetchData] [main] com.zaxxer.hikari.HikariDataSource       : HikariPool-1 - Start completed.
2026-08-05T15:28:50.944+02:00  INFO 4548 --- [simpleFetchData] [main] org.hibernate.orm.connections.pooling    : HHH10001005: Database info:
	Database JDBC URL [jdbc:h2:file:./db/prova]
	Database driver: H2 JDBC Driver
	Database dialect: H2Dialect
	Database version: 2.4.240
	Default catalog/schema: PROVA/PUBLIC
	Autocommit mode: undefined/unknown
	Isolation level: READ_COMMITTED [default READ_COMMITTED]
	JDBC fetch size: 100
	Pool: DataSourceConnectionProvider
	Minimum pool size: undefined/unknown
	Maximum pool size: undefined/unknown
2026-08-05T15:28:52.341+02:00  INFO 4548 --- [simpleFetchData] [main] org.hibernate.orm.core                   : HHH000489: No JTA platform available (set 'hibernate.transaction.jta.platform' to enable JTA platform integration)
2026-08-05T15:28:52.424+02:00  INFO 4548 --- [simpleFetchData] [main] j.LocalContainerEntityManagerFactoryBean : Initialized JPA EntityManagerFactory for persistence unit 'default'
2026-08-05T15:28:52.570+02:00  INFO 4548 --- [simpleFetchData] [main] o.s.d.j.r.query.QueryEnhancerFactories   : Hibernate is in classpath; If applicable, HQL parser will be used.
2026-08-05T15:28:53.023+02:00  WARN 4548 --- [simpleFetchData] [main] JpaBaseConfiguration$JpaWebConfiguration : spring.jpa.open-in-view is enabled by default. Therefore, database queries may be performed during view rendering. Explicitly configure spring.jpa.open-in-view to disable this warning
2026-08-05T15:28:53.992+02:00  INFO 4548 --- [simpleFetchData] [main] o.s.b.h.a.H2ConsoleAutoConfiguration     : H2 console available at '/h2-console'. Database available at 'jdbc:h2:file:./db/prova'
2026-08-05T15:28:54.160+02:00  INFO 4548 --- [simpleFetchData] [main] o.s.boot.tomcat.TomcatWebServer          : Tomcat started on port 8080 (http) with context path '/'
2026-08-05T15:28:54.171+02:00  INFO 4548 --- [simpleFetchData] [main] it.eng.spring.demo.DemoApplication       : Started DemoApplication in 10.19 seconds (process running for 11.061)
2026-08-05T15:30:06.742+02:00  INFO 10864 --- [simpleFetchData] [main] it.eng.spring.demo.DemoApplication       : Starting DemoApplication using Java 21.0.11 with PID 10864 (C:\Users\y.cimmino\Desktop\BackEnd\simple-fetch-data\target\classes started by y.cimmino in C:\Users\y.cimmino\Desktop\BackEnd\simple-fetch-data)
2026-08-05T15:30:06.755+02:00  INFO 10864 --- [simpleFetchData] [main] it.eng.spring.demo.DemoApplication       : No active profile set, falling back to 1 default profile: "default"
2026-08-05T15:30:08.632+02:00  INFO 10864 --- [simpleFetchData] [main] .s.d.r.c.RepositoryConfigurationDelegate : Bootstrapping Spring Data JPA repositories in DEFAULT mode.
2026-08-05T15:30:08.724+02:00  INFO 10864 --- [simpleFetchData] [main] .s.d.r.c.RepositoryConfigurationDelegate : Finished Spring Data repository scanning in 63 ms. Found 1 JPA repository interface.
2026-08-05T15:30:09.802+02:00  INFO 10864 --- [simpleFetchData] [main] o.s.boot.tomcat.TomcatWebServer          : Tomcat initialized with port 8080 (http)
2026-08-05T15:30:09.837+02:00  INFO 10864 --- [simpleFetchData] [main] o.apache.catalina.core.StandardService   : Starting service [Tomcat]
2026-08-05T15:30:09.838+02:00  INFO 10864 --- [simpleFetchData] [main] o.apache.catalina.core.StandardEngine    : Starting Servlet engine: [Apache Tomcat/11.0.22]
2026-08-05T15:30:09.940+02:00  INFO 10864 --- [simpleFetchData] [main] b.w.c.s.WebApplicationContextInitializer : Root WebApplicationContext: initialization completed in 3056 ms
2026-08-05T15:30:10.408+02:00  INFO 10864 --- [simpleFetchData] [main] org.hibernate.orm.jpa                    : HHH008540: Processing PersistenceUnitInfo [name: default]
2026-08-05T15:30:10.551+02:00  INFO 10864 --- [simpleFetchData] [main] org.hibernate.orm.core                   : HHH000001: Hibernate ORM core version 7.4.1.Final
2026-08-05T15:30:11.522+02:00  INFO 10864 --- [simpleFetchData] [main] o.s.o.j.p.SpringPersistenceUnitInfo      : No LoadTimeWeaver setup: ignoring JPA class transformer
2026-08-05T15:30:11.587+02:00  INFO 10864 --- [simpleFetchData] [main] com.zaxxer.hikari.HikariDataSource       : HikariPool-1 - Starting...
2026-08-05T15:30:11.943+02:00  INFO 10864 --- [simpleFetchData] [main] com.zaxxer.hikari.pool.HikariPool        : HikariPool-1 - Added connection conn0: url=jdbc:h2:file:./db/clienti user=SA
2026-08-05T15:30:11.947+02:00  INFO 10864 --- [simpleFetchData] [main] com.zaxxer.hikari.HikariDataSource       : HikariPool-1 - Start completed.
2026-08-05T15:30:12.073+02:00  INFO 10864 --- [simpleFetchData] [main] org.hibernate.orm.connections.pooling    : HHH10001005: Database info:
	Database JDBC URL [jdbc:h2:file:./db/clienti]
	Database driver: H2 JDBC Driver
	Database dialect: H2Dialect
	Database version: 2.4.240
	Default catalog/schema: CLIENTI/PUBLIC
	Autocommit mode: undefined/unknown
	Isolation level: READ_COMMITTED [default READ_COMMITTED]
	JDBC fetch size: 100
	Pool: DataSourceConnectionProvider
	Minimum pool size: undefined/unknown
	Maximum pool size: undefined/unknown
2026-08-05T15:30:13.500+02:00  INFO 10864 --- [simpleFetchData] [main] org.hibernate.orm.core                   : HHH000489: No JTA platform available (set 'hibernate.transaction.jta.platform' to enable JTA platform integration)
2026-08-05T15:30:13.584+02:00  INFO 10864 --- [simpleFetchData] [main] j.LocalContainerEntityManagerFactoryBean : Initialized JPA EntityManagerFactory for persistence unit 'default'
2026-08-05T15:30:13.776+02:00  INFO 10864 --- [simpleFetchData] [main] o.s.d.j.r.query.QueryEnhancerFactories   : Hibernate is in classpath; If applicable, HQL parser will be used.
2026-08-05T15:30:14.267+02:00  WARN 10864 --- [simpleFetchData] [main] JpaBaseConfiguration$JpaWebConfiguration : spring.jpa.open-in-view is enabled by default. Therefore, database queries may be performed during view rendering. Explicitly configure spring.jpa.open-in-view to disable this warning
2026-08-05T15:30:15.154+02:00  INFO 10864 --- [simpleFetchData] [main] o.s.b.h.a.H2ConsoleAutoConfiguration     : H2 console available at '/h2-console'. Database available at 'jdbc:h2:file:./db/clienti'
2026-08-05T15:30:15.298+02:00  INFO 10864 --- [simpleFetchData] [main] o.s.boot.tomcat.TomcatWebServer          : Tomcat started on port 8080 (http) with context path '/'
2026-08-05T15:30:15.313+02:00  INFO 10864 --- [simpleFetchData] [main] it.eng.spring.demo.DemoApplication       : Started DemoApplication in 9.981 seconds (process running for 10.818)
2026-08-05T15:31:36.768+02:00  INFO 10864 --- [simpleFetchData] [http-nio-8080-exec-8] o.a.c.c.C.[Tomcat].[localhost].[/]       : Initializing Spring DispatcherServlet 'dispatcherServlet'
2026-08-05T15:31:36.769+02:00  INFO 10864 --- [simpleFetchData] [http-nio-8080-exec-8] o.s.web.servlet.DispatcherServlet        : Initializing Servlet 'dispatcherServlet'
2026-08-05T15:31:36.772+02:00  INFO 10864 --- [simpleFetchData] [http-nio-8080-exec-8] o.s.web.servlet.DispatcherServlet        : Completed initialization in 3 ms
2026-08-05T15:31:38.059+02:00  INFO 10864 --- [simpleFetchData] [http-nio-8080-exec-8] i.e.spring.demo.services.ClienteService  : 1
2026-08-05T15:32:53.355+02:00  INFO 10864 --- [simpleFetchData] [http-nio-8080-exec-6] i.e.spring.demo.services.ClienteService  : 2
2026-08-05T15:33:10.460+02:00  INFO 10864 --- [simpleFetchData] [http-nio-8080-exec-5] i.e.spring.demo.services.ClienteService  : 3
2026-08-05T15:42:18.356+02:00  INFO 17244 --- [simpleFetchData] [main] it.eng.spring.demo.DemoApplication       : Starting DemoApplication using Java 21.0.11 with PID 17244 (C:\Users\soliveri\workspace\BE\simple-fetch-data\target\classes started by soliveri in C:\Users\soliveri\workspace\BE\simple-fetch-data)
2026-08-05T15:42:18.362+02:00  INFO 17244 --- [simpleFetchData] [main] it.eng.spring.demo.DemoApplication       : No active profile set, falling back to 1 default profile: "default"
2026-08-05T15:42:19.876+02:00  INFO 17244 --- [simpleFetchData] [main] .s.d.r.c.RepositoryConfigurationDelegate : Bootstrapping Spring Data JPA repositories in DEFAULT mode.
2026-08-05T15:42:19.929+02:00  INFO 17244 --- [simpleFetchData] [main] .s.d.r.c.RepositoryConfigurationDelegate : Finished Spring Data repository scanning in 44 ms. Found 1 JPA repository interface.
2026-08-05T15:42:20.655+02:00  INFO 17244 --- [simpleFetchData] [main] o.s.boot.tomcat.TomcatWebServer          : Tomcat initialized with port 8080 (http)
2026-08-05T15:42:20.673+02:00  INFO 17244 --- [simpleFetchData] [main] o.apache.catalina.core.StandardService   : Starting service [Tomcat]
2026-08-05T15:42:20.674+02:00  INFO 17244 --- [simpleFetchData] [main] o.apache.catalina.core.StandardEngine    : Starting Servlet engine: [Apache Tomcat/11.0.22]
2026-08-05T15:42:20.750+02:00  INFO 17244 --- [simpleFetchData] [main] b.w.c.s.WebApplicationContextInitializer : Root WebApplicationContext: initialization completed in 2304 ms
2026-08-05T15:42:21.106+02:00  INFO 17244 --- [simpleFetchData] [main] org.hibernate.orm.jpa                    : HHH008540: Processing PersistenceUnitInfo [name: default]
2026-08-05T15:42:21.190+02:00  INFO 17244 --- [simpleFetchData] [main] org.hibernate.orm.core                   : HHH000001: Hibernate ORM core version 7.4.1.Final
2026-08-05T15:42:21.859+02:00  INFO 17244 --- [simpleFetchData] [main] o.s.o.j.p.SpringPersistenceUnitInfo      : No LoadTimeWeaver setup: ignoring JPA class transformer
2026-08-05T15:42:21.914+02:00  INFO 17244 --- [simpleFetchData] [main] com.zaxxer.hikari.HikariDataSource       : HikariPool-1 - Starting...
2026-08-05T15:42:22.195+02:00  INFO 17244 --- [simpleFetchData] [main] com.zaxxer.hikari.pool.HikariPool        : HikariPool-1 - Added connection conn0: url=jdbc:h2:file:./db/clienti user=SA
2026-08-05T15:42:22.197+02:00  INFO 17244 --- [simpleFetchData] [main] com.zaxxer.hikari.HikariDataSource       : HikariPool-1 - Start completed.
2026-08-05T15:42:22.280+02:00  INFO 17244 --- [simpleFetchData] [main] org.hibernate.orm.connections.pooling    : HHH10001005: Database info:
	Database JDBC URL [jdbc:h2:file:./db/clienti]
	Database driver: H2 JDBC Driver
	Database dialect: H2Dialect
	Database version: 2.4.240
	Default catalog/schema: CLIENTI/PUBLIC
	Autocommit mode: undefined/unknown
	Isolation level: READ_COMMITTED [default READ_COMMITTED]
	JDBC fetch size: 100
	Pool: DataSourceConnectionProvider
	Minimum pool size: undefined/unknown
	Maximum pool size: undefined/unknown
2026-08-05T15:42:23.318+02:00  INFO 17244 --- [simpleFetchData] [main] org.hibernate.orm.core                   : HHH000489: No JTA platform available (set 'hibernate.transaction.jta.platform' to enable JTA platform integration)
2026-08-05T15:42:23.385+02:00  INFO 17244 --- [simpleFetchData] [main] j.LocalContainerEntityManagerFactoryBean : Initialized JPA EntityManagerFactory for persistence unit 'default'
2026-08-05T15:42:23.515+02:00  INFO 17244 --- [simpleFetchData] [main] o.s.d.j.r.query.QueryEnhancerFactories   : Hibernate is in classpath; If applicable, HQL parser will be used.
2026-08-05T15:42:23.806+02:00  WARN 17244 --- [simpleFetchData] [main] JpaBaseConfiguration$JpaWebConfiguration : spring.jpa.open-in-view is enabled by default. Therefore, database queries may be performed during view rendering. Explicitly configure spring.jpa.open-in-view to disable this warning
2026-08-05T15:42:24.376+02:00  INFO 17244 --- [simpleFetchData] [main] o.s.b.h.a.H2ConsoleAutoConfiguration     : H2 console available at '/h2-console'. Database available at 'jdbc:h2:file:./db/clienti'
2026-08-05T15:42:24.515+02:00  INFO 17244 --- [simpleFetchData] [main] o.s.boot.tomcat.TomcatWebServer          : Tomcat started on port 8080 (http) with context path '/'
2026-08-05T15:42:24.528+02:00  INFO 17244 --- [simpleFetchData] [main] it.eng.spring.demo.DemoApplication       : Started DemoApplication in 6.871 seconds (process running for 7.53)
2026-08-05T15:48:32.337+02:00  INFO 34168 --- [simpleFetchData] [main] it.eng.spring.demo.DemoApplication       : Starting DemoApplication using Java 21.0.11 with PID 34168 (C:\Users\soliveri\workspace\BE\simple-fetch-data\target\classes started by soliveri in C:\Users\soliveri\workspace\BE\simple-fetch-data)
2026-08-05T15:48:32.347+02:00  INFO 34168 --- [simpleFetchData] [main] it.eng.spring.demo.DemoApplication       : No active profile set, falling back to 1 default profile: "default"
2026-08-05T15:48:33.669+02:00  INFO 34168 --- [simpleFetchData] [main] .s.d.r.c.RepositoryConfigurationDelegate : Bootstrapping Spring Data JPA repositories in DEFAULT mode.
2026-08-05T15:48:33.761+02:00  INFO 34168 --- [simpleFetchData] [main] .s.d.r.c.RepositoryConfigurationDelegate : Finished Spring Data repository scanning in 64 ms. Found 1 JPA repository interface.
2026-08-05T15:48:34.548+02:00  INFO 34168 --- [simpleFetchData] [main] o.s.boot.tomcat.TomcatWebServer          : Tomcat initialized with port 8080 (http)
2026-08-05T15:48:34.580+02:00  INFO 34168 --- [simpleFetchData] [main] o.apache.catalina.core.StandardService   : Starting service [Tomcat]
2026-08-05T15:48:34.580+02:00  INFO 34168 --- [simpleFetchData] [main] o.apache.catalina.core.StandardEngine    : Starting Servlet engine: [Apache Tomcat/11.0.22]
2026-08-05T15:48:34.675+02:00  INFO 34168 --- [simpleFetchData] [main] b.w.c.s.WebApplicationContextInitializer : Root WebApplicationContext: initialization completed in 2248 ms
2026-08-05T15:48:34.972+02:00  INFO 34168 --- [simpleFetchData] [main] org.hibernate.orm.jpa                    : HHH008540: Processing PersistenceUnitInfo [name: default]
2026-08-05T15:48:35.074+02:00  INFO 34168 --- [simpleFetchData] [main] org.hibernate.orm.core                   : HHH000001: Hibernate ORM core version 7.4.1.Final
2026-08-05T15:48:35.777+02:00  INFO 34168 --- [simpleFetchData] [main] o.s.o.j.p.SpringPersistenceUnitInfo      : No LoadTimeWeaver setup: ignoring JPA class transformer
2026-08-05T15:48:35.817+02:00  INFO 34168 --- [simpleFetchData] [main] com.zaxxer.hikari.HikariDataSource       : HikariPool-1 - Starting...
2026-08-05T15:48:36.073+02:00  INFO 34168 --- [simpleFetchData] [main] com.zaxxer.hikari.pool.HikariPool        : HikariPool-1 - Added connection conn0: url=jdbc:h2:file:./db/clienti user=SA
2026-08-05T15:48:36.077+02:00  INFO 34168 --- [simpleFetchData] [main] com.zaxxer.hikari.HikariDataSource       : HikariPool-1 - Start completed.
2026-08-05T15:48:36.146+02:00  INFO 34168 --- [simpleFetchData] [main] org.hibernate.orm.connections.pooling    : HHH10001005: Database info:
	Database JDBC URL [jdbc:h2:file:./db/clienti]
	Database driver: H2 JDBC Driver
	Database dialect: H2Dialect
	Database version: 2.4.240
	Default catalog/schema: CLIENTI/PUBLIC
	Autocommit mode: undefined/unknown
	Isolation level: READ_COMMITTED [default READ_COMMITTED]
	JDBC fetch size: 100
	Pool: DataSourceConnectionProvider
	Minimum pool size: undefined/unknown
	Maximum pool size: undefined/unknown
2026-08-05T15:48:37.199+02:00  INFO 34168 --- [simpleFetchData] [main] org.hibernate.orm.core                   : HHH000489: No JTA platform available (set 'hibernate.transaction.jta.platform' to enable JTA platform integration)
2026-08-05T15:48:37.270+02:00  INFO 34168 --- [simpleFetchData] [main] j.LocalContainerEntityManagerFactoryBean : Initialized JPA EntityManagerFactory for persistence unit 'default'
2026-08-05T15:48:37.387+02:00  INFO 34168 --- [simpleFetchData] [main] o.s.d.j.r.query.QueryEnhancerFactories   : Hibernate is in classpath; If applicable, HQL parser will be used.
2026-08-05T15:48:37.711+02:00  WARN 34168 --- [simpleFetchData] [main] JpaBaseConfiguration$JpaWebConfiguration : spring.jpa.open-in-view is enabled by default. Therefore, database queries may be performed during view rendering. Explicitly configure spring.jpa.open-in-view to disable this warning
2026-08-05T15:48:38.341+02:00  INFO 34168 --- [simpleFetchData] [main] o.s.b.h.a.H2ConsoleAutoConfiguration     : H2 console available at '/h2-console'. Database available at 'jdbc:h2:file:./db/clienti'
2026-08-05T15:48:38.458+02:00  INFO 34168 --- [simpleFetchData] [main] o.s.boot.tomcat.TomcatWebServer          : Tomcat started on port 8080 (http) with context path '/'
2026-08-05T15:48:38.469+02:00  INFO 34168 --- [simpleFetchData] [main] it.eng.spring.demo.DemoApplication       : Started DemoApplication in 6.739 seconds (process running for 7.32)
2026-08-05T15:49:09.217+02:00  INFO 34168 --- [simpleFetchData] [http-nio-8080-exec-1] o.a.c.c.C.[Tomcat].[localhost].[/]       : Initializing Spring DispatcherServlet 'dispatcherServlet'
2026-08-05T15:49:09.219+02:00  INFO 34168 --- [simpleFetchData] [http-nio-8080-exec-1] o.s.web.servlet.DispatcherServlet        : Initializing Servlet 'dispatcherServlet'
2026-08-05T15:49:09.224+02:00  INFO 34168 --- [simpleFetchData] [http-nio-8080-exec-1] o.s.web.servlet.DispatcherServlet        : Completed initialization in 5 ms
2026-08-05T15:59:07.569+02:00  INFO 16776 --- [simpleFetchData] [main] it.eng.spring.demo.DemoApplication       : Starting DemoApplication using Java 21.0.11 with PID 16776 (C:\Users\soliveri\workspace\BE\simple-fetch-data\target\classes started by soliveri in C:\Users\soliveri\workspace\BE\simple-fetch-data)
2026-08-05T15:59:07.573+02:00  INFO 16776 --- [simpleFetchData] [main] it.eng.spring.demo.DemoApplication       : No active profile set, falling back to 1 default profile: "default"
2026-08-05T15:59:08.888+02:00  INFO 16776 --- [simpleFetchData] [main] .s.d.r.c.RepositoryConfigurationDelegate : Bootstrapping Spring Data JPA repositories in DEFAULT mode.
2026-08-05T15:59:08.943+02:00  INFO 16776 --- [simpleFetchData] [main] .s.d.r.c.RepositoryConfigurationDelegate : Finished Spring Data repository scanning in 44 ms. Found 1 JPA repository interface.
2026-08-05T15:59:09.647+02:00  INFO 16776 --- [simpleFetchData] [main] o.s.boot.tomcat.TomcatWebServer          : Tomcat initialized with port 8080 (http)
2026-08-05T15:59:09.691+02:00  INFO 16776 --- [simpleFetchData] [main] o.apache.catalina.core.StandardService   : Starting service [Tomcat]
2026-08-05T15:59:09.692+02:00  INFO 16776 --- [simpleFetchData] [main] o.apache.catalina.core.StandardEngine    : Starting Servlet engine: [Apache Tomcat/11.0.22]
2026-08-05T15:59:09.765+02:00  INFO 16776 --- [simpleFetchData] [main] b.w.c.s.WebApplicationContextInitializer : Root WebApplicationContext: initialization completed in 2121 ms
2026-08-05T15:59:10.074+02:00  INFO 16776 --- [simpleFetchData] [main] org.hibernate.orm.jpa                    : HHH008540: Processing PersistenceUnitInfo [name: default]
2026-08-05T15:59:10.200+02:00  INFO 16776 --- [simpleFetchData] [main] org.hibernate.orm.core                   : HHH000001: Hibernate ORM core version 7.4.1.Final
2026-08-05T15:59:10.947+02:00  INFO 16776 --- [simpleFetchData] [main] o.s.o.j.p.SpringPersistenceUnitInfo      : No LoadTimeWeaver setup: ignoring JPA class transformer
2026-08-05T15:59:10.997+02:00  INFO 16776 --- [simpleFetchData] [main] com.zaxxer.hikari.HikariDataSource       : HikariPool-1 - Starting...
2026-08-05T15:59:11.255+02:00  INFO 16776 --- [simpleFetchData] [main] com.zaxxer.hikari.pool.HikariPool        : HikariPool-1 - Added connection conn0: url=jdbc:h2:file:./db/clienti user=SA
2026-08-05T15:59:11.258+02:00  INFO 16776 --- [simpleFetchData] [main] com.zaxxer.hikari.HikariDataSource       : HikariPool-1 - Start completed.
2026-08-05T15:59:11.329+02:00  INFO 16776 --- [simpleFetchData] [main] org.hibernate.orm.connections.pooling    : HHH10001005: Database info:
	Database JDBC URL [jdbc:h2:file:./db/clienti]
	Database driver: H2 JDBC Driver
	Database dialect: H2Dialect
	Database version: 2.4.240
	Default catalog/schema: CLIENTI/PUBLIC
	Autocommit mode: undefined/unknown
	Isolation level: READ_COMMITTED [default READ_COMMITTED]
	JDBC fetch size: 100
	Pool: DataSourceConnectionProvider
	Minimum pool size: undefined/unknown
	Maximum pool size: undefined/unknown
2026-08-05T15:59:12.402+02:00  INFO 16776 --- [simpleFetchData] [main] org.hibernate.orm.core                   : HHH000489: No JTA platform available (set 'hibernate.transaction.jta.platform' to enable JTA platform integration)
2026-08-05T15:59:12.473+02:00  INFO 16776 --- [simpleFetchData] [main] j.LocalContainerEntityManagerFactoryBean : Initialized JPA EntityManagerFactory for persistence unit 'default'
2026-08-05T15:59:12.593+02:00  INFO 16776 --- [simpleFetchData] [main] o.s.d.j.r.query.QueryEnhancerFactories   : Hibernate is in classpath; If applicable, HQL parser will be used.
2026-08-05T15:59:12.918+02:00  WARN 16776 --- [simpleFetchData] [main] JpaBaseConfiguration$JpaWebConfiguration : spring.jpa.open-in-view is enabled by default. Therefore, database queries may be performed during view rendering. Explicitly configure spring.jpa.open-in-view to disable this warning
2026-08-05T15:59:13.524+02:00  INFO 16776 --- [simpleFetchData] [main] o.s.b.h.a.H2ConsoleAutoConfiguration     : H2 console available at '/h2-console'. Database available at 'jdbc:h2:file:./db/clienti'
2026-08-05T15:59:13.660+02:00  INFO 16776 --- [simpleFetchData] [main] o.s.boot.tomcat.TomcatWebServer          : Tomcat started on port 8080 (http) with context path '/'
2026-08-05T15:59:13.684+02:00  INFO 16776 --- [simpleFetchData] [main] it.eng.spring.demo.DemoApplication       : Started DemoApplication in 6.744 seconds (process running for 7.326)
2026-08-05T15:59:34.655+02:00  INFO 16776 --- [simpleFetchData] [http-nio-8080-exec-1] o.a.c.c.C.[Tomcat].[localhost].[/]       : Initializing Spring DispatcherServlet 'dispatcherServlet'
2026-08-05T15:59:34.656+02:00  INFO 16776 --- [simpleFetchData] [http-nio-8080-exec-1] o.s.web.servlet.DispatcherServlet        : Initializing Servlet 'dispatcherServlet'
2026-08-05T15:59:34.659+02:00  INFO 16776 --- [simpleFetchData] [http-nio-8080-exec-1] o.s.web.servlet.DispatcherServlet        : Completed initialization in 2 ms
2026-08-05T15:59:34.838+02:00  INFO 16776 --- [simpleFetchData] [http-nio-8080-exec-1] i.e.s.demo.controller.ClienteController  : sdvfsdvg4d6fgv4aef89
2026-08-05T15:59:35.022+02:00  INFO 16776 --- [simpleFetchData] [http-nio-8080-exec-1] i.e.s.demo.controller.ClienteController  : Cliente trovato: Svitlana Oliveri
2026-08-05T15:59:47.105+02:00  INFO 16776 --- [simpleFetchData] [http-nio-8080-exec-2] i.e.s.demo.controller.ClienteController  : sdvfsdvg4d6fgv4aef89
2026-08-05T15:59:47.109+02:00 ERROR 16776 --- [simpleFetchData] [http-nio-8080-exec-2] o.a.c.c.C.[.[.[/].[dispatcherServlet]    : Servlet.service() for servlet [dispatcherServlet] in context with path [] threw exception [Request processing failed: java.util.NoSuchElementException: No value present] with root cause

java.util.NoSuchElementException: No value present
	at java.base/java.util.Optional.get(Optional.java:143) ~[na:na]
	at it.eng.spring.demo.services.ClienteService.getSpecificClient(ClienteService.java:47) ~[classes/:na]
	at it.eng.spring.demo.controller.ClienteController.getSpecificClient(ClienteController.java:79) ~[classes/:na]
	at java.base/jdk.internal.reflect.DirectMethodHandleAccessor.invoke(DirectMethodHandleAccessor.java:103) ~[na:na]
	at java.base/java.lang.reflect.Method.invoke(Method.java:580) ~[na:na]
	at org.springframework.web.method.support.InvocableHandlerMethod.doInvoke(InvocableHandlerMethod.java:252) ~[spring-web-7.0.8.jar:7.0.8]
	at org.springframework.web.method.support.InvocableHandlerMethod.invokeForRequest(InvocableHandlerMethod.java:184) ~[spring-web-7.0.8.jar:7.0.8]
	at org.springframework.web.servlet.mvc.method.annotation.ServletInvocableHandlerMethod.invokeAndHandle(ServletInvocableHandlerMethod.java:117) ~[spring-webmvc-7.0.8.jar:7.0.8]
	at org.springframework.web.servlet.mvc.method.annotation.RequestMappingHandlerAdapter.invokeHandlerMethod(RequestMappingHandlerAdapter.java:934) ~[spring-webmvc-7.0.8.jar:7.0.8]
	at org.springframework.web.servlet.mvc.method.annotation.RequestMappingHandlerAdapter.handleInternal(RequestMappingHandlerAdapter.java:853) ~[spring-webmvc-7.0.8.jar:7.0.8]
	at org.springframework.web.servlet.mvc.method.AbstractHandlerMethodAdapter.handle(AbstractHandlerMethodAdapter.java:86) ~[spring-webmvc-7.0.8.jar:7.0.8]
	at org.springframework.web.servlet.DispatcherServlet.doDispatch(DispatcherServlet.java:963) ~[spring-webmvc-7.0.8.jar:7.0.8]
	at org.springframework.web.servlet.DispatcherServlet.doService(DispatcherServlet.java:866) ~[spring-webmvc-7.0.8.jar:7.0.8]
	at org.springframework.web.servlet.FrameworkServlet.processRequest(FrameworkServlet.java:1000) ~[spring-webmvc-7.0.8.jar:7.0.8]
	at org.springframework.web.servlet.FrameworkServlet.doGet(FrameworkServlet.java:892) ~[spring-webmvc-7.0.8.jar:7.0.8]
	at jakarta.servlet.http.HttpServlet.service(HttpServlet.java:622) ~[tomcat-embed-core-11.0.22.jar:6.1]
	at org.springframework.web.servlet.FrameworkServlet.service(FrameworkServlet.java:874) ~[spring-webmvc-7.0.8.jar:7.0.8]
	at jakarta.servlet.http.HttpServlet.service(HttpServlet.java:710) ~[tomcat-embed-core-11.0.22.jar:6.1]
	at org.apache.catalina.core.ApplicationFilterChain.doFilter(ApplicationFilterChain.java:128) ~[tomcat-embed-core-11.0.22.jar:11.0.22]
	at org.apache.tomcat.websocket.server.WsFilter.doFilter(WsFilter.java:53) ~[tomcat-embed-websocket-11.0.22.jar:11.0.22]
	at org.apache.catalina.core.ApplicationFilterChain.doFilter(ApplicationFilterChain.java:107) ~[tomcat-embed-core-11.0.22.jar:11.0.22]
	at org.springframework.web.filter.RequestContextFilter.doFilterInternal(RequestContextFilter.java:100) ~[spring-web-7.0.8.jar:7.0.8]
	at org.springframework.web.filter.OncePerRequestFilter.doFilter(OncePerRequestFilter.java:116) ~[spring-web-7.0.8.jar:7.0.8]
	at org.apache.catalina.core.ApplicationFilterChain.doFilter(ApplicationFilterChain.java:107) ~[tomcat-embed-core-11.0.22.jar:11.0.22]
	at org.springframework.web.filter.FormContentFilter.doFilterInternal(FormContentFilter.java:93) ~[spring-web-7.0.8.jar:7.0.8]
	at org.springframework.web.filter.OncePerRequestFilter.doFilter(OncePerRequestFilter.java:116) ~[spring-web-7.0.8.jar:7.0.8]
	at org.apache.catalina.core.ApplicationFilterChain.doFilter(ApplicationFilterChain.java:107) ~[tomcat-embed-core-11.0.22.jar:11.0.22]
	at org.springframework.web.filter.CharacterEncodingFilter.doFilterInternal(CharacterEncodingFilter.java:199) ~[spring-web-7.0.8.jar:7.0.8]
	at org.springframework.web.filter.OncePerRequestFilter.doFilter(OncePerRequestFilter.java:116) ~[spring-web-7.0.8.jar:7.0.8]
	at org.apache.catalina.core.ApplicationFilterChain.doFilter(ApplicationFilterChain.java:107) ~[tomcat-embed-core-11.0.22.jar:11.0.22]
	at org.apache.catalina.core.StandardWrapperValve.invoke(StandardWrapperValve.java:165) ~[tomcat-embed-core-11.0.22.jar:11.0.22]
	at org.apache.catalina.core.StandardContextValve.invoke(StandardContextValve.java:77) ~[tomcat-embed-core-11.0.22.jar:11.0.22]
	at org.apache.catalina.authenticator.AuthenticatorBase.invoke(AuthenticatorBase.java:492) ~[tomcat-embed-core-11.0.22.jar:11.0.22]
	at org.apache.catalina.core.StandardHostValve.invoke(StandardHostValve.java:113) ~[tomcat-embed-core-11.0.22.jar:11.0.22]
	at org.apache.catalina.valves.ErrorReportValve.invoke(ErrorReportValve.java:83) ~[tomcat-embed-core-11.0.22.jar:11.0.22]
	at org.apache.catalina.core.StandardEngineValve.invoke(StandardEngineValve.java:72) ~[tomcat-embed-core-11.0.22.jar:11.0.22]
	at org.apache.catalina.connector.CoyoteAdapter.service(CoyoteAdapter.java:341) ~[tomcat-embed-core-11.0.22.jar:11.0.22]
	at org.apache.coyote.http11.Http11Processor.service(Http11Processor.java:397) ~[tomcat-embed-core-11.0.22.jar:11.0.22]
	at org.apache.coyote.AbstractProcessorLight.process(AbstractProcessorLight.java:63) ~[tomcat-embed-core-11.0.22.jar:11.0.22]
	at org.apache.coyote.AbstractProtocol$ConnectionHandler.process(AbstractProtocol.java:1272) ~[tomcat-embed-core-11.0.22.jar:11.0.22]
	at org.apache.tomcat.util.net.NioEndpoint$SocketProcessor.doRun(NioEndpoint.java:1801) ~[tomcat-embed-core-11.0.22.jar:11.0.22]
	at org.apache.tomcat.util.net.SocketProcessorBase.run(SocketProcessorBase.java:52) ~[tomcat-embed-core-11.0.22.jar:11.0.22]
	at org.apache.tomcat.util.threads.ThreadPoolExecutor.runWorker(ThreadPoolExecutor.java:946) ~[tomcat-embed-core-11.0.22.jar:11.0.22]
	at org.apache.tomcat.util.threads.ThreadPoolExecutor$Worker.run(ThreadPoolExecutor.java:480) ~[tomcat-embed-core-11.0.22.jar:11.0.22]
	at org.apache.tomcat.util.threads.TaskThread$WrappingRunnable.run(TaskThread.java:57) ~[tomcat-embed-core-11.0.22.jar:11.0.22]
	at java.base/java.lang.Thread.run(Thread.java:1583) ~[na:na]

2026-08-05T16:02:46.439+02:00  INFO 23108 --- [simpleFetchData] [main] it.eng.spring.demo.DemoApplication       : Starting DemoApplication using Java 21.0.11 with PID 23108 (C:\Users\soliveri\workspace\BE\simple-fetch-data\target\classes started by soliveri in C:\Users\soliveri\workspace\BE\simple-fetch-data)
2026-08-05T16:02:46.454+02:00  INFO 23108 --- [simpleFetchData] [main] it.eng.spring.demo.DemoApplication       : No active profile set, falling back to 1 default profile: "default"
2026-08-05T16:02:48.134+02:00  INFO 23108 --- [simpleFetchData] [main] .s.d.r.c.RepositoryConfigurationDelegate : Bootstrapping Spring Data JPA repositories in DEFAULT mode.
2026-08-05T16:02:48.227+02:00  INFO 23108 --- [simpleFetchData] [main] .s.d.r.c.RepositoryConfigurationDelegate : Finished Spring Data repository scanning in 74 ms. Found 1 JPA repository interface.
2026-08-05T16:02:49.177+02:00  INFO 23108 --- [simpleFetchData] [main] o.s.boot.tomcat.TomcatWebServer          : Tomcat initialized with port 8080 (http)
2026-08-05T16:02:49.212+02:00  INFO 23108 --- [simpleFetchData] [main] o.apache.catalina.core.StandardService   : Starting service [Tomcat]
2026-08-05T16:02:49.214+02:00  INFO 23108 --- [simpleFetchData] [main] o.apache.catalina.core.StandardEngine    : Starting Servlet engine: [Apache Tomcat/11.0.22]
2026-08-05T16:02:49.318+02:00  INFO 23108 --- [simpleFetchData] [main] b.w.c.s.WebApplicationContextInitializer : Root WebApplicationContext: initialization completed in 2763 ms
2026-08-05T16:02:49.754+02:00  INFO 23108 --- [simpleFetchData] [main] org.hibernate.orm.jpa                    : HHH008540: Processing PersistenceUnitInfo [name: default]
2026-08-05T16:02:49.884+02:00  INFO 23108 --- [simpleFetchData] [main] org.hibernate.orm.core                   : HHH000001: Hibernate ORM core version 7.4.1.Final
2026-08-05T16:02:50.811+02:00  INFO 23108 --- [simpleFetchData] [main] o.s.o.j.p.SpringPersistenceUnitInfo      : No LoadTimeWeaver setup: ignoring JPA class transformer
2026-08-05T16:02:50.872+02:00  INFO 23108 --- [simpleFetchData] [main] com.zaxxer.hikari.HikariDataSource       : HikariPool-1 - Starting...
2026-08-05T16:02:51.156+02:00  INFO 23108 --- [simpleFetchData] [main] com.zaxxer.hikari.pool.HikariPool        : HikariPool-1 - Added connection conn0: url=jdbc:h2:file:./db/clienti user=SA
2026-08-05T16:02:51.158+02:00  INFO 23108 --- [simpleFetchData] [main] com.zaxxer.hikari.HikariDataSource       : HikariPool-1 - Start completed.
2026-08-05T16:02:51.230+02:00  INFO 23108 --- [simpleFetchData] [main] org.hibernate.orm.connections.pooling    : HHH10001005: Database info:
	Database JDBC URL [jdbc:h2:file:./db/clienti]
	Database driver: H2 JDBC Driver
	Database dialect: H2Dialect
	Database version: 2.4.240
	Default catalog/schema: CLIENTI/PUBLIC
	Autocommit mode: undefined/unknown
	Isolation level: READ_COMMITTED [default READ_COMMITTED]
	JDBC fetch size: 100
	Pool: DataSourceConnectionProvider
	Minimum pool size: undefined/unknown
	Maximum pool size: undefined/unknown
2026-08-05T16:02:52.340+02:00  INFO 23108 --- [simpleFetchData] [main] org.hibernate.orm.core                   : HHH000489: No JTA platform available (set 'hibernate.transaction.jta.platform' to enable JTA platform integration)
2026-08-05T16:02:52.415+02:00  INFO 23108 --- [simpleFetchData] [main] j.LocalContainerEntityManagerFactoryBean : Initialized JPA EntityManagerFactory for persistence unit 'default'
2026-08-05T16:02:52.565+02:00  INFO 23108 --- [simpleFetchData] [main] o.s.d.j.r.query.QueryEnhancerFactories   : Hibernate is in classpath; If applicable, HQL parser will be used.
2026-08-05T16:02:52.969+02:00  WARN 23108 --- [simpleFetchData] [main] JpaBaseConfiguration$JpaWebConfiguration : spring.jpa.open-in-view is enabled by default. Therefore, database queries may be performed during view rendering. Explicitly configure spring.jpa.open-in-view to disable this warning
2026-08-05T16:02:53.717+02:00  INFO 23108 --- [simpleFetchData] [main] o.s.b.h.a.H2ConsoleAutoConfiguration     : H2 console available at '/h2-console'. Database available at 'jdbc:h2:file:./db/clienti'
2026-08-05T16:02:53.853+02:00  INFO 23108 --- [simpleFetchData] [main] o.s.boot.tomcat.TomcatWebServer          : Tomcat started on port 8080 (http) with context path '/'
2026-08-05T16:02:53.869+02:00  INFO 23108 --- [simpleFetchData] [main] it.eng.spring.demo.DemoApplication       : Started DemoApplication in 8.248 seconds (process running for 8.95)
2026-08-05T16:02:56.544+02:00  INFO 23108 --- [simpleFetchData] [http-nio-8080-exec-2] o.a.c.c.C.[Tomcat].[localhost].[/]       : Initializing Spring DispatcherServlet 'dispatcherServlet'
2026-08-05T16:02:56.545+02:00  INFO 23108 --- [simpleFetchData] [http-nio-8080-exec-2] o.s.web.servlet.DispatcherServlet        : Initializing Servlet 'dispatcherServlet'
2026-08-05T16:02:56.547+02:00  INFO 23108 --- [simpleFetchData] [http-nio-8080-exec-2] o.s.web.servlet.DispatcherServlet        : Completed initialization in 2 ms
2026-08-05T16:02:56.764+02:00  INFO 23108 --- [simpleFetchData] [http-nio-8080-exec-2] i.e.s.demo.controller.ClienteController  : sdvfsdvg4d6fgv4aef89
2026-08-05T16:08:40.060+02:00  INFO 36052 --- [simpleFetchData] [main] it.eng.spring.demo.DemoApplication       : Starting DemoApplication using Java 21.0.11 with PID 36052 (C:\Users\soliveri\workspace\BE\simple-fetch-data\target\classes started by soliveri in C:\Users\soliveri\workspace\BE\simple-fetch-data)
2026-08-05T16:08:40.067+02:00  INFO 36052 --- [simpleFetchData] [main] it.eng.spring.demo.DemoApplication       : No active profile set, falling back to 1 default profile: "default"
2026-08-05T16:08:41.774+02:00  INFO 36052 --- [simpleFetchData] [main] .s.d.r.c.RepositoryConfigurationDelegate : Bootstrapping Spring Data JPA repositories in DEFAULT mode.
2026-08-05T16:08:41.885+02:00  INFO 36052 --- [simpleFetchData] [main] .s.d.r.c.RepositoryConfigurationDelegate : Finished Spring Data repository scanning in 89 ms. Found 1 JPA repository interface.
2026-08-05T16:08:42.699+02:00  INFO 36052 --- [simpleFetchData] [main] o.s.boot.tomcat.TomcatWebServer          : Tomcat initialized with port 8080 (http)
2026-08-05T16:08:42.727+02:00  INFO 36052 --- [simpleFetchData] [main] o.apache.catalina.core.StandardService   : Starting service [Tomcat]
2026-08-05T16:08:42.728+02:00  INFO 36052 --- [simpleFetchData] [main] o.apache.catalina.core.StandardEngine    : Starting Servlet engine: [Apache Tomcat/11.0.22]
2026-08-05T16:08:42.821+02:00  INFO 36052 --- [simpleFetchData] [main] b.w.c.s.WebApplicationContextInitializer : Root WebApplicationContext: initialization completed in 2678 ms
2026-08-05T16:08:43.205+02:00  INFO 36052 --- [simpleFetchData] [main] org.hibernate.orm.jpa                    : HHH008540: Processing PersistenceUnitInfo [name: default]
2026-08-05T16:08:43.324+02:00  INFO 36052 --- [simpleFetchData] [main] org.hibernate.orm.core                   : HHH000001: Hibernate ORM core version 7.4.1.Final
2026-08-05T16:08:44.224+02:00  INFO 36052 --- [simpleFetchData] [main] o.s.o.j.p.SpringPersistenceUnitInfo      : No LoadTimeWeaver setup: ignoring JPA class transformer
2026-08-05T16:08:44.284+02:00  INFO 36052 --- [simpleFetchData] [main] com.zaxxer.hikari.HikariDataSource       : HikariPool-1 - Starting...
2026-08-05T16:08:44.581+02:00  INFO 36052 --- [simpleFetchData] [main] com.zaxxer.hikari.pool.HikariPool        : HikariPool-1 - Added connection conn0: url=jdbc:h2:file:./db/clienti user=SA
2026-08-05T16:08:44.585+02:00  INFO 36052 --- [simpleFetchData] [main] com.zaxxer.hikari.HikariDataSource       : HikariPool-1 - Start completed.
2026-08-05T16:08:44.668+02:00  INFO 36052 --- [simpleFetchData] [main] org.hibernate.orm.connections.pooling    : HHH10001005: Database info:
	Database JDBC URL [jdbc:h2:file:./db/clienti]
	Database driver: H2 JDBC Driver
	Database dialect: H2Dialect
	Database version: 2.4.240
	Default catalog/schema: CLIENTI/PUBLIC
	Autocommit mode: undefined/unknown
	Isolation level: READ_COMMITTED [default READ_COMMITTED]
	JDBC fetch size: 100
	Pool: DataSourceConnectionProvider
	Minimum pool size: undefined/unknown
	Maximum pool size: undefined/unknown
2026-08-05T16:08:45.735+02:00  INFO 36052 --- [simpleFetchData] [main] org.hibernate.orm.core                   : HHH000489: No JTA platform available (set 'hibernate.transaction.jta.platform' to enable JTA platform integration)
2026-08-05T16:08:45.798+02:00  INFO 36052 --- [simpleFetchData] [main] j.LocalContainerEntityManagerFactoryBean : Initialized JPA EntityManagerFactory for persistence unit 'default'
2026-08-05T16:08:45.964+02:00  INFO 36052 --- [simpleFetchData] [main] o.s.d.j.r.query.QueryEnhancerFactories   : Hibernate is in classpath; If applicable, HQL parser will be used.
2026-08-05T16:08:46.292+02:00  WARN 36052 --- [simpleFetchData] [main] JpaBaseConfiguration$JpaWebConfiguration : spring.jpa.open-in-view is enabled by default. Therefore, database queries may be performed during view rendering. Explicitly configure spring.jpa.open-in-view to disable this warning
2026-08-05T16:08:47.032+02:00  INFO 36052 --- [simpleFetchData] [main] o.s.b.h.a.H2ConsoleAutoConfiguration     : H2 console available at '/h2-console'. Database available at 'jdbc:h2:file:./db/clienti'
2026-08-05T16:08:47.153+02:00  INFO 36052 --- [simpleFetchData] [main] o.s.boot.tomcat.TomcatWebServer          : Tomcat started on port 8080 (http) with context path '/'
2026-08-05T16:08:47.165+02:00  INFO 36052 --- [simpleFetchData] [main] it.eng.spring.demo.DemoApplication       : Started DemoApplication in 7.782 seconds (process running for 8.452)
2026-08-05T16:09:02.307+02:00  INFO 36052 --- [simpleFetchData] [http-nio-8080-exec-1] o.a.c.c.C.[Tomcat].[localhost].[/]       : Initializing Spring DispatcherServlet 'dispatcherServlet'
2026-08-05T16:09:02.308+02:00  INFO 36052 --- [simpleFetchData] [http-nio-8080-exec-1] o.s.web.servlet.DispatcherServlet        : Initializing Servlet 'dispatcherServlet'
2026-08-05T16:09:02.311+02:00  INFO 36052 --- [simpleFetchData] [http-nio-8080-exec-1] o.s.web.servlet.DispatcherServlet        : Completed initialization in 3 ms
2026-08-05T16:16:26.615+02:00  INFO 23952 --- [simpleFetchData] [main] it.eng.spring.demo.DemoApplication       : Starting DemoApplication using Java 21.0.11 with PID 23952 (C:\Users\soliveri\workspace\BE\simple-fetch-data\target\classes started by soliveri in C:\Users\soliveri\workspace\BE\simple-fetch-data)
2026-08-05T16:16:26.621+02:00  INFO 23952 --- [simpleFetchData] [main] it.eng.spring.demo.DemoApplication       : No active profile set, falling back to 1 default profile: "default"
2026-08-05T16:16:28.037+02:00  INFO 23952 --- [simpleFetchData] [main] .s.d.r.c.RepositoryConfigurationDelegate : Bootstrapping Spring Data JPA repositories in DEFAULT mode.
2026-08-05T16:16:28.112+02:00  INFO 23952 --- [simpleFetchData] [main] .s.d.r.c.RepositoryConfigurationDelegate : Finished Spring Data repository scanning in 53 ms. Found 1 JPA repository interface.
2026-08-05T16:16:28.837+02:00  INFO 23952 --- [simpleFetchData] [main] o.s.boot.tomcat.TomcatWebServer          : Tomcat initialized with port 8080 (http)
2026-08-05T16:16:28.880+02:00  INFO 23952 --- [simpleFetchData] [main] o.apache.catalina.core.StandardService   : Starting service [Tomcat]
2026-08-05T16:16:28.880+02:00  INFO 23952 --- [simpleFetchData] [main] o.apache.catalina.core.StandardEngine    : Starting Servlet engine: [Apache Tomcat/11.0.22]
2026-08-05T16:16:28.998+02:00  INFO 23952 --- [simpleFetchData] [main] b.w.c.s.WebApplicationContextInitializer : Root WebApplicationContext: initialization completed in 2298 ms
2026-08-05T16:16:29.369+02:00  INFO 23952 --- [simpleFetchData] [main] org.hibernate.orm.jpa                    : HHH008540: Processing PersistenceUnitInfo [name: default]
2026-08-05T16:16:29.479+02:00  INFO 23952 --- [simpleFetchData] [main] org.hibernate.orm.core                   : HHH000001: Hibernate ORM core version 7.4.1.Final
2026-08-05T16:16:30.142+02:00  INFO 23952 --- [simpleFetchData] [main] o.s.o.j.p.SpringPersistenceUnitInfo      : No LoadTimeWeaver setup: ignoring JPA class transformer
2026-08-05T16:16:30.177+02:00  INFO 23952 --- [simpleFetchData] [main] com.zaxxer.hikari.HikariDataSource       : HikariPool-1 - Starting...
2026-08-05T16:16:30.424+02:00  INFO 23952 --- [simpleFetchData] [main] com.zaxxer.hikari.pool.HikariPool        : HikariPool-1 - Added connection conn0: url=jdbc:h2:file:./db/clienti user=SA
2026-08-05T16:16:30.427+02:00  INFO 23952 --- [simpleFetchData] [main] com.zaxxer.hikari.HikariDataSource       : HikariPool-1 - Start completed.
2026-08-05T16:16:30.514+02:00  INFO 23952 --- [simpleFetchData] [main] org.hibernate.orm.connections.pooling    : HHH10001005: Database info:
	Database JDBC URL [jdbc:h2:file:./db/clienti]
	Database driver: H2 JDBC Driver
	Database dialect: H2Dialect
	Database version: 2.4.240
	Default catalog/schema: CLIENTI/PUBLIC
	Autocommit mode: undefined/unknown
	Isolation level: READ_COMMITTED [default READ_COMMITTED]
	JDBC fetch size: 100
	Pool: DataSourceConnectionProvider
	Minimum pool size: undefined/unknown
	Maximum pool size: undefined/unknown
2026-08-05T16:16:31.603+02:00  INFO 23952 --- [simpleFetchData] [main] org.hibernate.orm.core                   : HHH000489: No JTA platform available (set 'hibernate.transaction.jta.platform' to enable JTA platform integration)
2026-08-05T16:16:31.666+02:00  INFO 23952 --- [simpleFetchData] [main] j.LocalContainerEntityManagerFactoryBean : Initialized JPA EntityManagerFactory for persistence unit 'default'
2026-08-05T16:16:31.785+02:00  INFO 23952 --- [simpleFetchData] [main] o.s.d.j.r.query.QueryEnhancerFactories   : Hibernate is in classpath; If applicable, HQL parser will be used.
2026-08-05T16:16:32.095+02:00  WARN 23952 --- [simpleFetchData] [main] JpaBaseConfiguration$JpaWebConfiguration : spring.jpa.open-in-view is enabled by default. Therefore, database queries may be performed during view rendering. Explicitly configure spring.jpa.open-in-view to disable this warning
2026-08-05T16:16:32.718+02:00  INFO 23952 --- [simpleFetchData] [main] o.s.b.h.a.H2ConsoleAutoConfiguration     : H2 console available at '/h2-console'. Database available at 'jdbc:h2:file:./db/clienti'
2026-08-05T16:16:32.857+02:00  INFO 23952 --- [simpleFetchData] [main] o.s.boot.tomcat.TomcatWebServer          : Tomcat started on port 8080 (http) with context path '/'
2026-08-05T16:16:32.868+02:00  INFO 23952 --- [simpleFetchData] [main] it.eng.spring.demo.DemoApplication       : Started DemoApplication in 6.969 seconds (process running for 7.633)
2026-08-05T16:16:52.759+02:00  INFO 23952 --- [simpleFetchData] [http-nio-8080-exec-1] o.a.c.c.C.[Tomcat].[localhost].[/]       : Initializing Spring DispatcherServlet 'dispatcherServlet'
2026-08-05T16:16:52.761+02:00  INFO 23952 --- [simpleFetchData] [http-nio-8080-exec-1] o.s.web.servlet.DispatcherServlet        : Initializing Servlet 'dispatcherServlet'
2026-08-05T16:16:52.763+02:00  INFO 23952 --- [simpleFetchData] [http-nio-8080-exec-1] o.s.web.servlet.DispatcherServlet        : Completed initialization in 2 ms
2026-08-05T16:17:36.222+02:00  INFO 11692 --- [simpleFetchData] [main] it.eng.spring.demo.DemoApplication       : Starting DemoApplication using Java 21.0.11 with PID 11692 (C:\Users\soliveri\workspace\BE\simple-fetch-data\target\classes started by soliveri in C:\Users\soliveri\workspace\BE\simple-fetch-data)
2026-08-05T16:17:36.245+02:00  INFO 11692 --- [simpleFetchData] [main] it.eng.spring.demo.DemoApplication       : No active profile set, falling back to 1 default profile: "default"
2026-08-05T16:17:38.735+02:00  INFO 13216 --- [simpleFetchData] [main] it.eng.spring.demo.DemoApplication       : Starting DemoApplication using Java 21.0.11 with PID 13216 (C:\Users\soliveri\workspace\BE\simple-fetch-data\target\classes started by soliveri in C:\Users\soliveri\workspace\BE\simple-fetch-data)
2026-08-05T16:17:38.743+02:00  INFO 13216 --- [simpleFetchData] [main] it.eng.spring.demo.DemoApplication       : No active profile set, falling back to 1 default profile: "default"
2026-08-05T16:17:38.816+02:00  INFO 4496 --- [simpleFetchData] [main] it.eng.spring.demo.DemoApplication       : Starting DemoApplication using Java 21.0.11 with PID 4496 (C:\Users\soliveri\workspace\BE\simple-fetch-data\target\classes started by soliveri in C:\Users\soliveri\workspace\BE\simple-fetch-data)
2026-08-05T16:17:38.827+02:00  INFO 4496 --- [simpleFetchData] [main] it.eng.spring.demo.DemoApplication       : No active profile set, falling back to 1 default profile: "default"
2026-08-05T16:17:41.881+02:00  INFO 13216 --- [simpleFetchData] [main] .s.d.r.c.RepositoryConfigurationDelegate : Bootstrapping Spring Data JPA repositories in DEFAULT mode.
2026-08-05T16:17:41.945+02:00  INFO 4496 --- [simpleFetchData] [main] .s.d.r.c.RepositoryConfigurationDelegate : Bootstrapping Spring Data JPA repositories in DEFAULT mode.
2026-08-05T16:17:42.032+02:00  INFO 13216 --- [simpleFetchData] [main] .s.d.r.c.RepositoryConfigurationDelegate : Finished Spring Data repository scanning in 120 ms. Found 1 JPA repository interface.
2026-08-05T16:17:42.207+02:00  INFO 4496 --- [simpleFetchData] [main] .s.d.r.c.RepositoryConfigurationDelegate : Finished Spring Data repository scanning in 235 ms. Found 1 JPA repository interface.
2026-08-05T16:17:43.504+02:00  INFO 13216 --- [simpleFetchData] [main] o.s.boot.tomcat.TomcatWebServer          : Tomcat initialized with port 8080 (http)
2026-08-05T16:17:43.542+02:00  INFO 13216 --- [simpleFetchData] [main] o.apache.catalina.core.StandardService   : Starting service [Tomcat]
2026-08-05T16:17:43.542+02:00  INFO 13216 --- [simpleFetchData] [main] o.apache.catalina.core.StandardEngine    : Starting Servlet engine: [Apache Tomcat/11.0.22]
2026-08-05T16:17:43.648+02:00  INFO 4496 --- [simpleFetchData] [main] o.s.boot.tomcat.TomcatWebServer          : Tomcat initialized with port 8080 (http)
2026-08-05T16:17:43.705+02:00  INFO 4496 --- [simpleFetchData] [main] o.apache.catalina.core.StandardService   : Starting service [Tomcat]
2026-08-05T16:17:43.706+02:00  INFO 4496 --- [simpleFetchData] [main] o.apache.catalina.core.StandardEngine    : Starting Servlet engine: [Apache Tomcat/11.0.22]
2026-08-05T16:17:43.743+02:00  INFO 13216 --- [simpleFetchData] [main] b.w.c.s.WebApplicationContextInitializer : Root WebApplicationContext: initialization completed in 4818 ms
2026-08-05T16:17:43.951+02:00  INFO 4496 --- [simpleFetchData] [main] b.w.c.s.WebApplicationContextInitializer : Root WebApplicationContext: initialization completed in 4879 ms
2026-08-05T16:17:44.336+02:00  INFO 13216 --- [simpleFetchData] [main] org.hibernate.orm.jpa                    : HHH008540: Processing PersistenceUnitInfo [name: default]
2026-08-05T16:17:44.586+02:00  INFO 13216 --- [simpleFetchData] [main] org.hibernate.orm.core                   : HHH000001: Hibernate ORM core version 7.4.1.Final
2026-08-05T16:17:44.657+02:00  INFO 4496 --- [simpleFetchData] [main] org.hibernate.orm.jpa                    : HHH008540: Processing PersistenceUnitInfo [name: default]
2026-08-05T16:17:44.827+02:00  INFO 4496 --- [simpleFetchData] [main] org.hibernate.orm.core                   : HHH000001: Hibernate ORM core version 7.4.1.Final
2026-08-05T16:17:45.879+02:00  INFO 13216 --- [simpleFetchData] [main] o.s.o.j.p.SpringPersistenceUnitInfo      : No LoadTimeWeaver setup: ignoring JPA class transformer
2026-08-05T16:17:45.973+02:00  INFO 13216 --- [simpleFetchData] [main] com.zaxxer.hikari.HikariDataSource       : HikariPool-1 - Starting...
2026-08-05T16:17:46.358+02:00  INFO 4496 --- [simpleFetchData] [main] o.s.o.j.p.SpringPersistenceUnitInfo      : No LoadTimeWeaver setup: ignoring JPA class transformer
2026-08-05T16:17:46.471+02:00  INFO 4496 --- [simpleFetchData] [main] com.zaxxer.hikari.HikariDataSource       : HikariPool-1 - Starting...
2026-08-05T16:17:46.837+02:00  INFO 13216 --- [simpleFetchData] [main] com.zaxxer.hikari.pool.HikariPool        : HikariPool-1 - Added connection conn0: url=jdbc:h2:file:./db/clienti user=SA
2026-08-05T16:17:46.847+02:00  INFO 13216 --- [simpleFetchData] [main] com.zaxxer.hikari.HikariDataSource       : HikariPool-1 - Start completed.
2026-08-05T16:17:47.122+02:00  INFO 13216 --- [simpleFetchData] [main] org.hibernate.orm.connections.pooling    : HHH10001005: Database info:
	Database JDBC URL [jdbc:h2:file:./db/clienti]
	Database driver: H2 JDBC Driver
	Database dialect: H2Dialect
	Database version: 2.4.240
	Default catalog/schema: CLIENTI/PUBLIC
	Autocommit mode: undefined/unknown
	Isolation level: READ_COMMITTED [default READ_COMMITTED]
	JDBC fetch size: 100
	Pool: DataSourceConnectionProvider
	Minimum pool size: undefined/unknown
	Maximum pool size: undefined/unknown
2026-08-05T16:17:47.861+02:00  WARN 4496 --- [simpleFetchData] [main] org.hibernate.orm.jdbc.error             : HHH000247: ErrorCode: 90020, SQLState: 90020
2026-08-05T16:17:47.861+02:00  WARN 4496 --- [simpleFetchData] [main] org.hibernate.orm.jdbc.error             : Database may be already in use: "C:/Users/soliveri/workspace/BE/simple-fetch-data/db/clienti.mv.db". Possible solutions: close all other connection(s); use the server mode [90020-240]
2026-08-05T16:17:47.863+02:00  WARN 4496 --- [simpleFetchData] [main] org.hibernate.orm.jdbc                   : HHH100046: Could not obtain connection to query JDBC database metadata

org.hibernate.exception.GenericJDBCException: Unable to obtain isolated JDBC connection [Database may be already in use: "C:/Users/soliveri/workspace/BE/simple-fetch-data/db/clienti.mv.db". Possible solutions: close all other connection(s); use the server mode [90020-240]] [n/a]
	at org.hibernate.exception.internal.StandardSQLExceptionConverter.convert(StandardSQLExceptionConverter.java:39) ~[hibernate-core-7.4.1.Final.jar:7.4.1.Final]
	at org.hibernate.engine.jdbc.spi.SqlExceptionHelper.convert(SqlExceptionHelper.java:115) ~[hibernate-core-7.4.1.Final.jar:7.4.1.Final]
	at org.hibernate.engine.jdbc.spi.SqlExceptionHelper.convert(SqlExceptionHelper.java:101) ~[hibernate-core-7.4.1.Final.jar:7.4.1.Final]
	at org.hibernate.resource.transaction.backend.jdbc.internal.JdbcIsolationDelegate.delegateWork(JdbcIsolationDelegate.java:51) ~[hibernate-core-7.4.1.Final.jar:7.4.1.Final]
	at org.hibernate.engine.jdbc.env.internal.JdbcEnvironmentInitiator.getJdbcEnvironmentUsingJdbcMetadata(JdbcEnvironmentInitiator.java:366) ~[hibernate-core-7.4.1.Final.jar:7.4.1.Final]
	at org.hibernate.engine.jdbc.env.internal.JdbcEnvironmentInitiator.getJdbcEnvironment(JdbcEnvironmentInitiator.java:143) ~[hibernate-core-7.4.1.Final.jar:7.4.1.Final]
	at org.hibernate.engine.jdbc.env.internal.JdbcEnvironmentInitiator.initiateService(JdbcEnvironmentInitiator.java:120) ~[hibernate-core-7.4.1.Final.jar:7.4.1.Final]
	at org.hibernate.engine.jdbc.env.internal.JdbcEnvironmentInitiator.initiateService(JdbcEnvironmentInitiator.java:80) ~[hibernate-core-7.4.1.Final.jar:7.4.1.Final]
	at org.hibernate.boot.registry.internal.StandardServiceRegistryImpl.initiateService(StandardServiceRegistryImpl.java:133) ~[hibernate-core-7.4.1.Final.jar:7.4.1.Final]
	at org.hibernate.service.internal.AbstractServiceRegistryImpl.createService(AbstractServiceRegistryImpl.java:260) ~[hibernate-core-7.4.1.Final.jar:7.4.1.Final]
	at org.hibernate.service.internal.AbstractServiceRegistryImpl.initializeService(AbstractServiceRegistryImpl.java:235) ~[hibernate-core-7.4.1.Final.jar:7.4.1.Final]
	at org.hibernate.service.internal.AbstractServiceRegistryImpl.getService(AbstractServiceRegistryImpl.java:212) ~[hibernate-core-7.4.1.Final.jar:7.4.1.Final]
	at org.hibernate.boot.model.relational.Database.<init>(Database.java:44) ~[hibernate-core-7.4.1.Final.jar:7.4.1.Final]
	at org.hibernate.boot.internal.InFlightMetadataCollectorImpl.getDatabase(InFlightMetadataCollectorImpl.java:251) ~[hibernate-core-7.4.1.Final.jar:7.4.1.Final]
	at org.hibernate.boot.internal.InFlightMetadataCollectorImpl.<init>(InFlightMetadataCollectorImpl.java:203) ~[hibernate-core-7.4.1.Final.jar:7.4.1.Final]
	at org.hibernate.boot.model.process.spi.MetadataBuildingProcess.complete(MetadataBuildingProcess.java:180) ~[hibernate-core-7.4.1.Final.jar:7.4.1.Final]
	at org.hibernate.jpa.boot.internal.EntityManagerFactoryBuilderImpl.metadata(EntityManagerFactoryBuilderImpl.java:1388) ~[hibernate-core-7.4.1.Final.jar:7.4.1.Final]
	at org.hibernate.jpa.boot.internal.EntityManagerFactoryBuilderImpl.populateSessionFactoryBuilder(EntityManagerFactoryBuilderImpl.java:1468) ~[hibernate-core-7.4.1.Final.jar:7.4.1.Final]
	at org.hibernate.jpa.boot.internal.EntityManagerFactoryBuilderImpl.build(EntityManagerFactoryBuilderImpl.java:1450) ~[hibernate-core-7.4.1.Final.jar:7.4.1.Final]
	at org.springframework.orm.jpa.vendor.SpringHibernateJpaPersistenceProvider.createContainerEntityManagerFactory(SpringHibernateJpaPersistenceProvider.java:93) ~[spring-orm-7.0.8.jar:7.0.8]
	at org.springframework.orm.jpa.LocalContainerEntityManagerFactoryBean.createNativeEntityManagerFactory(LocalContainerEntityManagerFactoryBean.java:443) ~[spring-orm-7.0.8.jar:7.0.8]
	at org.springframework.orm.jpa.AbstractEntityManagerFactoryBean.buildNativeEntityManagerFactory(AbstractEntityManagerFactoryBean.java:436) ~[spring-orm-7.0.8.jar:7.0.8]
	at org.springframework.orm.jpa.AbstractEntityManagerFactoryBean.afterPropertiesSet(AbstractEntityManagerFactoryBean.java:411) ~[spring-orm-7.0.8.jar:7.0.8]
	at org.springframework.orm.jpa.LocalContainerEntityManagerFactoryBean.afterPropertiesSet(LocalContainerEntityManagerFactoryBean.java:419) ~[spring-orm-7.0.8.jar:7.0.8]
	at org.springframework.beans.factory.support.AbstractAutowireCapableBeanFactory.invokeInitMethods(AbstractAutowireCapableBeanFactory.java:1862) ~[spring-beans-7.0.8.jar:7.0.8]
	at org.springframework.beans.factory.support.AbstractAutowireCapableBeanFactory.initializeBean(AbstractAutowireCapableBeanFactory.java:1811) ~[spring-beans-7.0.8.jar:7.0.8]
	at org.springframework.beans.factory.support.AbstractAutowireCapableBeanFactory.doCreateBean(AbstractAutowireCapableBeanFactory.java:603) ~[spring-beans-7.0.8.jar:7.0.8]
	at org.springframework.beans.factory.support.AbstractAutowireCapableBeanFactory.createBean(AbstractAutowireCapableBeanFactory.java:525) ~[spring-beans-7.0.8.jar:7.0.8]
	at org.springframework.beans.factory.support.AbstractBeanFactory.lambda$doGetBean$0(AbstractBeanFactory.java:333) ~[spring-beans-7.0.8.jar:7.0.8]
	at org.springframework.beans.factory.support.DefaultSingletonBeanRegistry.getSingleton(DefaultSingletonBeanRegistry.java:371) ~[spring-beans-7.0.8.jar:7.0.8]
	at org.springframework.beans.factory.support.AbstractBeanFactory.doGetBean(AbstractBeanFactory.java:331) ~[spring-beans-7.0.8.jar:7.0.8]
	at org.springframework.beans.factory.support.AbstractBeanFactory.getBean(AbstractBeanFactory.java:201) ~[spring-beans-7.0.8.jar:7.0.8]
	at org.springframework.context.support.AbstractApplicationContext.finishBeanFactoryInitialization(AbstractApplicationContext.java:977) ~[spring-context-7.0.8.jar:7.0.8]
	at org.springframework.context.support.AbstractApplicationContext.refresh(AbstractApplicationContext.java:621) ~[spring-context-7.0.8.jar:7.0.8]
	at org.springframework.boot.web.server.servlet.context.ServletWebServerApplicationContext.refresh(ServletWebServerApplicationContext.java:143) ~[spring-boot-web-server-4.1.0.jar:4.1.0]
	at org.springframework.boot.SpringApplication.refresh(SpringApplication.java:756) ~[spring-boot-4.1.0.jar:4.1.0]
	at org.springframework.boot.SpringApplication.refreshContext(SpringApplication.java:445) ~[spring-boot-4.1.0.jar:4.1.0]
	at org.springframework.boot.SpringApplication.run(SpringApplication.java:321) ~[spring-boot-4.1.0.jar:4.1.0]
	at org.springframework.boot.SpringApplication.run(SpringApplication.java:1365) ~[spring-boot-4.1.0.jar:4.1.0]
	at org.springframework.boot.SpringApplication.run(SpringApplication.java:1354) ~[spring-boot-4.1.0.jar:4.1.0]
	at it.eng.spring.demo.DemoApplication.main(DemoApplication.java:10) ~[classes/:na]
Caused by: org.h2.jdbc.JdbcSQLNonTransientConnectionException: Database may be already in use: "C:/Users/soliveri/workspace/BE/simple-fetch-data/db/clienti.mv.db". Possible solutions: close all other connection(s); use the server mode [90020-240]
	at org.h2.message.DbException.getJdbcSQLException(DbException.java:690) ~[h2-2.4.240.jar:2.4.240]
	at org.h2.message.DbException.getJdbcSQLException(DbException.java:489) ~[h2-2.4.240.jar:2.4.240]
	at org.h2.message.DbException.get(DbException.java:212) ~[h2-2.4.240.jar:2.4.240]
	at org.h2.mvstore.db.Store.convertMVStoreException(Store.java:165) ~[h2-2.4.240.jar:2.4.240]
	at org.h2.mvstore.db.Store.<init>(Store.java:142) ~[h2-2.4.240.jar:2.4.240]
	at org.h2.engine.Database.<init>(Database.java:328) ~[h2-2.4.240.jar:2.4.240]
	at org.h2.engine.Engine.openSession(Engine.java:92) ~[h2-2.4.240.jar:2.4.240]
	at org.h2.engine.Engine.openSession(Engine.java:222) ~[h2-2.4.240.jar:2.4.240]
	at org.h2.engine.Engine.createSession(Engine.java:201) ~[h2-2.4.240.jar:2.4.240]
	at org.h2.engine.SessionRemote.connectEmbeddedOrServer(SessionRemote.java:350) ~[h2-2.4.240.jar:2.4.240]
	at org.h2.jdbc.JdbcConnection.<init>(JdbcConnection.java:124) ~[h2-2.4.240.jar:2.4.240]
	at org.h2.Driver.connect(Driver.java:59) ~[h2-2.4.240.jar:2.4.240]
	at com.zaxxer.hikari.util.DriverDataSource.getConnection(DriverDataSource.java:144) ~[HikariCP-7.0.2.jar:na]
	at com.zaxxer.hikari.pool.PoolBase.newConnection(PoolBase.java:373) ~[HikariCP-7.0.2.jar:na]
	at com.zaxxer.hikari.pool.PoolBase.newPoolEntry(PoolBase.java:210) ~[HikariCP-7.0.2.jar:na]
	at com.zaxxer.hikari.pool.HikariPool.createPoolEntry(HikariPool.java:488) ~[HikariCP-7.0.2.jar:na]
	at com.zaxxer.hikari.pool.HikariPool.checkFailFast(HikariPool.java:576) ~[HikariCP-7.0.2.jar:na]
	at com.zaxxer.hikari.pool.HikariPool.<init>(HikariPool.java:97) ~[HikariCP-7.0.2.jar:na]
	at com.zaxxer.hikari.HikariDataSource.getConnection(HikariDataSource.java:111) ~[HikariCP-7.0.2.jar:na]
	at org.hibernate.engine.jdbc.connections.internal.DataSourceConnectionProvider.getConnection(DataSourceConnectionProvider.java:149) ~[hibernate-core-7.4.1.Final.jar:7.4.1.Final]
	at org.hibernate.engine.jdbc.env.internal.JdbcEnvironmentInitiator$ConnectionProviderJdbcConnectionAccess.obtainConnection(JdbcEnvironmentInitiator.java:508) ~[hibernate-core-7.4.1.Final.jar:7.4.1.Final]
	at org.hibernate.resource.transaction.backend.jdbc.internal.JdbcIsolationDelegate.delegateWork(JdbcIsolationDelegate.java:48) ~[hibernate-core-7.4.1.Final.jar:7.4.1.Final]
	... 37 common frames omitted
Caused by: org.h2.mvstore.MVStoreException: The file is locked: C:/Users/soliveri/workspace/BE/simple-fetch-data/db/clienti.mv.db [2.4.240/7]
	at org.h2.mvstore.DataUtils.newMVStoreException(DataUtils.java:996) ~[h2-2.4.240.jar:2.4.240]
	at org.h2.mvstore.SingleFileStore.lockFileChannel(SingleFileStore.java:143) ~[h2-2.4.240.jar:2.4.240]
	at org.h2.mvstore.SingleFileStore.open(SingleFileStore.java:117) ~[h2-2.4.240.jar:2.4.240]
	at org.h2.mvstore.SingleFileStore.open(SingleFileStore.java:81) ~[h2-2.4.240.jar:2.4.240]
	at org.h2.mvstore.MVStore.<init>(MVStore.java:291) ~[h2-2.4.240.jar:2.4.240]
	at org.h2.mvstore.MVStore$Builder.open(MVStore.java:2164) ~[h2-2.4.240.jar:2.4.240]
	at org.h2.mvstore.db.Store.<init>(Store.java:133) ~[h2-2.4.240.jar:2.4.240]
	... 54 common frames omitted

2026-08-05T16:17:47.875+02:00 ERROR 4496 --- [simpleFetchData] [main] j.LocalContainerEntityManagerFactoryBean : Failed to initialize JPA EntityManagerFactory: Unable to create requested service [org.hibernate.engine.jdbc.env.spi.JdbcEnvironment] due to: Unable to determine Dialect without JDBC metadata (please set 'jakarta.persistence.jdbc.url' for common cases or 'hibernate.dialect' when a custom Dialect implementation must be provided)
2026-08-05T16:17:47.876+02:00  WARN 4496 --- [simpleFetchData] [main] ConfigServletWebServerApplicationContext : Exception encountered during context initialization - cancelling refresh attempt: org.springframework.beans.factory.BeanCreationException: Error creating bean with name 'entityManagerFactory' defined in class path resource [org/springframework/boot/hibernate/autoconfigure/HibernateJpaConfiguration.class]: Unable to create requested service [org.hibernate.engine.jdbc.env.spi.JdbcEnvironment] due to: Unable to determine Dialect without JDBC metadata (please set 'jakarta.persistence.jdbc.url' for common cases or 'hibernate.dialect' when a custom Dialect implementation must be provided)
2026-08-05T16:17:47.885+02:00  INFO 4496 --- [simpleFetchData] [main] o.apache.catalina.core.StandardService   : Stopping service [Tomcat]
2026-08-05T16:17:47.912+02:00  INFO 4496 --- [simpleFetchData] [main] .s.b.a.l.ConditionEvaluationReportLogger : 

Error starting ApplicationContext. To display the condition evaluation report re-run your application with 'debug' enabled.
2026-08-05T16:17:47.948+02:00 ERROR 4496 --- [simpleFetchData] [main] o.s.boot.SpringApplication               : Application run failed

org.springframework.beans.factory.BeanCreationException: Error creating bean with name 'entityManagerFactory' defined in class path resource [org/springframework/boot/hibernate/autoconfigure/HibernateJpaConfiguration.class]: Unable to create requested service [org.hibernate.engine.jdbc.env.spi.JdbcEnvironment] due to: Unable to determine Dialect without JDBC metadata (please set 'jakarta.persistence.jdbc.url' for common cases or 'hibernate.dialect' when a custom Dialect implementation must be provided)
	at org.springframework.beans.factory.support.AbstractAutowireCapableBeanFactory.initializeBean(AbstractAutowireCapableBeanFactory.java:1815) ~[spring-beans-7.0.8.jar:7.0.8]
	at org.springframework.beans.factory.support.AbstractAutowireCapableBeanFactory.doCreateBean(AbstractAutowireCapableBeanFactory.java:603) ~[spring-beans-7.0.8.jar:7.0.8]
	at org.springframework.beans.factory.support.AbstractAutowireCapableBeanFactory.createBean(AbstractAutowireCapableBeanFactory.java:525) ~[spring-beans-7.0.8.jar:7.0.8]
	at org.springframework.beans.factory.support.AbstractBeanFactory.lambda$doGetBean$0(AbstractBeanFactory.java:333) ~[spring-beans-7.0.8.jar:7.0.8]
	at org.springframework.beans.factory.support.DefaultSingletonBeanRegistry.getSingleton(DefaultSingletonBeanRegistry.java:371) ~[spring-beans-7.0.8.jar:7.0.8]
	at org.springframework.beans.factory.support.AbstractBeanFactory.doGetBean(AbstractBeanFactory.java:331) ~[spring-beans-7.0.8.jar:7.0.8]
	at org.springframework.beans.factory.support.AbstractBeanFactory.getBean(AbstractBeanFactory.java:201) ~[spring-beans-7.0.8.jar:7.0.8]
	at org.springframework.context.support.AbstractApplicationContext.finishBeanFactoryInitialization(AbstractApplicationContext.java:977) ~[spring-context-7.0.8.jar:7.0.8]
	at org.springframework.context.support.AbstractApplicationContext.refresh(AbstractApplicationContext.java:621) ~[spring-context-7.0.8.jar:7.0.8]
	at org.springframework.boot.web.server.servlet.context.ServletWebServerApplicationContext.refresh(ServletWebServerApplicationContext.java:143) ~[spring-boot-web-server-4.1.0.jar:4.1.0]
	at org.springframework.boot.SpringApplication.refresh(SpringApplication.java:756) ~[spring-boot-4.1.0.jar:4.1.0]
	at org.springframework.boot.SpringApplication.refreshContext(SpringApplication.java:445) ~[spring-boot-4.1.0.jar:4.1.0]
	at org.springframework.boot.SpringApplication.run(SpringApplication.java:321) ~[spring-boot-4.1.0.jar:4.1.0]
	at org.springframework.boot.SpringApplication.run(SpringApplication.java:1365) ~[spring-boot-4.1.0.jar:4.1.0]
	at org.springframework.boot.SpringApplication.run(SpringApplication.java:1354) ~[spring-boot-4.1.0.jar:4.1.0]
	at it.eng.spring.demo.DemoApplication.main(DemoApplication.java:10) ~[classes/:na]
Caused by: org.hibernate.service.spi.ServiceException: Unable to create requested service [org.hibernate.engine.jdbc.env.spi.JdbcEnvironment] due to: Unable to determine Dialect without JDBC metadata (please set 'jakarta.persistence.jdbc.url' for common cases or 'hibernate.dialect' when a custom Dialect implementation must be provided)
	at org.hibernate.service.internal.AbstractServiceRegistryImpl.createService(AbstractServiceRegistryImpl.java:273) ~[hibernate-core-7.4.1.Final.jar:7.4.1.Final]
	at org.hibernate.service.internal.AbstractServiceRegistryImpl.initializeService(AbstractServiceRegistryImpl.java:235) ~[hibernate-core-7.4.1.Final.jar:7.4.1.Final]
	at org.hibernate.service.internal.AbstractServiceRegistryImpl.getService(AbstractServiceRegistryImpl.java:212) ~[hibernate-core-7.4.1.Final.jar:7.4.1.Final]
	at org.hibernate.boot.model.relational.Database.<init>(Database.java:44) ~[hibernate-core-7.4.1.Final.jar:7.4.1.Final]
	at org.hibernate.boot.internal.InFlightMetadataCollectorImpl.getDatabase(InFlightMetadataCollectorImpl.java:251) ~[hibernate-core-7.4.1.Final.jar:7.4.1.Final]
	at org.hibernate.boot.internal.InFlightMetadataCollectorImpl.<init>(InFlightMetadataCollectorImpl.java:203) ~[hibernate-core-7.4.1.Final.jar:7.4.1.Final]
	at org.hibernate.boot.model.process.spi.MetadataBuildingProcess.complete(MetadataBuildingProcess.java:180) ~[hibernate-core-7.4.1.Final.jar:7.4.1.Final]
	at org.hibernate.jpa.boot.internal.EntityManagerFactoryBuilderImpl.metadata(EntityManagerFactoryBuilderImpl.java:1388) ~[hibernate-core-7.4.1.Final.jar:7.4.1.Final]
	at org.hibernate.jpa.boot.internal.EntityManagerFactoryBuilderImpl.populateSessionFactoryBuilder(EntityManagerFactoryBuilderImpl.java:1468) ~[hibernate-core-7.4.1.Final.jar:7.4.1.Final]
	at org.hibernate.jpa.boot.internal.EntityManagerFactoryBuilderImpl.build(EntityManagerFactoryBuilderImpl.java:1450) ~[hibernate-core-7.4.1.Final.jar:7.4.1.Final]
	at org.springframework.orm.jpa.vendor.SpringHibernateJpaPersistenceProvider.createContainerEntityManagerFactory(SpringHibernateJpaPersistenceProvider.java:93) ~[spring-orm-7.0.8.jar:7.0.8]
	at org.springframework.orm.jpa.LocalContainerEntityManagerFactoryBean.createNativeEntityManagerFactory(LocalContainerEntityManagerFactoryBean.java:443) ~[spring-orm-7.0.8.jar:7.0.8]
	at org.springframework.orm.jpa.AbstractEntityManagerFactoryBean.buildNativeEntityManagerFactory(AbstractEntityManagerFactoryBean.java:436) ~[spring-orm-7.0.8.jar:7.0.8]
	at org.springframework.orm.jpa.AbstractEntityManagerFactoryBean.afterPropertiesSet(AbstractEntityManagerFactoryBean.java:411) ~[spring-orm-7.0.8.jar:7.0.8]
	at org.springframework.orm.jpa.LocalContainerEntityManagerFactoryBean.afterPropertiesSet(LocalContainerEntityManagerFactoryBean.java:419) ~[spring-orm-7.0.8.jar:7.0.8]
	at org.springframework.beans.factory.support.AbstractAutowireCapableBeanFactory.invokeInitMethods(AbstractAutowireCapableBeanFactory.java:1862) ~[spring-beans-7.0.8.jar:7.0.8]
	at org.springframework.beans.factory.support.AbstractAutowireCapableBeanFactory.initializeBean(AbstractAutowireCapableBeanFactory.java:1811) ~[spring-beans-7.0.8.jar:7.0.8]
	... 15 common frames omitted
Caused by: org.hibernate.HibernateException: Unable to determine Dialect without JDBC metadata (please set 'jakarta.persistence.jdbc.url' for common cases or 'hibernate.dialect' when a custom Dialect implementation must be provided)
	at org.hibernate.engine.jdbc.dialect.internal.DialectFactoryImpl.determineDialect(DialectFactoryImpl.java:190) ~[hibernate-core-7.4.1.Final.jar:7.4.1.Final]
	at org.hibernate.engine.jdbc.dialect.internal.DialectFactoryImpl.buildDialect(DialectFactoryImpl.java:86) ~[hibernate-core-7.4.1.Final.jar:7.4.1.Final]
	at org.hibernate.engine.jdbc.env.internal.JdbcEnvironmentInitiator.getJdbcEnvironmentWithDefaults(JdbcEnvironmentInitiator.java:200) ~[hibernate-core-7.4.1.Final.jar:7.4.1.Final]
	at org.hibernate.engine.jdbc.env.internal.JdbcEnvironmentInitiator.getJdbcEnvironmentUsingJdbcMetadata(JdbcEnvironmentInitiator.java:452) ~[hibernate-core-7.4.1.Final.jar:7.4.1.Final]
	at org.hibernate.engine.jdbc.env.internal.JdbcEnvironmentInitiator.getJdbcEnvironment(JdbcEnvironmentInitiator.java:143) ~[hibernate-core-7.4.1.Final.jar:7.4.1.Final]
	at org.hibernate.engine.jdbc.env.internal.JdbcEnvironmentInitiator.initiateService(JdbcEnvironmentInitiator.java:120) ~[hibernate-core-7.4.1.Final.jar:7.4.1.Final]
	at org.hibernate.engine.jdbc.env.internal.JdbcEnvironmentInitiator.initiateService(JdbcEnvironmentInitiator.java:80) ~[hibernate-core-7.4.1.Final.jar:7.4.1.Final]
	at org.hibernate.boot.registry.internal.StandardServiceRegistryImpl.initiateService(StandardServiceRegistryImpl.java:133) ~[hibernate-core-7.4.1.Final.jar:7.4.1.Final]
	at org.hibernate.service.internal.AbstractServiceRegistryImpl.createService(AbstractServiceRegistryImpl.java:260) ~[hibernate-core-7.4.1.Final.jar:7.4.1.Final]
	... 31 common frames omitted

2026-08-05T16:17:49.000+02:00  INFO 13216 --- [simpleFetchData] [main] org.hibernate.orm.core                   : HHH000489: No JTA platform available (set 'hibernate.transaction.jta.platform' to enable JTA platform integration)
2026-08-05T16:17:49.099+02:00  INFO 13216 --- [simpleFetchData] [main] j.LocalContainerEntityManagerFactoryBean : Initialized JPA EntityManagerFactory for persistence unit 'default'
2026-08-05T16:17:49.284+02:00  INFO 13216 --- [simpleFetchData] [main] o.s.d.j.r.query.QueryEnhancerFactories   : Hibernate is in classpath; If applicable, HQL parser will be used.
2026-08-05T16:17:49.770+02:00  WARN 13216 --- [simpleFetchData] [main] JpaBaseConfiguration$JpaWebConfiguration : spring.jpa.open-in-view is enabled by default. Therefore, database queries may be performed during view rendering. Explicitly configure spring.jpa.open-in-view to disable this warning
2026-08-05T16:17:51.525+02:00  INFO 13216 --- [simpleFetchData] [main] o.s.b.h.a.H2ConsoleAutoConfiguration     : H2 console available at '/h2-console'. Database available at 'jdbc:h2:file:./db/clienti'
2026-08-05T16:17:51.748+02:00  INFO 13216 --- [simpleFetchData] [main] o.s.boot.tomcat.TomcatWebServer          : Tomcat started on port 8080 (http) with context path '/'
2026-08-05T16:17:51.767+02:00  INFO 13216 --- [simpleFetchData] [main] it.eng.spring.demo.DemoApplication       : Started DemoApplication in 14.502 seconds (process running for 17.357)
2026-08-05T16:18:04.887+02:00  INFO 33012 --- [simpleFetchData] [main] it.eng.spring.demo.DemoApplication       : Starting DemoApplication using Java 21.0.11 with PID 33012 (C:\Users\soliveri\workspace\BE\simple-fetch-data\target\classes started by soliveri in C:\Users\soliveri\workspace\BE\simple-fetch-data)
2026-08-05T16:18:04.894+02:00  INFO 33012 --- [simpleFetchData] [main] it.eng.spring.demo.DemoApplication       : No active profile set, falling back to 1 default profile: "default"
2026-08-05T16:18:06.498+02:00  INFO 33012 --- [simpleFetchData] [main] .s.d.r.c.RepositoryConfigurationDelegate : Bootstrapping Spring Data JPA repositories in DEFAULT mode.
2026-08-05T16:18:06.621+02:00  INFO 33012 --- [simpleFetchData] [main] .s.d.r.c.RepositoryConfigurationDelegate : Finished Spring Data repository scanning in 98 ms. Found 1 JPA repository interface.
2026-08-05T16:18:07.765+02:00  INFO 33012 --- [simpleFetchData] [main] o.s.boot.tomcat.TomcatWebServer          : Tomcat initialized with port 8080 (http)
2026-08-05T16:18:07.799+02:00  INFO 33012 --- [simpleFetchData] [main] o.apache.catalina.core.StandardService   : Starting service [Tomcat]
2026-08-05T16:18:07.800+02:00  INFO 33012 --- [simpleFetchData] [main] o.apache.catalina.core.StandardEngine    : Starting Servlet engine: [Apache Tomcat/11.0.22]
2026-08-05T16:18:07.984+02:00  INFO 33012 --- [simpleFetchData] [main] b.w.c.s.WebApplicationContextInitializer : Root WebApplicationContext: initialization completed in 2968 ms
2026-08-05T16:18:08.383+02:00  INFO 33012 --- [simpleFetchData] [main] org.hibernate.orm.jpa                    : HHH008540: Processing PersistenceUnitInfo [name: default]
2026-08-05T16:18:08.551+02:00  INFO 33012 --- [simpleFetchData] [main] org.hibernate.orm.core                   : HHH000001: Hibernate ORM core version 7.4.1.Final
2026-08-05T16:18:09.802+02:00  INFO 33012 --- [simpleFetchData] [main] o.s.o.j.p.SpringPersistenceUnitInfo      : No LoadTimeWeaver setup: ignoring JPA class transformer
2026-08-05T16:18:09.883+02:00  INFO 33012 --- [simpleFetchData] [main] com.zaxxer.hikari.HikariDataSource       : HikariPool-1 - Starting...
2026-08-05T16:18:10.434+02:00  INFO 33012 --- [simpleFetchData] [main] com.zaxxer.hikari.pool.HikariPool        : HikariPool-1 - Added connection conn0: url=jdbc:h2:file:./db/clienti user=SA
2026-08-05T16:18:10.439+02:00  INFO 33012 --- [simpleFetchData] [main] com.zaxxer.hikari.HikariDataSource       : HikariPool-1 - Start completed.
2026-08-05T16:18:10.614+02:00  INFO 33012 --- [simpleFetchData] [main] org.hibernate.orm.connections.pooling    : HHH10001005: Database info:
	Database JDBC URL [jdbc:h2:file:./db/clienti]
	Database driver: H2 JDBC Driver
	Database dialect: H2Dialect
	Database version: 2.4.240
	Default catalog/schema: CLIENTI/PUBLIC
	Autocommit mode: undefined/unknown
	Isolation level: READ_COMMITTED [default READ_COMMITTED]
	JDBC fetch size: 100
	Pool: DataSourceConnectionProvider
	Minimum pool size: undefined/unknown
	Maximum pool size: undefined/unknown
2026-08-05T16:18:12.373+02:00  INFO 33012 --- [simpleFetchData] [main] org.hibernate.orm.core                   : HHH000489: No JTA platform available (set 'hibernate.transaction.jta.platform' to enable JTA platform integration)
2026-08-05T16:18:12.463+02:00  INFO 33012 --- [simpleFetchData] [main] j.LocalContainerEntityManagerFactoryBean : Initialized JPA EntityManagerFactory for persistence unit 'default'
2026-08-05T16:18:12.620+02:00  INFO 33012 --- [simpleFetchData] [main] o.s.d.j.r.query.QueryEnhancerFactories   : Hibernate is in classpath; If applicable, HQL parser will be used.
2026-08-05T16:18:13.080+02:00  WARN 33012 --- [simpleFetchData] [main] JpaBaseConfiguration$JpaWebConfiguration : spring.jpa.open-in-view is enabled by default. Therefore, database queries may be performed during view rendering. Explicitly configure spring.jpa.open-in-view to disable this warning
2026-08-05T16:18:14.251+02:00  INFO 33012 --- [simpleFetchData] [main] o.s.b.h.a.H2ConsoleAutoConfiguration     : H2 console available at '/h2-console'. Database available at 'jdbc:h2:file:./db/clienti'
2026-08-05T16:18:14.453+02:00  INFO 33012 --- [simpleFetchData] [main] o.s.boot.tomcat.TomcatWebServer          : Tomcat started on port 8080 (http) with context path '/'
2026-08-05T16:18:14.477+02:00  INFO 33012 --- [simpleFetchData] [main] it.eng.spring.demo.DemoApplication       : Started DemoApplication in 10.51 seconds (process running for 11.456)
2026-08-05T16:18:18.915+02:00  INFO 33012 --- [simpleFetchData] [http-nio-8080-exec-1] o.a.c.c.C.[Tomcat].[localhost].[/]       : Initializing Spring DispatcherServlet 'dispatcherServlet'
2026-08-05T16:18:18.916+02:00  INFO 33012 --- [simpleFetchData] [http-nio-8080-exec-1] o.s.web.servlet.DispatcherServlet        : Initializing Servlet 'dispatcherServlet'
2026-08-05T16:18:18.918+02:00  INFO 33012 --- [simpleFetchData] [http-nio-8080-exec-1] o.s.web.servlet.DispatcherServlet        : Completed initialization in 2 ms
2026-08-05T16:22:20.243+02:00  INFO 3320 --- [simpleFetchData] [main] it.eng.spring.demo.DemoApplication       : Starting DemoApplication using Java 21.0.11 with PID 3320 (C:\Users\soliveri\workspace\BE\simple-fetch-data\target\classes started by soliveri in C:\Users\soliveri\workspace\BE\simple-fetch-data)
2026-08-05T16:22:20.251+02:00  INFO 3320 --- [simpleFetchData] [main] it.eng.spring.demo.DemoApplication       : No active profile set, falling back to 1 default profile: "default"
2026-08-05T16:22:21.766+02:00  INFO 3320 --- [simpleFetchData] [main] .s.d.r.c.RepositoryConfigurationDelegate : Bootstrapping Spring Data JPA repositories in DEFAULT mode.
2026-08-05T16:22:21.851+02:00  INFO 3320 --- [simpleFetchData] [main] .s.d.r.c.RepositoryConfigurationDelegate : Finished Spring Data repository scanning in 68 ms. Found 1 JPA repository interface.
2026-08-05T16:22:22.700+02:00  INFO 3320 --- [simpleFetchData] [main] o.s.boot.tomcat.TomcatWebServer          : Tomcat initialized with port 8080 (http)
2026-08-05T16:22:22.728+02:00  INFO 3320 --- [simpleFetchData] [main] o.apache.catalina.core.StandardService   : Starting service [Tomcat]
2026-08-05T16:22:22.730+02:00  INFO 3320 --- [simpleFetchData] [main] o.apache.catalina.core.StandardEngine    : Starting Servlet engine: [Apache Tomcat/11.0.22]
2026-08-05T16:22:22.864+02:00  INFO 3320 --- [simpleFetchData] [main] b.w.c.s.WebApplicationContextInitializer : Root WebApplicationContext: initialization completed in 2528 ms
2026-08-05T16:22:23.180+02:00  INFO 3320 --- [simpleFetchData] [main] org.hibernate.orm.jpa                    : HHH008540: Processing PersistenceUnitInfo [name: default]
2026-08-05T16:22:23.271+02:00  INFO 3320 --- [simpleFetchData] [main] org.hibernate.orm.core                   : HHH000001: Hibernate ORM core version 7.4.1.Final
2026-08-05T16:22:24.063+02:00  INFO 3320 --- [simpleFetchData] [main] o.s.o.j.p.SpringPersistenceUnitInfo      : No LoadTimeWeaver setup: ignoring JPA class transformer
2026-08-05T16:22:24.125+02:00  INFO 3320 --- [simpleFetchData] [main] com.zaxxer.hikari.HikariDataSource       : HikariPool-1 - Starting...
2026-08-05T16:22:24.509+02:00  INFO 3320 --- [simpleFetchData] [main] com.zaxxer.hikari.pool.HikariPool        : HikariPool-1 - Added connection conn0: url=jdbc:h2:file:./db/clienti user=SA
2026-08-05T16:22:24.512+02:00  INFO 3320 --- [simpleFetchData] [main] com.zaxxer.hikari.HikariDataSource       : HikariPool-1 - Start completed.
2026-08-05T16:22:24.661+02:00  INFO 3320 --- [simpleFetchData] [main] org.hibernate.orm.connections.pooling    : HHH10001005: Database info:
	Database JDBC URL [jdbc:h2:file:./db/clienti]
	Database driver: H2 JDBC Driver
	Database dialect: H2Dialect
	Database version: 2.4.240
	Default catalog/schema: CLIENTI/PUBLIC
	Autocommit mode: undefined/unknown
	Isolation level: READ_COMMITTED [default READ_COMMITTED]
	JDBC fetch size: 100
	Pool: DataSourceConnectionProvider
	Minimum pool size: undefined/unknown
	Maximum pool size: undefined/unknown
2026-08-05T16:22:25.972+02:00  INFO 3320 --- [simpleFetchData] [main] org.hibernate.orm.core                   : HHH000489: No JTA platform available (set 'hibernate.transaction.jta.platform' to enable JTA platform integration)
2026-08-05T16:22:26.052+02:00  INFO 3320 --- [simpleFetchData] [main] j.LocalContainerEntityManagerFactoryBean : Initialized JPA EntityManagerFactory for persistence unit 'default'
2026-08-05T16:22:26.190+02:00  INFO 3320 --- [simpleFetchData] [main] o.s.d.j.r.query.QueryEnhancerFactories   : Hibernate is in classpath; If applicable, HQL parser will be used.
2026-08-05T16:22:26.499+02:00  WARN 3320 --- [simpleFetchData] [main] JpaBaseConfiguration$JpaWebConfiguration : spring.jpa.open-in-view is enabled by default. Therefore, database queries may be performed during view rendering. Explicitly configure spring.jpa.open-in-view to disable this warning
2026-08-05T16:22:27.122+02:00  INFO 3320 --- [simpleFetchData] [main] o.s.b.h.a.H2ConsoleAutoConfiguration     : H2 console available at '/h2-console'. Database available at 'jdbc:h2:file:./db/clienti'
2026-08-05T16:22:27.235+02:00  INFO 3320 --- [simpleFetchData] [main] o.s.boot.tomcat.TomcatWebServer          : Tomcat started on port 8080 (http) with context path '/'
2026-08-05T16:22:27.254+02:00  INFO 3320 --- [simpleFetchData] [main] it.eng.spring.demo.DemoApplication       : Started DemoApplication in 7.9 seconds (process running for 8.885)
2026-08-05T16:22:31.278+02:00  INFO 3320 --- [simpleFetchData] [http-nio-8080-exec-1] o.a.c.c.C.[Tomcat].[localhost].[/]       : Initializing Spring DispatcherServlet 'dispatcherServlet'
2026-08-05T16:22:31.279+02:00  INFO 3320 --- [simpleFetchData] [http-nio-8080-exec-1] o.s.web.servlet.DispatcherServlet        : Initializing Servlet 'dispatcherServlet'
2026-08-05T16:22:31.283+02:00  INFO 3320 --- [simpleFetchData] [http-nio-8080-exec-1] o.s.web.servlet.DispatcherServlet        : Completed initialization in 3 ms
2026-08-05T16:35:21.973+02:00  INFO 2508 --- [simpleFetchData] [main] it.eng.spring.demo.DemoApplication       : Starting DemoApplication using Java 21.0.11 with PID 2508 (C:\Users\soliveri\workspace\BE\simple-fetch-data\target\classes started by soliveri in C:\Users\soliveri\workspace\BE\simple-fetch-data)
2026-08-05T16:35:21.979+02:00  INFO 2508 --- [simpleFetchData] [main] it.eng.spring.demo.DemoApplication       : No active profile set, falling back to 1 default profile: "default"
2026-08-05T16:35:23.370+02:00  INFO 2508 --- [simpleFetchData] [main] .s.d.r.c.RepositoryConfigurationDelegate : Bootstrapping Spring Data JPA repositories in DEFAULT mode.
2026-08-05T16:35:23.445+02:00  INFO 2508 --- [simpleFetchData] [main] .s.d.r.c.RepositoryConfigurationDelegate : Finished Spring Data repository scanning in 61 ms. Found 1 JPA repository interface.
2026-08-05T16:35:24.185+02:00  INFO 2508 --- [simpleFetchData] [main] o.s.boot.tomcat.TomcatWebServer          : Tomcat initialized with port 8080 (http)
2026-08-05T16:35:24.223+02:00  INFO 2508 --- [simpleFetchData] [main] o.apache.catalina.core.StandardService   : Starting service [Tomcat]
2026-08-05T16:35:24.223+02:00  INFO 2508 --- [simpleFetchData] [main] o.apache.catalina.core.StandardEngine    : Starting Servlet engine: [Apache Tomcat/11.0.22]
2026-08-05T16:35:24.317+02:00  INFO 2508 --- [simpleFetchData] [main] b.w.c.s.WebApplicationContextInitializer : Root WebApplicationContext: initialization completed in 2254 ms
2026-08-05T16:35:24.638+02:00  INFO 2508 --- [simpleFetchData] [main] org.hibernate.orm.jpa                    : HHH008540: Processing PersistenceUnitInfo [name: default]
2026-08-05T16:35:24.735+02:00  INFO 2508 --- [simpleFetchData] [main] org.hibernate.orm.core                   : HHH000001: Hibernate ORM core version 7.4.1.Final
2026-08-05T16:35:25.464+02:00  INFO 2508 --- [simpleFetchData] [main] o.s.o.j.p.SpringPersistenceUnitInfo      : No LoadTimeWeaver setup: ignoring JPA class transformer
2026-08-05T16:35:25.526+02:00  INFO 2508 --- [simpleFetchData] [main] com.zaxxer.hikari.HikariDataSource       : HikariPool-1 - Starting...
2026-08-05T16:35:25.818+02:00  INFO 2508 --- [simpleFetchData] [main] com.zaxxer.hikari.pool.HikariPool        : HikariPool-1 - Added connection conn0: url=jdbc:h2:file:./db/clienti user=SA
2026-08-05T16:35:25.820+02:00  INFO 2508 --- [simpleFetchData] [main] com.zaxxer.hikari.HikariDataSource       : HikariPool-1 - Start completed.
2026-08-05T16:35:25.913+02:00  INFO 2508 --- [simpleFetchData] [main] org.hibernate.orm.connections.pooling    : HHH10001005: Database info:
	Database JDBC URL [jdbc:h2:file:./db/clienti]
	Database driver: H2 JDBC Driver
	Database dialect: H2Dialect
	Database version: 2.4.240
	Default catalog/schema: CLIENTI/PUBLIC
	Autocommit mode: undefined/unknown
	Isolation level: READ_COMMITTED [default READ_COMMITTED]
	JDBC fetch size: 100
	Pool: DataSourceConnectionProvider
	Minimum pool size: undefined/unknown
	Maximum pool size: undefined/unknown
2026-08-05T16:35:26.928+02:00  INFO 2508 --- [simpleFetchData] [main] org.hibernate.orm.core                   : HHH000489: No JTA platform available (set 'hibernate.transaction.jta.platform' to enable JTA platform integration)
2026-08-05T16:35:26.992+02:00  INFO 2508 --- [simpleFetchData] [main] j.LocalContainerEntityManagerFactoryBean : Initialized JPA EntityManagerFactory for persistence unit 'default'
2026-08-05T16:35:27.118+02:00  INFO 2508 --- [simpleFetchData] [main] o.s.d.j.r.query.QueryEnhancerFactories   : Hibernate is in classpath; If applicable, HQL parser will be used.
2026-08-05T16:35:27.440+02:00  WARN 2508 --- [simpleFetchData] [main] JpaBaseConfiguration$JpaWebConfiguration : spring.jpa.open-in-view is enabled by default. Therefore, database queries may be performed during view rendering. Explicitly configure spring.jpa.open-in-view to disable this warning
2026-08-05T16:35:28.058+02:00  INFO 2508 --- [simpleFetchData] [main] o.s.b.h.a.H2ConsoleAutoConfiguration     : H2 console available at '/h2-console'. Database available at 'jdbc:h2:file:./db/clienti'
2026-08-05T16:35:28.149+02:00  INFO 2508 --- [simpleFetchData] [main] o.s.boot.tomcat.TomcatWebServer          : Tomcat started on port 8080 (http) with context path '/'
2026-08-05T16:35:28.159+02:00  INFO 2508 --- [simpleFetchData] [main] it.eng.spring.demo.DemoApplication       : Started DemoApplication in 6.843 seconds (process running for 7.48)
2026-08-05T16:35:35.074+02:00  INFO 2508 --- [simpleFetchData] [http-nio-8080-exec-1] o.a.c.c.C.[Tomcat].[localhost].[/]       : Initializing Spring DispatcherServlet 'dispatcherServlet'
2026-08-05T16:35:35.074+02:00  INFO 2508 --- [simpleFetchData] [http-nio-8080-exec-1] o.s.web.servlet.DispatcherServlet        : Initializing Servlet 'dispatcherServlet'
2026-08-05T16:35:35.078+02:00  INFO 2508 --- [simpleFetchData] [http-nio-8080-exec-1] o.s.web.servlet.DispatcherServlet        : Completed initialization in 3 ms
2026-08-05T16:36:54.416+02:00  INFO 2508 --- [simpleFetchData] [http-nio-8080-exec-1] i.e.spring.demo.services.ClienteService  : 33
2026-08-05T16:37:28.272+02:00  INFO 2508 --- [simpleFetchData] [http-nio-8080-exec-5] i.e.spring.demo.services.ClienteService  : 34
2026-08-05T16:39:36.944+02:00  INFO 2508 --- [simpleFetchData] [http-nio-8080-exec-6] i.e.spring.demo.services.ClienteService  : 35
2026-08-05T16:40:02.714+02:00  INFO 23088 --- [simpleFetchData] [main] it.eng.spring.demo.DemoApplication       : Starting DemoApplication using Java 21.0.11 with PID 23088 (C:\Users\soliveri\workspace\BE\simple-fetch-data\target\classes started by soliveri in C:\Users\soliveri\workspace\BE\simple-fetch-data)
2026-08-05T16:40:02.720+02:00  INFO 23088 --- [simpleFetchData] [main] it.eng.spring.demo.DemoApplication       : No active profile set, falling back to 1 default profile: "default"
2026-08-05T16:40:04.126+02:00  INFO 23088 --- [simpleFetchData] [main] .s.d.r.c.RepositoryConfigurationDelegate : Bootstrapping Spring Data JPA repositories in DEFAULT mode.
2026-08-05T16:40:04.191+02:00  INFO 23088 --- [simpleFetchData] [main] .s.d.r.c.RepositoryConfigurationDelegate : Finished Spring Data repository scanning in 54 ms. Found 1 JPA repository interface.
2026-08-05T16:40:04.918+02:00  INFO 23088 --- [simpleFetchData] [main] o.s.boot.tomcat.TomcatWebServer          : Tomcat initialized with port 8080 (http)
2026-08-05T16:40:04.939+02:00  INFO 23088 --- [simpleFetchData] [main] o.apache.catalina.core.StandardService   : Starting service [Tomcat]
2026-08-05T16:40:04.939+02:00  INFO 23088 --- [simpleFetchData] [main] o.apache.catalina.core.StandardEngine    : Starting Servlet engine: [Apache Tomcat/11.0.22]
2026-08-05T16:40:05.022+02:00  INFO 23088 --- [simpleFetchData] [main] b.w.c.s.WebApplicationContextInitializer : Root WebApplicationContext: initialization completed in 2228 ms
2026-08-05T16:40:05.339+02:00  INFO 23088 --- [simpleFetchData] [main] org.hibernate.orm.jpa                    : HHH008540: Processing PersistenceUnitInfo [name: default]
2026-08-05T16:40:05.465+02:00  INFO 23088 --- [simpleFetchData] [main] org.hibernate.orm.core                   : HHH000001: Hibernate ORM core version 7.4.1.Final
2026-08-05T16:40:06.274+02:00  INFO 23088 --- [simpleFetchData] [main] o.s.o.j.p.SpringPersistenceUnitInfo      : No LoadTimeWeaver setup: ignoring JPA class transformer
2026-08-05T16:40:06.319+02:00  INFO 23088 --- [simpleFetchData] [main] com.zaxxer.hikari.HikariDataSource       : HikariPool-1 - Starting...
2026-08-05T16:40:06.601+02:00  INFO 23088 --- [simpleFetchData] [main] com.zaxxer.hikari.pool.HikariPool        : HikariPool-1 - Added connection conn0: url=jdbc:h2:file:./db/clienti user=SA
2026-08-05T16:40:06.604+02:00  INFO 23088 --- [simpleFetchData] [main] com.zaxxer.hikari.HikariDataSource       : HikariPool-1 - Start completed.
2026-08-05T16:40:06.683+02:00  INFO 23088 --- [simpleFetchData] [main] org.hibernate.orm.connections.pooling    : HHH10001005: Database info:
	Database JDBC URL [jdbc:h2:file:./db/clienti]
	Database driver: H2 JDBC Driver
	Database dialect: H2Dialect
	Database version: 2.4.240
	Default catalog/schema: CLIENTI/PUBLIC
	Autocommit mode: undefined/unknown
	Isolation level: READ_COMMITTED [default READ_COMMITTED]
	JDBC fetch size: 100
	Pool: DataSourceConnectionProvider
	Minimum pool size: undefined/unknown
	Maximum pool size: undefined/unknown
2026-08-05T16:40:07.724+02:00  INFO 23088 --- [simpleFetchData] [main] org.hibernate.orm.core                   : HHH000489: No JTA platform available (set 'hibernate.transaction.jta.platform' to enable JTA platform integration)
2026-08-05T16:40:07.789+02:00  INFO 23088 --- [simpleFetchData] [main] j.LocalContainerEntityManagerFactoryBean : Initialized JPA EntityManagerFactory for persistence unit 'default'
2026-08-05T16:40:07.956+02:00  INFO 23088 --- [simpleFetchData] [main] o.s.d.j.r.query.QueryEnhancerFactories   : Hibernate is in classpath; If applicable, HQL parser will be used.
2026-08-05T16:40:08.353+02:00  WARN 23088 --- [simpleFetchData] [main] JpaBaseConfiguration$JpaWebConfiguration : spring.jpa.open-in-view is enabled by default. Therefore, database queries may be performed during view rendering. Explicitly configure spring.jpa.open-in-view to disable this warning
2026-08-05T16:40:08.974+02:00  INFO 23088 --- [simpleFetchData] [main] o.s.b.h.a.H2ConsoleAutoConfiguration     : H2 console available at '/h2-console'. Database available at 'jdbc:h2:file:./db/clienti'
2026-08-05T16:40:09.089+02:00  INFO 23088 --- [simpleFetchData] [main] o.s.boot.tomcat.TomcatWebServer          : Tomcat started on port 8080 (http) with context path '/'
2026-08-05T16:40:09.100+02:00  INFO 23088 --- [simpleFetchData] [main] it.eng.spring.demo.DemoApplication       : Started DemoApplication in 6.979 seconds (process running for 7.536)
2026-08-05T16:40:14.524+02:00  INFO 23088 --- [simpleFetchData] [http-nio-8080-exec-1] o.a.c.c.C.[Tomcat].[localhost].[/]       : Initializing Spring DispatcherServlet 'dispatcherServlet'
2026-08-05T16:40:14.525+02:00  INFO 23088 --- [simpleFetchData] [http-nio-8080-exec-1] o.s.web.servlet.DispatcherServlet        : Initializing Servlet 'dispatcherServlet'
2026-08-05T16:40:14.527+02:00  INFO 23088 --- [simpleFetchData] [http-nio-8080-exec-1] o.s.web.servlet.DispatcherServlet        : Completed initialization in 2 ms
2026-08-05T16:40:15.054+02:00  INFO 23088 --- [simpleFetchData] [http-nio-8080-exec-1] i.e.spring.demo.services.ClienteService  : 65
